Codigo Proveedor ;Nombre ;Descripcionlarga;Detalle ;Familia;Clase ;Costo ;PreciolistaLT06E;Lavarropa Electrotrolux  6Kg;Lavarropa Electrolux Carga Superior Palet 6 Kg 9 Prog Blanco ;"Marca Electrolux
Tipo de Producto LAVADORA
Color BLANCO
Programas 9 PROGRAMAS
Modelo LT06E
Tipo de carga CARCA SUPERIOR
Carga de lavado Kg 6 KG
Tipo de Panel PANEL CON PERILLAS
Tamaño 1040 x 540 x 610
";13;13001;1981000;2773400EWIE08F5MMW;Lavarropa Electrolux 8Kg;Lavarropa Electrolux carga superior Impel 8 Kg 8 Prog Blanco;"Marca Electrolux
Tipo de Producto LAVADORA
Color BLANCO
Programas 8 PROGRAMAS
Modelo EWIE08F5MMW
Tipo de carga CARCA SUPERIOR
Carga de lavado Kg 8 kG
Tipo de Panel PANEL CON BOTONES
Tamaño 530 x 930 x 542";13;13001;2254000;3155600LC10;Lavarropa Electrolux 10Kg;Lavarropa Electrolux Carga Superior Palet 10 Kg 12 Programas de lavado ;"Marca Electrolux
Tipo de Producto LAVADORA
Color BLANCO
Programas 12 PROGRAMAS
Modelo LC10
Tipo de carga CARCA SUPERIOR
Carga de lavado Kg 10 KG
Tipo de Panel PANEL CON PERILLAS
Tamaño 1035 x 537 x 588";13;13001;2699000;3778600LC12;Lavarropa Electrolux 12Kg;Lavarropa Electrolux Carga Superior Palet 12 Kg 12 Programas de lavado ;"Marca Electrolux
Tipo de Producto LAVADORA
Color BLANCO
Programas 12 PROGRAMAS
Modelo LC12
Tipo de carga CARCA SUPERIOR
Carga de lavado Kg 12 KG
Tipo de Panel PANEL CON PERILLAS
Tamaño 1046 x 590 x 665";13;13001;2838000;3973200LTD11;Lavarropa Electrolux 11Kg;Lavarropa  Electrolux Carga Superior Palet 11 Kg 12 Programas de lavado ;"Marca Electrolux
Tipo de Producto LAVADORA
Color GRIS
Programas 6 PROGRAMAS
Modelo EWIV12D5OSGSG
Tipo de carga CARCA SUPERIOR
Carga de lavado Kg 12 KG
Tipo de Panel PANEL CON BOTONES
Tamaño 950 x 570 x 592";13;13001;2818000;3945200EWIV12D5OSGSG;Lavarropa Electrolux 12Kg;Lavarropa  Electrolux Carga Superior Impel 12 Kg 6 Programas;"Marca Electrolux
Tipo de Producto LAVADORA
Color GRIS
Programas 6 PROGRAMAS
Modelo EWIV12D5OSGSG
Tipo de carga CARCA SUPERIOR
Carga de lavado Kg 12 KG
Tipo de Panel PANEL CON BOTONES
Tamaño 950 x 570 x 592";13;13001;2728000;3819200LC13Q;Lavarropa Electrolux 13 kg;Lavarropa Electrolux  Carga Superior Palet Autocal 13 kilos ;Lavarropa Electrolux  Carga Superior Palet Autocal 13 kilos ;13;13001;3462000;4846800LI13Y;Lavarropa Electrolux 13Kg;Lavarropa  Electrolux Carga Superior  Palet 13 Kg 12 Programas de lavado ;"Capacidad: 13 kg. 
Através de un compartimiento específico de la lavadora libera el jabón líquido en el momento adecuado. 
Canasta de acero inoxidable.
Filtro para pelusas. 
5 Niveles de agua. 
12 programas de lavado. 
Turbo seco. ";13;13001;2973000;4162200L13AQ;Lavarropa Electrolux 13Kg;Lavarropa  Electrolux Carga Superior Palet Autocal 13 Kg;"Marca Electrolux
Tipo de Producto LAVADORA
Características C/AUTOCALENTAMIENTO
Color BLANCO
Programas 12 PROGRAMAS
Modelo L13AQ
Tipo de carga CARCA SUPERIOR
Carga de lavado Kg 13 KG
Tipo de Panel PANEL CON PERILLAS";13;13001;3566000;4992400EWIV14D5OSGSG;Lavarropa Electrolux 14Kg;Lavarropa  Electrolux  Carga Superior Impel 14 Kg 6 Programas ;"Marca Electrolux
Tipo de Producto LAVADORA
Color GRIS
Programas 6 PROGRAMAS
Modelo EWIV14D5OSGSG
Tipo de carga CARCA SUPERIOR
Carga de lavado Kg 14 KG
Tipo de Panel PANEL CON BOTONES
Tamaño 985 x 600 x 626";13;13001;3612000;5056800LI14Y;Lavarropa Electrolux 14Kg;Lavarropa Electrolux Carga Superior Impel 14 Kg 12 Programas;"Tecnologia Jet&Clean
Dispensador autolimpiante
Dispensador Multibox
Silent Control (Lavarropa ultra silencioso) 
Filtro atrapa pelusas
Cesto de acero inoxidable
Capacidad de 14 Kg de ropa
Perfect Dilution (Disolucion perfecta de Jabon y suavizante) 
Turbo agitacion ";13;13001;3118000;4365200LC16Y;Lavarropa Electrolux 16Kg;Lavarropa  Electrolux Carga Superior Palet 16 Kg;"Dispensador multicompartimientos
Dispensador autolimpiante
Perfect Dilution 
Turbo lavado
Aprovechamiento del agua con funcion de reutilizacion 
Programas especiales para edredones y calzados
Funcion lavado del cesto
Rendimiento y practicidad en el dia a dia";13;13001;3467000;4853800L16AY;Lavarropa Electrolux 16Kg ;Lavarropa  Electrolux Carga Superior Palet 16 Kg 12 Programas;"Marca Electrolux
Tipo de Producto LAVADORA
Color BLANCO
Programas 12 PROGRAMAS
Modelo L16AY
Tipo de carga CARCA SUPERIOR
Carga de lavado Kg 16 KG
Tipo de Panel PANEL CON PERILLAS
Tamaño 1020 x 660 x 730";13;13001;3571000;4999400LI22Y;Lavarropa Electrolux 22Kg;Lavarropa  Electrolux carga superior Impel 22 Kg 12 Programas;"Rotación: 630 rpm
12 Progranas
Color Blanco
Altura: 102 cm
Ancho: 66 cm
Prof: 73 cm";13;13001;3570001;4998001,4EWFB06E5VSSW;Lavarropa Electrolux  6Kg;Lavarropa Electrolux Carga Frontal 6 Kg 15 Prog Blanco;"Panel intuitivo Desarrollado por ingenieros y consumidores con una única función: facilitar su entendimiento y anticipar sus necesidades.
Limpieza de la cesta Esta función hace automáticamente la limpieza de la máquina evitando que los residuos de otros lavados se depositen en la ropa.
Avanza etapas Con una sola tecla, usted puede parar o avanzar la programación de la máquina y luego reanudar desde donde se detuvo.
Programa Tenis / Edredón Programas predeterminados para limpieza de tenis, edredón y cama / baño. Facilitan el trabajo y conservan su ropa.";13;13001;2603000;3644200EWFB08E5VSSW;Lavarropa Electrolux 8Kg ;Lavarropa  Electrolux Carga Frontal 8 Kg 15 Programas  Blanco;"Marca Electrolux
Tipo de Producto LAVADORA
Color BLANCO
Programas 12 PROGRAMAS
Modelo L22IY
Tipo de carga CARCA SUPERIOR
Carga de lavado Kg 22 KG
Tipo de Panel PANEL CON PERILLAS
Tamaño 1020 x 660 x 730";13;13001;3469000;4856600EWFH10H5EW;Lavarropa Electrolux 10 Kg;Lavarropa  Electrolux Carga Frontal 10 Kg;"Marca Electrolux
Tipo de Producto LAVADORA
Color BLANCO
Programas 6 PROGRAMAS
Modelo EWFB06E5VSSW
Tipo de carga CARGA FRONTAL
Carga de lavado Kg 6 KG
Tipo de Panel PANEL CON BOTONES
Tamaño 84,5 x 59,7 x 49,7";13;13001;5676000;7946400EWFH11D5QW;Lavarropa Electrolux 11Kg;Lavarropa  Electrolux Carga Frontal Inver 11 Kg 14 Prog B;"Marca Electrolux
Tipo de Producto LAVADORA
Color BLANCO
Programas 6 PRGRAMAS
Modelo EWFB08E5VSSW
Tipo de carga CARGA FRONTAL
Carga de lavado Kg 8 KG
Tipo de Panel PANEL CON BOTONES
Tamaño 84,5 x 59,7 x 55,7";13;13001;7805001;10927001,4EDEC06M5JSNW;Secadora Electrolux 6Kg;Secadora  Electrolux Carga Frontal 6 Kg 4 Prog Blanco;"Capacidad: 10,2 Kg
Dispenser Multibox: Total libertad para utilizar el jabón + blanqueador en polvo o líquido y suavizante.
Dilución inteligente: Perfecta mezcla de los insumos, antes del contacto con la ropa, evitando manchas.
Turbo agitación: si
Reutilización del agua: si
Limpieza del cesto: si
12 programas
Filtro: si.";13;13002;2912000;4076800EDEH08H5EW;Secadora Electrolux 8Kg;Secadora  Electrolux Carga Frontal Invert 8 Kg 8 Prog Bl;"Marca Electrolux
Tipo de Producto LAVADORA
Color BLANCO
Programas 14 PROGRAMAS
Modelo EWFH11D5QW
Tecnología INVERTER
Tipo de carga CARGA FRONTAL
Carga de lavado Kg 11 KG
Tipo de Panel PANEL CON BOTONES";13;13002;7991000;11187400EWD11S;Lavasecarropa Electrolux 11/7Kg;Lavasecarropa  Electrolux caega Frontal Invert. 11 kg de lavado y 7Kg de secado. Inox;"Marca Electrolux
Tipo de Producto SECADORA
Color BLANCO
Programas 4 PROGRAMAS
Modelo EDEC06M5JSNW
Carga de lavado Kg 6 KG
Tipo de Panel Panel con Perillas
Tamaño 600 x 700 x 585
Consumo 2,42 (KWh/ciclo)";13;13005;5643000;7900200EWD08B;Lavasecarropa Electrolux 8/5Kg;Lavasecarropa  Electrolux  Carga Frontal Invert. 8kg de lavado y 5Kg. De secado Blanco;"Marca Electrolux
Tipo de Producto SECADORA
Características BOMBA DE CALOR, MOTOR ECOINVERTER
Color BLANCO
Programas 14 PROGRAMAS
Modelo EDEH08H5EW
Tecnología INVERTER
Carga de lavado Kg 8 KG
Tipo de Panel Panel LCD TOUCH";13;13005;4736001;6630401,4EHFB10T5MSCQS;Lavavajilla Electrolux 10 ;Lavavajilla  Electrolux 10cubiertos  Serv 6 Programas - Inox;"Motor Inverter DD con Smart Motion y 10 años de garantía en el motor.
Tecnología True Steam.Tecnología Eco Hybrid Dry.
Smart Diagnosis
Filtro de Pelusas inteligente.
Opción de Lavado Diferido y Air Dry
Limpieza de Tambor.
 Motion DD.";15;15008;5564000;7789600EHFB14T5MSCQS;Lavavajilla Electrolux 14 ;Lavavajilla  Electrolux 14 cubiertos  Serv 6 Prog - Inox;"Marca Electrolux
Tipo de Producto LAVADORA
Color BLANCO
Programas 6 PRGRAMAS
Modelo EWFB08E5VSSW
Tipo de carga CARGA FRONTAL
Carga de lavado Kg 8 KG
Tipo de Panel PANEL CON BOTONES
Tamaño 84,5 x 59,7 x 55,7";15;15008;6373000;8922200GT60X;Anafe Electrolux Gas 4 Bocas ;Anafe  Electrolux Gas 4 Bocas Conv Inox;"Marca Electrolux
Tipo de Producto LAVAVAJILLA
Capacidad 10 SERVICIOS
Color INOX
Programas 6 PROGRAMAS
Modelo EHFB10T5MSCQS
Tamaño 830 x 448 x 605
Consumo A (eficiencia energética)";15;15004;1497000;2095800GC58V;Anafe Electrolux Gas 4 Bocas;Anafe  Electrolux Gas 4 Bocas Vidrio Negro;"Marca Electrolux
Tipo de Producto LAVAVAJILLA
Capacidad 14 SERVICIOS
Color INOX
Programas 6 PROGRAMAS
Modelo EHFB14T5MSCQS
Tamaño 830 x 598 x 605
Consumo A (eficiencia energética)";15;15004;1198000;1677200GT75X;Anafe  Electrolux Gas 5 Bocas ;Anafe  Electrolux Gas 5 Bocas Conv Inox;"Marca Electrolux
Tipo de Producto ANAFE
Cantidad de Hornallas 4 HORNALLAS
Tipo de funcionamiento GAS
Capacidad 9.700 Watt
Características Especiales HORNALLA TRIPLE LLAMA
Color INOX
Modelo GT60X
Tamaño 55 x 602 x 522";15;15004;1616000;2262400ETIH3022EMB;Anafe Electrolux Induccion 2 ;Anafe Electrolux Induccion 2 Bocas 14 Pot;"Marca Electrolux
Tipo de Producto ANAFE
Cantidad de Hornallas 4 HORNALLAS
Tipo de funcionamiento GAS
Capacidad 11.400 Watt
Características Especiales HORNALLA TRIPLE LLAMA
Color NEGRO
Modelo GC58V
Tamaño 55 x 580 x 460";15;15004;2390000;3346000EHED63CS;Anafe  Electrolux Induccion 4 ;Anafe  Electrolux Induccion   4 Bocas 9 Pot Negro;"Marca Electrolux
Tipo de Producto ANAFE
Cantidad de Hornallas 5 HORNALLAS
Tipo de funcionamiento GAS
Capacidad 12.400 Watt
Características Especiales HORNALLA TRIPLE LLAMA
Color INOX
Modelo GT75X
Tamaño 62 x 752 x 522";15;15004;3933001;5506201,4ETEF24F7ESB;Anafe  Electrolux Vitro 4 Horn;Anafe Electrolux Vitroceramica 4 Hornallas;"Marca Electrolux
Tipo de Producto ANAFE
Cantidad de Hornallas 5 HORNALLAS
Tipo de funcionamiento GAS
Capacidad 12.400 Watt
Características Especiales HORNALLA TRIPLE LLAMA
Color VIDRIO ESPEJADO
Modelo GC75P
Tamaño 20 x 695 x 480";15;15004;3221000;450940052SMC;Cocina  Electrolux 4 Bocas 59 L 1 Horno;Cocina  Electrolux 4 Bocas 59 Litros 1 Horno Blanco;"Mesa sellada Flexibilidad de instalación Botones individuales extraíbles Eficiencia energética extraíble Belleza, modernidad y limpieza. Hace que sea más rápido preparar la comida.
Eficiencia Energética: A
Número De Hornallas: 5
Encendido: Superautomático
Material De Las Rejillas: Acero esmaltado
Peso Del Producto (Kg):10
Dimensiones (Alto X Ancho X Prof.) Mm: 100 x 730 x 460
Dimensiones Del Nicho (Ancho X Prof.) Mm: 150 x 650 x 415";15;15006;1754000;245560056DEB;Cocina  Electrolux 4 Bocas 69/39 L 2 Horno;Cocina  Electrolux 4 Bocas 69/39 Litros 2 Horno Blan;"Marca Electrolux
Tipo de Producto ANAFE
Cantidad de Hornallas 2 HORNALLAS
Tipo de funcionamiento INDUCCION
Capacidad 4.200 Watt
Color NEGRO
Modelo ETIH3022EMB
Niveles de potencia 14 NIVELES DE POTENCIA
Tamaño 47 x 300 x 520";15;15006;4635000;648900050SSC;Cocina  Electrolux 4 Bocas 57 L 1 Horno;Cocina  Electrolux 4 Bocas 57 Litros 1 Horno Silver;"Marca Electrolux
Tipo de Producto ANAFE
Cantidad de Hornallas 4 HORNALLAS
Tipo de funcionamiento INDUCCION
Capacidad 7.400 Watt
Color NEGRO
Modelo EHED63CS
Niveles de potencia 9 NIVELES DE POTENCIA
Tamaño 50 x 610 x 515";15;15006;1622000;227080056DAX;Cocina  Electrolux 4 Bocas 69/39 L 2 Horno;Cocina  Electrolux 4 Bocas 69/39 Litros 2 Horno Silv;"Marca Electrolux
Tipo de Producto ANAFE
Cantidad de Hornallas 4 HORNALLAS
Tipo de funcionamiento VITROCERAMICA
Capacidad 5,8 Watt
Color NEGRO
Modelo ETEF24F7ESB
Niveles de potencia 9 NIVELES DE POTENCIA
Tamaño 55 x 590 x 520";15;15006;4841000;677740050SBC;Cocina  Electrolux 4 Bocas 57 L 1 Horno;Cocina  Electrolux 4 Bocas 57 Litros 1 Horno Blanco;"Modelo:50SBF.
Color Gris.
Horno auto limpiante.
Cantidad de Quemadores. 4.
Ancho: 51 cm.
Alto 95 cm.
Fondo: 59 cm.";15;15006;1559000;218260050SBF;Cocina  Electrolux 4 Bocas 57 L 1 Horno;Cocina  Electrolux 4 Bocas 57 Litros 1 Horno Blanca;"Marca Electrolux
Tipo de Producto COCINA
Cantidad de Hornallas 4 HORNALLAS
Cantidad de hornos DOBLE HORNO
Tipo de funcionamiento GAS / ELECTRICO
Capacidad 67,7 LITROS - 38,8 LITROS
Características Especiales HORNALLA TRIPLE LLAMA, GRILL ELÉCTRICO
Color BLANCO
Modelo 56DEB";15;15006;1514000;211960056DBQ;Cocina  Electrolux 4 Bocas 67,7/38,8 ;Cocina  Electrolux 4 Bocas 67,7/38,8 2 Hornos Silv;"Marca Electrolux
Tipo de Producto COCINA
Cantidad de Hornallas 4 HORNALLAS
Cantidad de hornos HORNO SIMPLE
Tipo de funcionamiento GAS
Capacidad 57 LITROS
Color GRIS
Modelo 50SSC
Tamaño 930 x 512 x 590";15;15006;4635000;648900056DXQ;Cocina  Electrolux 4 Bocas 69/39 L ;Cocina  Electrolux 4 Bocas 69/39 Litros 2 Horno Silv;"DOBLE HORNO ELECTRICO ARRIBA, ABAJO GAS
FUNCIÓN MANTENER CALIENTE
PARRILLAS DE MATT STEEL 
NUEVO MATERIAL, MAS LEVE Y RESISTENTE
4 HORNALLAS 
1 QUEMADOR TRIPLE LLAMAS
DISEÑO MODERNO Y COMPACTO
MANIJA DE ACERO CEPILLADO 
PERILLAS TERMO-PLASTICO
??TAPA DE VIDRIO REMOVIBLE VALANCEADO
??VIDRIO INTERIOR REMOVIBLE
??NUEVO SISTEMA ABRE FACIL
??LUJO Y COMODIDAD";15;15006;4841000;677740056TAX;Cocina  Electrolux 4 Bocas 59L ;Cocina  Electrolux 4 Bocas 59Litros C/ Horno Silver;"Marca Electrolux
Tipo de Producto COCINA
Cantidad de Hornallas 4 HORNALLAS
Cantidad de hornos HORNO SIMPLE
Tipo de funcionamiento GAS
Capacidad 57 LITROS
Color BLANCO
Modelo 50SBC
Tamaño 930 x 512 x 590";15;15006;3556000;497840056GXQ;Cocina  Electrolux 4 Bocas 69,5 Lts;Cocina  Electrolux 4 Bocas 69,5 Lts C/ Horno - Silve;"Modelo:50SBF.
Color Gris.
Horno auto limpiante.
Cantidad de Quemadores. 4.
Ancho: 51 cm.
Alto 95 cm.
Fondo: 59 cm.";15;15006;4017000;562380076XDR;Cocina  Electrolux 5 Bocas 94/39 L 2 Horno;Cocina  Electrolux 5 Bocas 94/39 Litros 2 Horno Gris;"Marca Electrolux
Tipo de Producto COCINA
Cantidad de Hornallas 4 HORNALLAS
Cantidad de hornos DOBLE HORNO
Tipo de funcionamiento GAS / ELECTRICO
Capacidad 67,7 LITROS - 38,8 LITROS
Características Especiales HORNALLA TRIPLE LLAMA, GRILL ELÉCTRICO
Color GRIS
Modelo 56DBQ";15;15006;5843000;818020076BDR;Cocina  Electrolux 5 Bocas 94/39 L 2 Horno;Cocina  Electrolux 5 Bocas 94/39 Litros 2 Hornos Negro;"Marca Electrolux
Tipo de Producto COCINA
Cantidad de Hornallas 4 HORNALLAS
Cantidad de hornos DOBLE HORNO
Tipo de funcionamiento GAS / ELECTRICO
Capacidad 67,7 LITROS - 38,8 LITROS
Características Especiales HORNALLA TRIPLE LLAMA, GRILL ELÉCTRICO
Color GRIS
Modelo 56DXQ";15;15006;5960000;834400076SAS;Cocina  Electrolux 5 Bocas 96L;Cocina  Electrolux 5 Bocas 96 Litros 1 Horno Silver;"Marca Electrolux
Tipo de Producto COCINA
Cantidad de Hornallas 4 HORNALLAS
Cantidad de hornos HORNO SIMPLE
Tipo de funcionamiento GAS
Capacidad 67,7 LITROS - 38,8 LITROS
Color GRIS
Modelo 56TAX
Tamaño 960 x 560 x 680";15;15006;4527001;633780176RKS;Cocina  Electrolux A Gas 5 Bocas;Cocina  Electrolux A Gas 5 Bocas;"Marca Electrolux
Tipo de Producto COCINA
Cantidad de Hornallas 4 HORNALLAS
Cantidad de hornos HORNO SIMPLE
Tipo de funcionamiento GAS / ELECTRICO
Capacidad 67,7 LITROS - 38,8 LITROS
Características Especiales HORNALLA TRIPLE LLAMA, GRILL ELÉCTRICO
Color GRIS
Modelo 56GXQ";15;15006;4515000;632100076DTX;Cocina  Electrolux 5 Bocas 75/28L ;Cocina  Electrolux 5 Bocas 75/28 Litros 2 Hornos Sil;"Marca Electrolux
Tipo de Producto COCINA
Cantidad de Hornallas 5 HORNALLAS
Cantidad de hornos DOBLE HORNO
Tipo de funcionamiento GAS / ELECTRICO
Capacidad 94,5 LITROS - 38,8 LITROS
Características Especiales HORNALLA TRIPLE LLAMA, GRILL ELÉCTRICO
Color GRIS
Modelo 76XGD";15;15006;5925000;829500076STB;Cocina  Electrolux 5 Bocas 93L ;Cocina  Electrolux 5 Bocas 93 Litros 1 Horno Blanco;"Horno autolimpiante
Horno Superior Electrico e Inferior a Gas
Hornalla triple llamas
Timer 
Grafismo laser
Tapa de vidrio removible y balanceada
Vidrio interno del horno removible
frente total en vidrio
amplia Vision del horno
Manija de aluminio
Encendido automatico
Hornallas selladas
";15;15006;4224000;591360076XGD;Cocina  Electrolux 5 Bocas 94/39L;Cocina  Electrolux 5 Bocas 94/39 Litros 2 Hornos Sil;"Tapa de Vidrio Removible y Balanceada
Vidrio interno del horno removible (para una mejor limpieza) 
Horno autolimpiante
Rejillas indiciduales
Botones removibles
Grafismo a laser
Hornalla triple llama
Grill Electrico
Puerta Full Glass (Frente totalmente de vidrio espejado) 
Manija en aluminio
Hornallas selladas
Sistema de seguridad corta Gas
Panel de comando superior (en la mesada) ";15;15006;8253000;1155420076DXR;Cocina  Electrolux 5 Bocas 94,5/38,8 Lts;Cocina  Electrolux 5 Bocas 94,5/38,8 Lts. 2Hornos Sl;"Marca Electrolux
Tipo de Producto COCINA
Cantidad de Hornallas 5 HORNALLAS
Cantidad de hornos HORNO SIMPLE
Tipo de funcionamiento GAS
Capacidad 96,5 LITROS
Características Especiales HORNALLA TRIPLE LLAMA, GRILL ELÉCTRICO
Color GRIS
Modelo 76GSR";15;15006;5843000;818020076GSR;Cocina  Electrolux 5 Bocas 96,5L ;Cocina  Electrolux 5 Bocas 96,5 Litros 1 Horno Sil;"DOBLE HORNO ELECTRICO ARRIBA, ABAJO GAS
FUNCIÓN MANTENER CALIENTE
PARRILLAS DE MATT STEEL 
NUEVO MATERIAL, MAS LEVE Y RESISTENTE
4 HORNALLAS 
1 QUEMADOR TRIPLE LLAMAS
DISEÑO MODERNO Y COMPACTO
MANIJA DE ACERO CEPILLADO 
PERILLAS TERMO-PLASTICO
??TAPA DE VIDRIO REMOVIBLE VALANCEADO
??VIDRIO INTERIOR REMOVIBLE
??NUEVO SISTEMA ABRE FACIL
??LUJO Y COMODIDAD
";15;15006;4527001;633780176DBR;Cocina  Electrolux 5 Bocas 94/39L ;Cocina  Electrolux 5 Bocas 94/39 Litros 2 Hornos Bla;"Marca Electrolux
Tipo de Producto COCINA
Cantidad de Hornallas 5 HORNALLAS
Cantidad de hornos HORNO SIMPLE
Tipo de funcionamiento GAS
Capacidad 93,2 LITROS
Características Especiales HORNALLA TRIPLE LLAMA, GRILL ELÉCTRICO
Color BLANCO
Modelo 76STB";15;15006;5960000;8344000EOEI24M5TSCRB;Horno Electrolux  Elect Empot 59 L Negro;Horno Electrolux  electricorico Empot 59 Litros Negro;"Marca Electrolux
Tipo de Producto COCINA
Cantidad de Hornallas 5 HORNALLAS
Cantidad de hornos DOBLE HORNO
Tipo de funcionamiento GAS / ELECTRICO
Capacidad 94,5 LITROS - 38,8 LITROS
Características Especiales HORNALLA TRIPLE LLAMA, GRILL ELÉCTRICO
Color GRIS
Modelo 76XGD";15;15002;2576000;3606400EOED24M2CMSM;Horno Electrolux  Elect Empot 66L ;Horno Electrolux  electricorico Empot 66 Litros No Conv Inox;"Marca Electrolux
Tipo de Producto COCINA
Cantidad de Hornallas 5 HORNALLAS
Cantidad de hornos DOBLE HORNO
Tipo de funcionamiento GAS / ELECTRICO
Capacidad 94,5 LITROS - 38,8 LITROS
Características Especiales HORNALLA TRIPLE LLAMA, GRILL ELÉCTRICO
Color GRIS
Modelo 76DXR";15;15002;2475000;3465000EOEG24H7MPNS;Horno Electrolux  Elect Empot 70L ;Horno Electrolux  electricorico Empot 70 Litros Con Conv Neg;"Marca Electrolux
Tipo de Producto COCINA
Cantidad de Hornallas 5 HORNALLAS
Cantidad de hornos HORNO SIMPLE
Tipo de funcionamiento GAS
Capacidad 96,5 LITROS
Características Especiales HORNALLA TRIPLE LLAMA, GRILL ELÉCTRICO
Color GRIS
Modelo 76GSR";15;15002;4747001;6645801EOCC24T7MPQS;Horno Electrolux  Elect Empot 80L;Horno Electrolux  electricorico Empot 80 Litros Con Conv Ino;"Marca Electrolux
Tipo de Producto COCINA
Cantidad de Hornallas 5 HORNALLAS
Cantidad de hornos DOBLE HORNO
Tipo de funcionamiento GAS / ELECTRICO
Capacidad 94,5 LITROS - 38,8 LITROS
Características Especiales HORNALLA TRIPLE LLAMA, GRILL ELÉCTRICO
Color GRIS
Modelo 76DXR";15;15002;6411000;8975400EMDL17S5GPLW;Microonda  Electrolux 17 Litros;Microondas Electrolux  17 Litros;"Marca Electrolux
Tipo de Producto HORNO
Tipo de calentamiento S/CONVECCIÓN
Tipo de funcionamiento ELÉCTRICO
Capacidad 52 LITROS
Color NEGRO
Modelo EOEI24M5TSCRB
Tipo de Panel PANEL CON BOTONES REMOVIBLES
Tamaño 598 x 597 x 478";15;15003;467000;653800EMDN20S5MLG;Microonda  Electrolux 20 Litros Gris;Microondas Electrolux  20 Litros Gris;"Marca Electrolux
Tipo de Producto HORNO
Tipo de calentamiento S/CONVECCIÓN
Tipo de funcionamiento ELÉCTRICO
Capacidad 66 LITROS
Color INOX
Modelo EOED24M2CMSM
Tipo de Panel PANEL CON BOTONES REMOVIBLES
Tamaño 585 x 600 x 460";15;15003;744000;1041600EMDN20S5MLW;Microonda  Electrolux Dig 20L ;Microonda  Electrolux Digital 20 Litros S/Grill Blan;"Marca Electrolux
Tipo de Producto HORNO
Tipo de calentamiento C/CONVECCIÓN
Tipo de funcionamiento ELÉCTRICO
Capacidad 80 LITROS
Características GRILL ELÉCTRICO
Color INOX
Modelo EOEG24H7MPNS
Tipo de Panel PANEL BLUE TOUCH";15;15003;659000;922600EMDN31G5MNW;Microonda  Electrolux Digital 31L Blan;Microonda  Electrolux Digital 31 Litros C/Grill Blan;"Vidrio Triple para mejor aislamiento del calor
Timer con sonido
Revestimiento de esmalte antiadherente
Panel de control blue touch totalmente digital
Sistema de Conveccion ";15;15003;931000;1303400EMDN31G5MNS;Microonda  Electrolux Digital 31L Silv;Microonda  Electrolux Digital 31 Litros C/Grill Silv;"Marca Electrolux
Tipo de Producto MICROONDA
Capacidad 17 LITROS
Color BLANCO
Modelo EMDL17S5GPLW
Grill SIN GRILL
Tipo de Panel PANEL DIGITAL
Tamaño 262 x 452 x 337
Consumo 700 WATT";15;15003;1168000;1635200EMTP28G5MCMSM;Microonda  Electrolux Digital 28 L Inox.;Microonda  Electrolux Digital 28 Litros Inox.;"Marca Electrolux
Tipo de Producto MICROONDA
Capacidad 20 LITROS
Color BLANCO
Modelo EMDN20S5MLW
Grill SIN GRILL
Tipo de Panel PANEL DIGITAL
Tamaño 262 x 452 x 344
Consumo 700 WATT";15;15003;2578000;3609200EMTP28G5MPSB;Microonda  Electrolux Digital 28 L Negro;Microonda  Electrolux Digital 28 Litros Negro;"Marca Electrolux
Tipo de Producto MICROONDA
Capacidad 20 LITROS
Color BLANCO
Modelo EMDN20S5MLW
Grill SIN GRILL
Tipo de Panel PANEL DIGITAL
Tamaño 262 x 452 x 344
Consumo 700 WATT";15;15003;2201000;3081400EJWI24S5APKS;Campana Electrolux  Extract Conv De Pared 60 Cm Silv;Campana Electrolux  Extract Conv De Pared 60 Cm Silv;"Marca Electrolux
Tipo de Producto MICROONDA
Capacidad 31 LITROS
Color BLANCO
Modelo EMDN31G5MNW
Grill CON GRILL
Tipo de Panel PANEL DIGITAL
Tamaño 306 x 513 x 430
Consumo 1100 WATT";15;15005;2125000;2975000EJWJ24S5APKS;Campana Electrolux  Extract Conv De Pared 60 Cm Silv;Campana Electrolux  Extract Conv De Pared 60 Cm Silv;"Marca Electrolux
Tipo de Producto MICROONDA
Capacidad 31 LITROS
Color SILVER
Modelo EMDN31G5MNS
Grill CON GRILL
Tipo de Panel PANEL DIGITAL
Tamaño 306 x 513 x 430
Consumo 1100WATT";15;15005;2255000;3157000EJWCP365TEKS;Campana Electrolux  Extract Vidrio D Pared;Campana Electrolux  Extract Vidrio De Pared 90 Cm Si;"Capacidad 28 litros
Interior en acero inoxidable
Manija en acero cepillado
Panel digital
Función Grill
Timer
Menú descongelar
Menú platos rápidos
Bloqueo electrónico.";15;15005;2520000;3528000EJWG36S5AJS;Campana Electrolux  Extract 90 Cm Silver;Campana Electrolux  Extract 90 Cm Silver;"Función Grill
Menú descongelar
Función Mantener caliente
Panel Blue Touch
28 litros de capacidad
Tecla Porción
Menu Día a Día
Menu Gourmet
Bloqueo de seguridad
Apaga Display
Interior de acero inox
10 niveles de potencia
Función Elimina Olores
Función Mudo";15;15005;2811001;3935401,4EJSEP245TBKW;Purificador Electrolux  Horiz 60 Cm Blanco;Purificador Electrolux  Horizontal 60 Cm Blanco;" Diseño moderno y diferenciado
Cuerpo y torre en acero inoxidable.
Luz indicadora de funcionamiento
Indica cuando el producto está prendido
Vapores eliminados al ambiente
Si las condiciones físicas del área de la cocina son
adecuadas se puede instalar el sistema de ducto que extrae
los vapores y grasas, enviándolos al ambiente.
3 velocidades
Permite regular la velocidadad de acuerdo con la necesidad
y el tipo de alimento que se está preparando
Alta capacidad de succión";15;15005;880000;1232000EJSEP365TBKW;Purificador Electrolux  Horiz 90 Cm Blanco;Purificador Electrolux  Horizontal 90 Cm Blanco;"Marca Electrolux
Tipo de Producto CAMPANA
Capacidad 903 (m?/h)
Color INOX
Modelo EJWJ24S5APKS
Tipo de Panel CONTROL POR BOTONES
Tamaño 600/100 x 598 x 480";15;15005;935000;1309000ERD92G5HPW;Frigobar Electrolux  93 Litros Blanco;Frigobar Electrolux  93 Litros Blanco;"Campana extractora de pared 24” / 90cm
 Control electrónico
 Acero inox.
Función apagado autom.
3 velocidades,
2 filtros Cassette + 2 filtros de carbón.
2 lámparas Filtro de aluminio.";5;5001;1720000;2408000ERTM20G5HPW;Heladera Electrolux  Hum. 2P 212 L B;Heladera Electrolux  F/Humedo 2 Puertas 212 Litros B;3 velocidades, funcion de apagado automatico de 15 min., luz indicadora de encendido y apagado, 2 lamparas halogenas, 3 filtros (1 casette 2 de carbon);5;5001;2012000;2816800RE31;Heladera Electrolux  Hum. 1 Puerta 240L Bl;Heladera Electrolux  F/Humedo 1 Puerta 240 Litros Bl;"Marca Electrolux
Tipo de Producto PURIFICADOR
Capacidad 280 (m?/h)
Color BLANCO
Modelo EJSEP245TBKW
Tipo de Panel CONTROL POR BOTONES
Tamaño 140 x 595 x 495
Consumo 205 Watt";5;5001;1468000;2055200RE31G;Heladera Electrolux  Hum. 1 Puerta 240L Gr;Heladera Electrolux  F/Humedo 1 Puerta 240 Litros Gr;"Marca Electrolux
Tipo de Producto PURIFICADOR
Capacidad 280 (m?/h)
Color BLANCO
Modelo EJSEP365TBKW
Tipo de Panel CONTROL POR BOTONES
Tamaño 140 x 800 x 45";5;5001;1675000;2345000ERTM28G5HRW;Heladera Electrolux  Hum. 2P 252 L B;Heladera Electrolux  F/Humedo 2 Puertas 252 Litros B;"Marca Electrolux
Tipo de Producto FRIGOBAR
Capacidad 92 LITROS
Color BLANCO
Modelo ERD92G5HPW
Tamaño 850 x 480 x 445
Consumo 12,17 (kWh/mes)";5;5001;2292000;3208800DC35A;Heladera Electrolux  Hum. 2P 260 L B;Heladera Electrolux  F/Humedo 2 Puertas 260 Litros B;"Marca Electrolux
Tipo de Producto HELADERA
Capacidad 212 LITROS
Tipo de deshielo FRIO HUMEDO
Modalidad de puertas 2 PUERTAS
Color BLANCO
Modelo ERTM20G5HPW
Tamaño 1430 x 580 x 550
Consumo 23,1 (kWh/mes)";5;5001;2326000;3256400DC35G;Heladera Electrolux  Hum. 2P 260 L G;Heladera Electrolux  F/Humedo 2 Puertas 260 Litros G;"Marca Electrolux
Tipo de Producto HELADERA
Capacidad 240 LITROS
Tipo de deshielo FRIO HUMEDO
Modalidad de puertas 1 PUERTA
Color BLANCO
Modelo RE31
Tamaño 1416 x 550 x 613
Consumo 23,7 (kWh/mes)";5;5001;2398000;3357200DF35A;Heladera Electrolux  Seco 2P 261 L Bla;Heladera Electrolux  F/Seco 2 Puertas 261 Litros Bla;"Marca Electrolux
Tipo de Producto HELADERA
Capacidad 240 LITROS
Tipo de deshielo FRIO HUMEDO
Modalidad de puertas 1 PUERTA
Color GRIS
Modelo RE31G
Tamaño 1416 x 550 x 613
Consumo 23,7 (kWh/mes)";5;5001;2994000;4191600DF35X;Heladera Electrolux  Seco 2P 261 L Ino;Heladera Electrolux  F/Seco 2 Puertas 261 Litros Ino;"Marca Electrolux
Tipo de Producto HELADERA
Capacidad 252 LITROS
Tipo de deshielo FRIO HUMEDO
Modalidad de puertas 2 PUERTAS
Color BLANCO
Modelo ERTM28G5HRW
Tamaño 1600 x 600 x 600
Consumo 25,23 (kWh/mes)";5;5001;3427001;4797801,4DF36X;Heladera Electrolux  Seco 2P 261 L Ino;Heladera Electrolux  F/Seco 2 Puertas 261 Litros Ino;"Marca Electrolux
Tipo de Producto HELADERA
Capacidad 260 LITROS
Tipo de deshielo FRIO HUMEDO
Modalidad de puertas 2 PUERTAS
Color BLANCO
Modelo DC35A
Tamaño 1619 x 550 x 613
Consumo 38,4 (KWh/mes)";5;5001;3270000;4578000ERTM45F5HPW;Heladera Electrolux  Hum. 2P C/Disp 311 L;Heladera Electrolux  F/Humedo 2 Puertas C/Disp 311 L;"Marca Electrolux
Tipo de Producto HELADERA
Capacidad 260 LITROS
Tipo de deshielo FRIO HUMEDO
Modalidad de puertas 2 PUERTAS
Color GRIS
Modelo DC35G
Tamaño 1619 x 550 x 613
Consumo 38,4 (KWh/mes)";5;5001;2838000;3973200DC44;Heladera Electrolux  Hum. 2P 362 L Bla;Heladera Electrolux  F/Hum. 2 Puertas 362 Litros Bla;"Marca Electrolux
Tipo de Producto HELADERA
Capacidad 261 LITROS
Tipo de deshielo FRIO SECO
Modalidad de puertas 2 PUERTAS
Color BLANCO
Modelo DF35A
Tamaño 1707 x 548 x 613
Consumo 39(kWh/mes)";5;5001;2909000;4072600DC44G;Heladera Electrolux  Hum. 2P 362 L Gri;Heladera Electrolux  F/Hum. 2 Puertas 362 Litros Gri;"Marca Electrolux
Tipo de Producto HELADERA
Capacidad 261 LITROS
Tipo de deshielo FRIO SECO
Modalidad de puertas 2 PUERTAS
Color GRIS
Modelo DF35X
Tamaño 1707 x 548 x 613
Consumo 39 (kWh/mes)";5;5001;2961000;4145400DFN41;Heladera Electrolux  Seco 2P 371 L Bla;Heladera Electrolux  F/Seco 2 Puertas 371 Litros Bla;"Marca Electrolux
Tipo de Producto HELADERA
Capacidad 261 LITROS
Tipo de deshielo FRIO SECO
Modalidad de puertas 2 PUERTAS
Color GRIS
Modelo DF35X
Tamaño 1707 x 548 x 613
Consumo 39 (kWh/mes)";5;5001;3546000;4964400DFX41;Heladera Electrolux  Seco 2P 371 L Ino;Heladera Electrolux  F/Seco 2 Puertas 371 Litros Ino;"4 estantes de vidrio Templado
Cajon transparente para frutas y verduras 
Dispenser de Agua
Frío Humedo
Capacidad neta total (litros): 311
Capacidad neta refrigerador (litros): 234
Capacidad neta congelador (litros): 77
Peso (kg): 52
Color: Blanco
Alto x Ancho x Prof. (mm): 11718 x 595 x 595
Tipo de deshielo: Frio humedo
Gas refrigerante: R600a";5;5001;3932000;5504800DW42X;Heladera Electrolux  Seco 2P 380 L Ino;Heladera Electrolux  F/Seco 2 Puertas 380 Litros Ino;"Marca Electrolux
Tipo de Producto HELADERA
Capacidad 362 LITROS
Tipo de deshielo FRO HUMEDO
Modalidad de puertas 2 PUERTAS
Color BLANCO
Modelo DC44
Tamaño 1738 x 600 x 690
Consumo 46 (KWh/mes)";5;5001;4825000;6755000DF42;Heladera Electrolux  Seco 2P 382 L Bla;Heladera Electrolux  F/Seco 2 Puertas 382 Litros Bla;"Marca Electrolux
Tipo de Producto HELADERA
Capacidad 362 LITROS
Tipo de deshielo FRIO HUMEDO
Modalidad de puertas 2 PUERTAS
Color GRIS
Modelo DC44G
Tamaño 1738 x 600 x 690
Consumo 46 (kWh/mes)";5;5001;3788000;5303200DW44S;Heladera Electrolux  2 Puertas 400 Litros;Heladera Electrolux  2 Puertas 400 Litros;"Marca Electrolux
Tipo de Producto HELADERA
Capacidad 371 LITROS
Tipo de deshielo FRIO SECO
Modalidad de puertas 2 PUERTAS
Color BLANCO
Modelo DFN41
Tamaño 600 x 681 x 1790";5;5001;5511000;7715400IF55S;Heladera Electrolux  Seco 2P Inver 431L;Heladera Electrolux  F/Seco 2 Puertas Inver 431 Litr;"Marca Electrolux
Tipo de Producto HELADERA
Capacidad 371 LITROS
Tipo de deshielo FRIO SECO
Modalidad de puertas 2 PUERTAS
Color INOX
Modelo DFX41
Tamaño 600 x 681 x 1790";5;5001;5121001;7169401,4DB53X;Heladera Electrolux  Y Freezer 454L;Heladera Electrolux  F/Seco Freezer Abajo 454 Litros;"Marca Electrolux
Tipo de Producto HELADERA
Capacidad 286 LITROS
Tipo de deshielo FRIO SECO
Modalidad de puertas 2 PUERTAS
Características Especiales Dispenser de Agua, Panel Blue Touch
Color INOX
Modelo DW42X
Tamaño 1785 x 600 x 760";5;5001;6077000;8507800IB53X;Heladera Electrolux  Freezer Inver 454;Heladera Electrolux  F/Seco Freezer Abajo Inver 454;"Marca Electrolux
Tipo de Producto HELADERA
Capacidad 288 LITROS
Tipo de deshielo FRIO SECO
Modalidad de puertas 2 PUERTAS
Color BLANCO
Modelo DF42
Tamaño 1785 x 600 x 760
Consumo 51 (kWh/mes)";5;5001;6386001;8940401,4DWA51;Heladera Electrolux  Seco 2P 458 L Bla;Heladera Electrolux  F/Seco 2 Puertas 458 Litros Bla;"Marca Electrolux
Tipo de Producto HELADERA
Capacidad 400 LITROS
Tipo de deshielo FRIO SECO
Modalidad de puertas 2 PUERTAS
Características Especiales Dispenser de Agua, Panel Blue Touch
Color INOX
Modelo DW44S
Tamaño 600 x 760 x 1863";5;5001;4922000;6890800TF52X;Heladera Electrolux  Seco 2P 464 L Ino;Heladera Electrolux  F/Seco 2 Puertas 464 Litros Ino;"Marca Electrolux
Tipo de Producto HELADERA
Capacidad 303 LITROS
Tipo de deshielo FRIO SECO
Modalidad de puertas 2 PUERTAS
Características Especiales Panel Blue Touch
Color INOX
Modelo IF55S
Tecnología INVERTER";5;5001;5352001;7492801,4TF56S;Heladera Electrolux  2P 473L-Frio Seco-Gr;Heladera Electrolux  2 Puertas 473L-Frio Seco-Gris;"Marca Electrolux
Tipo de Producto HELADERA
Capacidad 454 LITROS
Tipo de deshielo FRIO SECO
Modalidad de puertas 2 PUERTAS
Características Especiales Frezzer Abajo, Panel Blue Touch
Color INOX
Modelo DB53X
Tamaño 1895 x 692 x 802";5;5001;5292000;7408800ERSO52B5HQS;Heladera Electrolux  Seco Side 517L;Heladera Electrolux  F/Seco Side By Side Inver 517 L;"Marca Electrolux
Tipo de Producto HELADERA
Capacidad 454 LITROS
Tipo de deshielo FRIO SECO
Modalidad de puertas 2 PUERTAS
Características Especiales Frezzer Abajo, Panel Blue Touch
Color INOX
Modelo IB53X
Tecnología INVERTER";5;5001;9557000;13379800ERSB51J5MQS;Heladera Electrolux  Seco Side Inver C/Dis;Heladera Electrolux  F/Seco Side By Side Inver C/Dis;"Panel Blue Touch. Sistema multi  ow. Anaqueles movibles en la puerta de la
heladera y freezer. Dispenser de agua. Porta latas 8 unidades. Función   esta
compra y vacaciones. Anaqueles de
vidrio templado. Huevera. Traba-bo-
tellas. Ice twister. Drink express. Turbo
congelamiento. Cajón doble de frutas
y verduras. Alt: 183 An: 70,2 Prof: 76,1 cm";5;5001;12910000;18074000DF82X;Heladera Electrolux  Seco 2P 533L Ino;Heladera Electrolux  F/Seco 2 Puertas 533 Litros Ino;"Panel Blue touch 
Estanterias Fast Adapt
Súper Freezer  con capacidad 114 litros.
Turbo Freezer 
Drink Express
ICE Twister 
Refrigerador compacto
Eficiencia energética A";5;5001;7496000;10494400DM84X;Heladera Electrolux  Seco Multidoor 579L;Heladera Electrolux  F/Seco Multidoor 579 Litros Ino;"Marca Electrolux
Tipo de Producto HELADERA
Capacidad 346 LITROS
Tipo de deshielo FRIO SECO
Modalidad de puertas 2 PUERTAS
Características Especiales Panel Blue Touch
Color INOX
Modelo TF56S
Tamaño 1890 x 700 x 732";5;5001;9981000;13973400DB83X;Heladera Electrolux /Freezer ;Heladera Electrolux /Freezer Abajo/Frío Seco/598 L;"Marca Electrolux
Tipo de Producto HELADERA
Capacidad 517 LITROS
Tipo de deshielo FRIO SECO
Modalidad de puertas 2 PUERTAS
Características Especiales Side by Side, Panel Blue Touch
Color INOX
Modelo ERSO52B5HQS
Tecnología INVERTER";5;5001;8205000;11487000DB84X;Heladera Electrolux  Seco Freezer Abajo;Heladera Electrolux  F/Seco Freezer Abajo 598 Litros;"Marca Electrolux
Tipo de Producto HELADERA
Capacidad 280 LITROS
Tipo de deshielo FRIO SECO
Modalidad de puertas 2 PUERTAS
Características Especiales Side by Side, Dispenser de Agua y Hielo, Panel Blue Touch
Color INOX
Modelo ERSB51J5MQS
Tecnología INVERTER";5;5001;8205000;11487000DM85X;Heladera Electrolux  Seco Multidoor 538 L ;Heladera Electrolux  F/Seco Multidoor 538 Litros Ino;"Marca Electrolux
Tipo de Producto HELADERA
Capacidad 553 LITROS
Tipo de deshielo FRIO SECO
Modalidad de puertas 2 PUERTAS
Características Especiales Panel Blue Touch
Color INOX
Modelo DF82X
Tamaño 809 x 750 x 1915";5;5001;13401000;18761400DM90X;Heladera Electrolux  Seco Multidoor Inver ;Heladera Electrolux  F/Seco Multidoor Inver C/Disp 5;"Marca Electrolux
Tipo de Producto HELADERA
Capacidad 579 LITROS
Tipo de deshielo FRIO SECO
Modalidad de puertas MULTIDOOR
Características Especiales Frezzer Abajo, Panel Blue Touch
Color INOX
Modelo DM84X
Tamaño 1900 x 835 x 795";5;5001;17683001;24756201,4FE18;Congelador Electrolux  Vertical 145 Litros;Congelador Electrolux  Vertical 145 Litros;"Dos estantes retráctiles: optimización del espacio y adecuación de acuerdo con lo que se almacene.
Funciones en el panel Blue Touch: adaptan la temperatura de acuerdo con la ocasión.
Gaveta Hortinatura: Preserva frutas y verduras por hasta un 60% más tiempo que cajones comunes (resultado aferido en lechuga crespa, lechuga lisa y rúcula).
Mayor refrigerador Bottom freezer dos puertas, estantes deslizantes y encajables: organiza en la puerta del refrigerador de acuerdo a su necesidad.
Potes herméticos: para condimentos y pequeñas frutas, se pueden asignar en la partición del cajón, en la puerta del congelador o del refrigerador, o en cualquier lugar dentro del producto.
Refrigerador más flexible del mercado: más de 7.000 posibilidades de diseño para adaptarlo a diferentes ocasiones.
Frio seco.
Exclusivo anaquel con Beauty Box.
Porta huevos de silicona.
Posibilidad de almacenamiento de botellas con hasta 2.5 lts.
Alt: 190 An: 83,5 Prof.: 75 cm.";5;5002;1996000;2794400FE22;Congelador Electrolux  Vertical 173 Litros;Congelador Electrolux  Vertical 173 Litros;"Marca Electrolux
Tipo de Producto HELADERA
Capacidad 598 LITROS
Tipo de deshielo FRIO SECO
Modalidad de puertas 2 PUERTAS
Características Especiales Frezzer Abajo, Panel Blue Touch
Color INOX
Modelo DB84X
Tamaño 1905 x 835 x 750";5;5002;2046000;2864400FE26;Congelador Electrolux  Vertical 218 Litros;Congelador Electrolux  Vertical 218 Litros;"Potes herméticos: para condimentos y pequeñas frutas, se pueden asignar en la partición del cajón, en la puerta del congelador o del refrigerador, o en cualquier lugar dentro del producto.
Refrigerador más flexible del mercado: más de 7.000 posibilidades de diseño para adaptarlo a diferentes ocasiones.
Frio seco.
Exclusivo anaquel con Beauty Box.
Porta huevos de silicona.
Posibilidad de almacenamiento de botellas con hasta 2.5 lts.
Alt: 190 An: 83,5 Prof.: 75 cm.
";5;5002;2738000;3833200EFUP22P5HRG;Congelador Electrolux  Vertical 245 Litros;Congelador Electrolux  Vertical 245 Litros;"Panel Blue Touch 
Supercongelador de 177 litros 
Compartimento Enfriador de vinos
Estantes Removibles
Gabeta Flexispace
Puertas Asietricas independientes
Permite acceder a los alimentos abriendo solamente una puerta con mínima dispersión de la temperatura.
Dispenser de Agua y Hielo";5;5002;4174000;5843600EFCC25C5HQW;Congelador Electrolux  Horiz. 200 L;Congelador Electrolux  Horizontal 200 Litros;"Marca Electrolux
Tipo de Producto CONGELADOR
Capacidad 179 LITROS
Formato de Freezer VERTICAL
Modalidad de puertas 1 PUERTA
Color BLANCO
Modelo FE18
Tamaño 1307 x 550 x 645";5;5002;2240000;3136000EFCC32C5HQW;Congelador Electrolux  Horiz. 318 L;Congelador Electrolux  Horizontal 318 Litros;"Marca Electrolux
Tipo de Producto CONGELADOR
Capacidad 215 LITROS
Formato de Freezer VERTICAL
Modalidad de puertas 1 PUERTA
Color BLANCO
Modelo FE22
Tamaño 1519 x 550 x 645";5;5002;2789001;3904601,4H330;Congelador Electrolux  Horiz.  324L Blanco;Congelador Electrolux  Horizontal  324L Blanco;"Marca Electrolux
Tipo de Producto CONGELADOR
Capacidad 253 LITROS
Formato de Freezer VERTICAL
Modalidad de puertas 1 PUERTA
Color BLANCO
Modelo FE26
Tamaño 1731 x 550 x 645";5;5002;2800001;3920001,4H420;Congelador Electrolux  Horiz. 414 L;Congelador Electrolux  Horizontal 414 Litros;"Marca Electrolux
Tipo de Producto CONGELADOR
Capacidad 245 LITROS
Formato de Freezer VERTICAL
Modalidad de puertas 1 PUERTA
Color SILVER
Modelo EFUP22P5HRG
Tamaño 600 x 600 x 1700";5;5002;3183000;4456200H440;Congelador Electrolux  Horiz. 414 L;Congelador Electrolux  Horizontal 414 Litros;"Modo automático de congelación rápida
Doble función
4 ruedas de movimiento fácil
Manijas con cerradura
Iluminación LED
Refrigerante R600 Eco Gas
1 cesto de plástico
Garantía del compresor de 3 años";5;5002;3278000;4589200H520;Congelador Electrolux  Horiz. 513 L;Congelador Electrolux  Horizontal 513 Litros;"freezer horizontal
Bisagras flotantes
Manijas empotradas
Llave de seguridad
Luces de encendido
Decongelamiento Practico";5;5002;3486000;4880400H550;Congelador Electrolux  Horiz. 513 L;Congelador Electrolux  Horizontal 513 Litros;"Turbo Freezer
Cerradura de seguridad
Bajo consumo de energía
Función Dual
Panel frontal intuitivo
Pintura resistente
Cesto alambrado";5;5002;3591000;5027400EAIX12B5MBCTW;Split Electrolux  Inverter  12000Btu;Inver Electrolux ter Split  12000Btu;"Marca Electrolux
Tipo de Producto CONGELADOR
Capacidad 414 LITROS
Formato de Freezer HORIZONTAL
Modalidad de puertas 2 PUERTAS
Color BLANCO
Modelo H420
Tamaño 920 x 1307 x 760
Consumo 86,2 (KWh/mes)";25;25004;2990000;4186000EAIX18B5MBCTW;Split Electrolux  Inverter 18000Btu;Inver Electrolux ter Split  18000Btu;"Marca Electrolux
Tipo de Producto CONGELADOR
Capacidad 414 LITROS
Formato de Freezer HORIZONTAL
Modalidad de puertas 2 PUERTAS
Color BLANCO
Modelo H420
Tamaño 920 x 1307 x 760
Consumo 86,2 (KWh/mes)";25;25004;4708000;6591200EAIX24B5MBCTW;Split Electrolux  Inverter 24000 Btu;Split Electrolux  Inverter 24000 Btu;"Marca Electrolux
Tipo de Producto CONGELADOR
Capacidad 513 LITROS
Formato de Freezer HORIZONTAL
Modalidad de puertas 2 PUERTAS
Color BLANCO
Modelo H520
Tamaño 920 x 1557 x 760
Consumo 100 (KWh/mes)";25;25004;7082000;9914800EASX12B5MBETW;Split Electrolux  Convenc 12000 Btu;Split Electrolux  Convencional 12000 Btu;"Marca Electrolux
Tipo de Producto CONGELADOR
Capacidad 513 LITROS
Formato de Freezer HORIZONTAL
Modalidad de puertas 2 PUERTAS
Color BLANCO
Modelo H520
Tamaño 920 x 1557 x 760
Consumo 100 (KWh/mes)";25;25004;2442000;3418800EASX18B5MBETW;Split Electrolux  Convenc 18000 Btu;Split Electrolux  Convencional 18000 Btu;"Carbon Activo 
Polvo filtro multifuncion
Filtro de Catequinas y Filtros de Vitaminas C
Pantalla LED
Modo de AutoDiagnostico
GAS R410A (Ecologico) 
Funcion Sleep
Ahorro de hasta 60% de Energia";25;25004;3946000;5524400EASX24B5MBETW;Split Electrolux  Convenc 24000Btu;Split Electrolux  Convencional 24000Btu;"Aire Acondicionado INVERTER 18.000BTU Electrolux EAIX18B5MBCTW

Carbon Activo 
Polvo filtro multifuncion
Filtro de Catequinas y Filtros de Vitaminas C
Pantalla LED
Modo de AutoDiagnostico
GAS R410A (Ecologico) 
Funcion Sleep
Ahorro de hasta 60% de Energia";25;25004;5518000;7725200ATBC1700BH;Bicicleta Athletic 1700Bh;Bicicleta Athletic 1700Bh / 150Kg, Disco De Inercia De 5Kg ;"Marca Electrolux
Tipo de Producto AIRE ACONDICIONADO
Medida 700 x 955 x 396
Color BLANCO
Tipo SPLIT
Modelo EAIX24B5MBCTW
Gas R410A
Ciclo frio calor FRIO CALOR
Tecnología INVERTER";3;3001;4829200;6760880ATBC500BH;Bicicleta Athletic 500Bh;Bicicleta Athletic 500Bh / 120Kg, Volante 5Kg;"Marca Electrolux
Tipo de Producto AIRE ACONDICIONADO
Medida 550 x 710 x 261
Color BLANCO
Tipo SPLIT
Modelo EASX12B5MBETW
Gas R410A
Ciclo frio calor FRIO CALOR
Tecnología CONVENCIONAL";3;3001;2344100;3281740ATBC290BH;Bicicleta Athletic Vert 290Bh;Bicicleta Athletic Vertical 290Bh / 110Kg, Volante 4Kg;"Marca Electrolux
Tipo de Producto AIRE ACONDICIONADO
Medida 596 x 899 x 378
Color BLANCO
Tipo SPLIT
Modelo EASX18B5MBETW
Gas R410A
Ciclo frio calor FRIO CALOR
Tecnología CONVENCIONAL
";3;3001;2051500;2872100ATBC1700BV;Bicicleta Athletic 1700Bv;Bicicleta Athletic 1700Bv  / 150Kg, Disco De Inercia De 5Kg ;"Marca Electrolux
Tipo de Producto AIRE ACONDICIONADO
Medida 700 x 955 x 396
Color BLANCO
Tipo SPLIT
Modelo EASX24B5MBETW
Gas R410A
Ciclo frio calor FRIO CALOR
Tecnología CONVENCIONAL";3;3001;3619100;5066740ATBC500BV;Bicicleta Athletic 500Bv ;Bicicleta Athletic 500Bv  / 110Kg, Volante 5Kg ;"Marca ATHLETIC
Color NEGRO
Límite de Peso Usuario 150 KG
Niveles de esfuerzo 8
Disco de inercia 9 KG
Modelo 1700BH
Programas de entrenamiento 8
Tipo de Bicicleta HORIZONTAL
Tipo de Producto BIC. ESTATICAS";3;3001;2518900;3526460ATBC290BV;Bicicleta Athletic Vert 290Bv;Bicicleta Athletic Vertical 290Bv / 110Kg, Volante 4Kg ;"Funciones: Velocidad, tiempo, distancia, calorías, pulso.
Volante: 5 kg con PMS (Sistema Magnético Permanente)
Resistencia: ajuste manual con 8 niveles.
Peso máximo del usuario: 120kg
Dimensiones: 1455x665x1135 cm.";3;3001;1758900;2462460ATSP7500BS;Bicicleta Indoor Athl 7500Bs ;Bicicleta Indoor Athletic 7500Bs / 150 Kg, Disco De Inercia 20Kg;"Marca ATHLETIC
Límite de Peso Usuario 110 KG
Niveles de esfuerzo 8
Disco de inercia 4 KG
Modelo 290BH
Programas de entrenamiento 4
Tipo de Bicicleta HORIZONTAL
Tipo de Producto BIC. ESTATICAS
Tipo de Resistencia MAGNÉTICA";3;3001;2868000;4015200ATSP7000BS;Bicicleta Indoor Athl 7000Bs;Bicicleta Indoor Athletic 7000Bs;"Marca ATHLETIC
Color NEGRO
Límite de Peso Usuario 150 KG
Disco de inercia 9 KG
Modelo 1700BV
Programas de entrenamiento 4
Tipo de Bicicleta VERTICAL
Tipo de Producto BIC. ESTATICAS
Tipo de Resistencia MAGNÉTICA";3;3001;4794600;6712440ATSP2600BS;Bicicleta Indoor Athl 135 Kg;Bicicleta Indoor Athletic  /135 Kg, Disco De Inercia 20Kg;"Funciones: Velocidad, tiempo, distancia, calorías, pulso.
Volante: 5 kg con PMS (Sistema Magnético Permanente)
Resistencia: ajuste manual con 8 niveles.
Peso máximo del usuario: 120kg
Dimensiones: 1455x665x1135 cm.";3;3001;3714700;5200580ATSP700BS;Bicicleta Indoor Athl 700Bs;Bicicleta Indoor Athletic 700Bs /125Kg, Disco De Inercia 13Kg;"Marca ATHLETIC
Límite de Peso Usuario 110 KG
Niveles de esfuerzo 8
Disco de inercia 4 KG
Modelo 290BV
Programas de entrenamiento 4
Tipo de Bicicleta VERTICAL
Tipo de Producto BIC. ESTATICAS
Tipo de Resistencia MAGNÉTICA";3;3001;2157300;3020220ATSP550BS;Bicicleta Indoor Athl 550Bs;Bicicleta Indoor Athletic 550Bs;"Monitor: Funciones: Escaneo, tiempo, velocidad, distancia, calorías, ritmo cardíaco
Volante: 20kg
Ajuste resistencia: Manual
Ajuste Manubrio: vertical y horizontal
Ajuste asiento: vertical y horizontal
Sistema de transmisión de correa
Marco pintado de negro
Peso máximo del usuario: 150kg
Dimensiones: 1406x620x1316mm";3;3001;2070800;2899120ATCC7500T;Cinta De Caminar Athl Pro;Cinta De Caminar Athletic Profesional;"Disco de inercia: 20 Kg.
 Sistema con cadena reforzada de alta resistencia.
 Cobertura en el disco para evitar  óxido.
 Rodamiento central blindado.
 Asiento y manubrio regulables.
 Pintura de doble capa.
 Freno de emergencia.
 Peso máximo del usuario: 150 Kg";3;3001;13322900;18652060ATCC4900T;Cinta De Caminar Athlc Pro;Cinta De Caminar Athletic Profesional;"Marca ATHLETIC
Consola SI
Límite de Peso Usuario 135 KG
Disco de inercia 20 KG
Modelo 2600BS
Programas de entrenamiento 7
Tipo de Producto SPINNING
Tipo de Resistencia A FRICCIÓN
Ancho 55 CM";3;3001;11417200;15984080ATCC3660T;Cinta Caminar Athletic 3660T;Cinta Caminar Athletic 3660T/ 140Kg, 20Km/H, 2.5Hp, Inclinación Elec. 15%;"Presenta: Velocidad, tiempo, distancia y calorías
Freno de seguridad
Ajuste de niveles de resistencia y esfuerzo
Disco de inercia: 13kg
Ajuste resistencia: Manual
Ajuste Manubrio: Vertical y Horizontal
Sistema de Transmisión de cadena
Capacidad máxima: 125kg
Tamaño: 1270x510x1120mm";3;3001;9241700;12938380ATCC3290T;Cinta Caminar Athletic 3290T;Cinta Caminar Athletic 3290T/ 130Kg, 18Km/H, 2Hp, Inclinación Elec. 15%;"Marca ATHLETIC
Color NEGRO
Consola SI
Límite de Peso Usuario 125 KG
Disco de inercia 10 KG
Modelo 550BS
Programas de entrenamiento 4
Tipo de Producto SPINNING
Tipo de Resistencia A FRICCIÓN";3;3001;8919600;12487440ATCC3260T;Cinta Caminar Athletic 3260T;Cinta Caminar Athletic 3260T  / 130Kg, 16Km/H, 2Hp, Inclinación Elec. 12%;"Marca ATHLETIC
Almacenamiento PLEGABLE
Color NEGRO
Límite de Inclinación 15
Límite de Peso Usuario 150 KG
Superficie de ejercicio 1530x550MM
Inclinación ELECTRICA
Modelo 7500T
Potencia de Motor 4 HP";3;3001;7883600;11037040ATCC1060T;Cinta Caminar Athletic 1060T;Cinta Caminar Athletic 1060T  / 130Kg, 16Km/H, 1.25Hp, Inclinación Elec. 12%;"Marca ATHLETIC
Almacenamiento PLEGABLE
Color NEGRO
Límite de Inclinación 15
Límite de Peso Usuario 150 KG
Superficie de ejercicio 1500x510MM
Inclinación ELECTRICA
Modelo 4900T
Potencia de Motor 3 HP";3;3001;6098500;8537900ATCC790T;Cinta Caminar Athletic 790T;Cinta Caminar Athletic 790T / 120Kg, 16 Km/H, 1.75Hp, Inclinación Elec. 12%;"Marca ATHLETIC
Almacenamiento PLEGABLE
Color NEGRO
Límite de Inclinación 15
Límite de Peso Usuario 140 KG
Superficie de ejercicio 1450x510MM
Inclinación ELECTRICA
Modelo 3660T
Potencia de Motor 2,5 HP";3;3001;5647800;7906920ATCC560T;Cinta Caminar Athletic 560T;Cinta Caminar Athletic 560T / 120Kg, 13 Km/H, 1.5Hp, Inclinación Manual 2 Niveles;"Marca ATHLETIC
Almacenamiento PLEGABLE
Color NEGRO
Límite de Inclinación 15
Límite de Peso Usuario 130 KG
Superficie de ejercicio 1400x500MM
Inclinación ELECTRICA
Modelo 3290T
Potencia de Motor 2 HP";3;3001;4162400;5827360ATCC530T;Cinta Caminar Athletic 530T;Cinta Caminar Athletic 530T / 120Kg, 12 Km/ H, 2 Hp, Inclinación Manual 2 Niveles;"Marca ATHLETIC
Almacenamiento PLEGABLE
Color NEGRO
Límite de Inclinación 15
Límite de Peso Usuario 130 KG
Superficie de ejercicio 1400x480MM
Inclinación ELECTRICA
Modelo 3260T
Potencia de Motor 2 HP";3;3001;3696501;5175101,4ATCC510T;Cinta Caminar Athletic 510T;Cinta Caminar Athletic 510T / 120Kg, 12 Km/H, 1,5 Hp;"Marca ATHLETIC
Almacenamiento PLEGABLE
Color NEGRO
Límite de Inclinación 12
Límite de Peso Usuario 120 KG
Superficie de ejercicio 1335x450MM
Inclinación ELECTRICA
Modelo 1060T
Potencia de Motor 2 HP";3;3001;3436901;4811661,4ATCC410T;Cinta Caminar Athletic 410T;Cinta Caminar Athletic 410T 220V;"Marca ATHLETIC
Almacenamiento PLEGABLE
Color NEGRO
Límite de Inclinación 12
Límite de Peso Usuario 120 KG
Superficie de ejercicio 1330x450MM
Inclinación ELECTRICA
Modelo 790T
Potencia de Motor 1,75 HP";3;3001;2963400;4148760ATCC20T;Cinta Caminar Athletic 20T;Cinta Caminar Athletic 20T;"Motor: 1.5 hp.
Inclinacion: 2 Manual.
Peso Usuario: 110kg.
Superficie de caminada: 1220x420mm.
Programas: 12.
Funciones: Velocidad, pulso, tiempo, calorias , body fat y distancia.
Display: 110x60cm.
Dimensiones: 1590x715x1230mm.
Amorticguacion: 6 rubber cushion + 2 external cushion.";3;3001;2422600;3391640ATEL1700E;Elliptical Athl Profe 1700E;Elliptical Athletic Professional 1700E / 150Kg, Disco De 5 Kg;"Marca ATHLETIC
Almacenamiento PLEGABLE
Color NEGRO
Límite de Inclinación 2
Límite de Peso Usuario 120 KG
Superficie de ejercicio 1280x400MM
Inclinación MANUAL
Modelo 530T
Potencia de Motor 2HP";3;3001;5519000;7726600ATEL500E;Elliptical Athletic 500E;Elliptical Athletic 500E, /120Kg, Disco De 5 Kg;"Marca ATHLETIC
Almacenamiento PLEGABLE
Color NEGRO
Límite de Inclinación 2
Límite de Peso Usuario 120 KG
Superficie de ejercicio 1200x400MM
Inclinación MANUAL
Modelo 510T
Potencia de Motor 1,5HP";3;3001;2271300;3179820ATEL430E;Elliptica Athl Advance 430E;Elliptica Athletic Advance 430E/120Kg, Disco De 3,3 Kg;"Marca ATHLETIC
Almacenamiento PLEGABLE
Color NEGRO
Límite de Peso Usuario 120 KG
Superficie de ejercicio 1000x380MM
Inclinación FIJA
Modelo 410T
Potencia de Motor 1HP
Programas de entrenamiento 12";3;3001;2457901;3441061,4ATEL370E;Elliptico C/ Pulsador/100Kg;Elliptico C/ Pulsador/100Kg, Disco De 3,3 Kg;"Marca ATHLETIC
Almacenamiento PLEGABLE
Color NEGRO
Límite de Peso Usuario 120KG
Superficie de ejercicio 900x380MM
Inclinación FIJA
Modelo 20T
Potencia de Motor 1HP
Programas de entrenamiento 12";3;3001;2275800;3186120ATEL290E;Elliptica Athl Advance 230E ;Elliptica Athletic Advance 230E /110Kg, Disco De 4 Kg;"Marca ATHLETIC
Color NEGRO
Límite de Peso Usuario 150 KG
Disco de inercia 0
Modelo 1700E
Programas de entrenamiento 9
Tipo de Producto ELÍPTICAS
Tipo de Resistencia MAGNÉTICA
Ancho 70 CM";3;3001;2003700;2805180ATEL230E;Elliptica Athl¡ Advance 290E;Elliptica Athletic Advance 290E /100Kg, Disco De 4 Kg;"Su formato de ejercicio permite trabajar todo el cuerpo con movimientos constantes y livianos de modo a ejercitar los musculos del cuerpo (Piernas, abdomen, gluteos, pecho, brazos y espalda) sin sobre cargar  los musculos y protegiendo las articulaciones principales (Rodillas y tobillos)
Peso maximo de usuario: 120Kg
Disco de inercia: 5Kg
Funciones de control: tiempo, Distancia, ritmo cardiaco, Velocidad y calorias";3;3001;1929700;2701580ATEL2E;Elliptical Athletic 2E;Elliptical Athletic 2E (C/ Mancuernas) /100Kg, Disco De 3 Kg;"Marca ATHLETIC
Color NEGRO
Límite de Peso Usuario 150 KG
Disco de inercia 0
Modelo 430E
Programas de entrenamiento 9
Tipo de Producto ELÍPTICAS
Tipo de Resistencia A CINTA
Ancho 74 CM";3;3001;1666600;2333240ATEL3.5E;Elliptical Athletic 3.5E ;Elliptical Athletic 3.5E / 90Kg, Disco De 3Kg.;"Marca ATHLETIC
Límite de Peso Usuario 100kg
Niveles de esfuerzo 8
Disco de inercia 3,3kg
OBSERVACIÓN Los precios expresados son para compras al contado, si requiere financiación los mismos pueden variar.";3;3001;1240800;1737120ATMU2100MS;Multiejercicio Atheltic 2100Ms;Multiejercicio Atheltic 2100Ms / 150Kg, Con Banco, Doble Torre 100Kgs C/ Una.;"Marca ATHLETIC
Color NEGRO
Límite de Peso Usuario 110 KG
Niveles de esfuerzo 8
Disco de inercia 0
Modelo 290E
Programas de entrenamiento 5
Tipo de Producto ELÍPTICAS
Tipo de Resistencia MAGNÉTICA";3;3001;14574100;20403740ATMU2100M;Multiejercicio Athletic 2100M;Multiejercicio Athletic 2100M/ 150Kg, Torre De Pesas De 95Kg.;"Marca ATHLETIC
Color NEGRO
Límite de Peso Usuario 110 KG
Niveles de esfuerzo 8
Disco de inercia 0
Modelo 230E
Programas de entrenamiento 5
Tipo de Producto ELÍPTICAS
Tipo de Resistencia A CINTA";3;3001;6005401;8407561,4ATMU470M;Multiejercicio Athletic 150Kg;Multiejercicio Athletic /150Kg, Torre De Pesas De 65 Kg;"Marca ATHLETIC
Color NEGRO
Límite de Peso Usuario 110 KG
Disco de inercia 0
Modelo 2E
Programas de entrenamiento 5
Tipo de Producto ELÍPTICAS
Tipo de Resistencia MAGNÉTICA
Ancho 64 CM";3;3001;3760200;5264280ATMU420M;Multiejercicio Athletic 420M;Multiejercicio Athletic 420M / 130Kg, Torre De Pesas De 60Kg;"Niveles de esfuerzo: Regulación ajustable
Manubrio: fijo o móvil (opcional).
Especificaciones: Presenta velocidad, tiempo, distancia y calorías.
Peso máximo del usuario: 100kg.";3;3001;2580900;3613260ATMU380M;Multiejercicio Athletic 380M;Multiejercicio Athletic 380M / 120Kg, Torre De Pesas De 50Kg;"Marca ATHLETIC
Color NEGRO
Límite de Peso Usuario 150 KG
Torre de pesas 205 KG
Modelo 2100MS
Tipo de Producto MULTIJEJERCICIOS
Ancho 99 CM
Largo 161 CM
Altura 220 CM";3;3001;2231301;3123821,4ATMU16024;Banco Athletic Kit;Banco Athletic Kit (Con Pesas Y Barras);"Dos estaciones de trabajo
Brazos de trabajo completamente independientes
Límite de Peso Usuario 150 KG
Torre de pesas 100 KG
Cobertura de Nylon en todos los cabos del equipo, para mayor seguridad
Estacion con trabajo para Espalda, Pecho, Biceps, Triceps, trapecio, Cuadriceps, Pantorrillas entre otros. ";3;3001;1878900;2630460ATROWER100;Equipo De Remo 100Rm;Equipo De Remo 100Rm / 120Kg, Peso De 4Kg;"Marca ATHLETIC
Límite de Peso Usuario 150 KG
Torre de pesas 65 KG
Modelo 470M
Tipo de Producto MULTIJEJERCICIOS
Ancho 99 CM
Largo 166 CM
Altura 212 CM";3;3001;2048100;2867340ATAB7000AB;Abdominal Professional 7000Ab;Abdominal Professional 7000Ab / 150Kg Profesional;"50KG de Pesas 
Peso de usuarios hasta 130 KG 
Ejercicios para espalda, biceps, triceps, pecho y piernas. 
1920x430x170mm
385x195x235mm
385x195x275mm";3;3001;0;0ATAB700;Athletic Abdominal 700Ab;Athletic Abdominal 700Ab / 100Kg;"Multiejercicio para preparación muscular de alta performance 
Torre de pesas: 50kg 
Trabaja todos los músculos del cuerpo
Peso máximo del usuario: 120Kg";3;3001;1573300;2202620ATAB600;Abdominal Athl Advance 600Ab;Athletic Abdominal Advance 600Ab /120Kg;"3 niveles de inclinacion 
Incluye barra y pesas de 30kg 
Tambien incluye ejercicios para cuadriceps y gluteos

";3;3001;1490200;2086280ATAB200;Athletic Abdominal 200Ab;Athletic Abdominal 200Ab / 100Kg;"Marca ATHLETIC
Límite de Peso Usuario 120 KG
Niveles de esfuerzo 10
Modelo 100RM
Nivel de Resistencia 10
Tipo de Producto REMO
Tipo de Resistencia MAGNÉTICA
Ancho 52 CM
Largo 196 CM";3;3001;849200;1188880ATAB100;Abdominal Athl Sit Up 100;Athletic Abdominal Sit Up Bench 100 / 100Kg;"MODELO: 7000AB
Dimensi?n del producto: 1450x820x1430mm
Estructura: Plata
Color Negro
Peso m?ximo del usuario: 125kg";3;3001;570000;798000ATAB8;Aparato De Abdominal Athl  8Ab;Athletic Aparato De Abdominal 8Ab /100Kg;"Trabaja los oblicuos y los abdominales clásicos con la ayuda del movimiento vertical.
Confort: Disfruta de un entrenamiento cómodo gracias al asiento flexible.
Ejercita la cintura abdominal. Cuando más amplitud tiene el movimiento, más intensidad de trabajo hacemos en los oblicuos.
Con un movimiento de menor intensidad, eliminamos la grasa y tonificamos la parte frontal de los abdominales.
Soporte para la rodilla con acolchado para un mejor confort sin dolores.
Peso máximo: 120 Kg.";3;3001;599000;8386005901261;Moto Kenton Joy 110;Moto Kenton Joy 110;"Especialmente indicado para abdominales inferiores y oblicuos.
Mantiene la postura ideal para no dañar la columna.
Uso domestico.
Rueditas para fácil traslado.
Niveles de Refuerzo: Contiene regulador de intensidad
Monitor: Contador de repeticiones
Peso máximo del usuario: 100 Kg";34;34001;4018000;52234005901211;Moto Kenton C-110 Se;Moto Kenton C-110 Se;"Marca ATHLETIC
Color NEGRO
Consola NO
Límite de Peso Usuario 100 KG
Modelo 200AB
Tipo de Producto ABDOMINALERA
Ancho 45 CM
Largo 85 CM
Altura 120 CM";34;34001;4172000;542360059012183;Moto Kenton Fusion 125;Moto Kenton Fusion 125;"Marca ATHLETIC
Color NEGRO
Consola NO
Límite de Peso Usuario 100 KG
Modelo 100 AB
Tipo de Producto ABDOMINALERA
Ancho 30 CM
Largo 143 CM
Altura 68 CM";34;34001;5244000;68172005901272;Moto Kenton C-110 Dlx;Moto Kenton C-110 Dlx;"MODELO: ATAB8
Dimensión del producto: 1420x1250 x1110mm
Estructura: Plata
Cojin: negro
Peso máximo del usuario: 120kg";34;34001;4682000;60866005901280;Moto Kenton  City 125 Ii;Moto Kenton  City 125 Ii;;34;34001;5619000;730470059012166;Moto Kenton  City 125 Sport;Moto Kenton  City 125 Sport;;34;34001;5790000;752700059012167;Moto Kenton  Blitz 110 Se;Moto Kenton  Blitz 110 Se;;34;34001;4138000;537940059012168;Moto Kenton  Blitz 110 Dlx;Moto Kenton  Blitz 110 Dlx;;34;34001;4682000;608660059012197;Moto Kenton  Blitz 125 Sport;Moto Kenton  Blitz 125 Sport;;34;34001;5040000;65520005901232;Moto Kenton Gl 125  ;Moto Kenton Gl 125  ;;34;34001;4548000;59124005901233;Moto Kenton  Gl 150;Moto Kenton  Gl 150;;34;34001;5064000;658320059012204;Moto Kenton  Gl 200;Moto Kenton  Gl 200;;34;34001;6062000;788060059012192;Moto Kenton Classic 125 ;Moto Kenton Classic 125 ;;34;34001;4177000;54301005901216;Moto Kenton Gtr 150 Se ;Moto Kenton Gtr 150 Se ;;34;34001;5996000;779480059012110;Moto Kenton Gtr 150 Dlx ;Moto Kenton Gtr 150 Dlx ;;34;34001;6572000;85436005901251;Moto Kenton Gtr 200;Moto Kenton Gtr 200;;34;34001;7492000;973960059012205;Moto Kenton Café Racer 150;Moto Kenton Café Racer 150;;34;34001;6913000;898690059012208;Moto Kenton Rider 200;Moto Kenton Rider 200;;34;34001;8905000;1157650059012182;Moto Kenton Scooter Eleg 150;Moto Kenton Scooter Elegance 150;;34;34001;7888000;102544005901286;Moto Kenton Trail Dakar 150;Moto Kenton Trail Dakar 150;;34;34001;7373000;95849005901284;Moto Kenton Trail Dakar 200;Moto Kenton Trail Dakar 200;;34;34001;8155000;106015005901299;Moto Kenton Trail Shark 150;Moto Kenton Trail Shark 150;;34;34001;6743000;87659005901295;Moto Kenton Trail Shark 200;Moto Kenton Trail Shark 200;;34;34001;7645000;993850059012173;Moto Kenton Trail Trx 150;Moto Kenton Trail Trx 150;;34;34001;5619000;730470059012133;Moto Kenton Trail Bull 200;Moto Kenton Trail Bull 200;;34;34001;9365000;1217450059012145;Moto Kenton Chopper Milest 200;Moto Kenton Chopper Milestone 200;;34;34001;7478000;97214005905103;Cuaciclon Kenton Quest 300 4X2;Cuaciclon Kenton Quest 300 4X2;;34;34001;27498000;357474005905104;Cuaciclon Kenton Quest 300 4X4;Cuaciclon Kenton Quest 300 4X4;;34;34001;30273000;393549005905210;Cuaciclon Kenton Quest 250 Cc.;Cuaciclon Kenton Quest 250 Cc.;;34;34001;20256000;263328005905221;Cuaciclon Kenton Volkano 125;Cuaciclon Kenton Volkano 125;;34;34001;8606000;111878005905219;Cuaciclon Kenton Volkano 150;Cuaciclon Kenton Volkano 150 Off Road;;34;34001;12146000;157898005905220;Cuaciclon Kenton 150 Street;Cuaciclon Kenton Volkano 150 Street;;34;34001;13296000;172848005905216;Cuaciclon Kenton  250 Off Road;Cuaciclon Kenton Volkano 250 Off Road;;34;34001;13540000;176020005905217;Cuaciclon Kenton 250 Street ;Cuaciclon Kenton Volkano 250 Street ;;34;34001;14350000;186550005903236;Motocarro Trasporter 200 Hd;Motocarro Kenton Trasporter 200 Hd;;34;34001;15938000;207194005903237;Motocarro Trasporter 150 Hd;Motocarro Kenton Trasporter 150 Hd;;34;34001;11940000;15522000
