cod;nombre;nombre largo;detalle;familia ;clase ;costo;lista 
13;AIRE PORTATIL CONSUMER 12000BT;AIRE  PORTATIL CONSUMER 12000BTU;12000 Btu.4 En 1  . (Frio, Calor, Ventilador., Deshumificador).Panel De Control Led. . Control Remoto Full. . Ruedas Para Facil Manejo. . Super Sinlecioso.;23;23003;1950000;2730000
165;ASPIRADORA CONSUMER PARA AUTO;ASPIRADORA CONSUMER PARA AUTO;Potente Motor De 150W. . Sin Bolsa. . Facil Operacion. . Tanque De 0.5 Litros. . incluye 6 Accesorios. . Aspiradora Con Cable (Conexion A Traves De La Entrada De Encendedor Del Vehiculo);35;35001;250000;350000
166;ASPIRADORA CONSUMER CICLON;ASPIRADORA CONSUMER CICLON A BATERIA;Potencia: 150W . Sistema: Ciclon . Voltaje: Ac220-240 V 50 60 Hz. . De Facil Operacion . Operatividad Sin Cable: 40 Mins;35;35001;680000;952000
167;ASPIRADORA CONSUMER 30L;ASPIRADORA DE 30 LITROS CONSUMER;Potencia 1400W. . Capacidad 30 Litros. . Aspira Polvo Y Agua. . Funcion Expulsa Aire. . Tambor De Acero inoxidable.;35;35001;680000;952000
168;ASPIRADORA CONSUMER 50L;ASPIRADORA DE 50 LITROS CONSUMER;Potencia: 1600 W. . Capacidad: 50 Lts. . Aspira Agua Y Polvo . Material: Tambor De Acero inoxidable;35;35001;970000;1358000
206;ASPIRADORA CONSUMER ROBOCLEAN;ASPIRADORA CONSUMER ROBOCLEAN;Aspira Y Repasa. . Ruta inteligente De Un Toque.  . Deteccion De Obstaculos infrarrojo.  . Ultrafino, Solo 7 Cm. De Altura.  . Configurable Por App.;35;35001;680000;952000
21;AURICULAR CONSUMER BT90 NEGRO;AURICULAR CONSUMER BT 90 INALAMBRICO NEGRO;Sonido Envolvente Super Bass. .  . Alcance 10 Mts. .  . Microfono Manos Libres Para Llamadas. .  . Radio Fm. .  . Bateria Recargable. .  . 5 Horas De Reproduccion. . Conector Y Cable 3.5Mm. . Dise¤o Retractil. . Colores: Negro. . Entradas: Auxiliar, Micro Sd, Puerto Usb;23;23002;180000;252000
22;AURICULAR CONSUMER BT90 ROJO;AURICULAR CONSUMER BT 90 INALAMBRICO ROJO;Sonido Envolvente Super Bass. . Alcance 10 Mts. . Microfono Manos Libres Para Llamadas. . Radio Fm. . Bateria Recargable. . 5 Horas De Reproduccion. . Conector Y Cable 3.5Mm. . Dise¤o Retractil. . Colores: Rojo. . Entradas: Auxiliar, Micro Sd, Puerto Usb.;23;23002;180000;252000
169;BALANZA CONSUMER SIN TORRE;BALANZA CONSUMER SIN TORRE;Calcula El Peso Y El Precio. . Capacidad 30 Kg . Precision: 5G. Peso Y Precio De 5 Digitos. . Acumulacion De Cantidades. . 3 Pantallas Led: Precio, Precio Total. . Bateria Recargable. . Teclado impermeable. . Bandeja De Acero inoxidable. . Proteccion De Sobrepeso. . Voltaje: 220V 50Hz.;36;36001;260000;364000
170;BALANZA CONSUMER DIGITAL 30KG;BALANZA CONSUMER DIGITAL 30 KG LCD C TORRE;Precisio?N: 5G. . Peso Y Precio De 5 Digitos. . Brazo De Acero Con Doble Display Lcd. . Acumulacio?N De Cantidades. 3 . Pantallas Led: Precio, Precio Total. Bateri?A Recargable. . Teclado impermeable. . Bandeja De Acero inoxidable. . Proteccio?N De Sobrepeso. . Voltaje: 220V 50Hz.;36;36001;280000;392000
171;BALANZA CONSUMER PLATAFORMA ;BALANZA CONSUMER DE ALTO RANGO PLATAFORMA ;Precision: 100 Gramos. . 3 Pantallas Led: Peso, Precio, Precio Total. . Brazo Del Visor De 80Cm. De Alto. . Plataforma De Acero De 60 X 45Cm. . Bateria Recargable. . Funcion Automatica De Puesta A Cero. . Funcion Automatica De Ahorro. . 3 Pantallas Led: Peso, Precio, Precio Total De Energia. . Bateria Recargable. . Funcion Suma De Productos Teclado impermeable. . Alarma De Sobrepeso. . Bandeja De Acero inoxidable.;36;36001;750000;1050000
172;BALANZA CONSUMER DIGITAL 150KG;BALANZA CONSUMER DIGITAL DE BA¥O 150KG;Capacidad Maxima 150Kg.  . Plataforma De Vidrio Templado. . 4 Sensores Sensibles Sobre Base De Acero. . Medicion En Kilogramos Y Libras. . Display Lcd De 4 Digitos. . Apagado Automatico;28;28001;100000;140000
111;CAJA DE SEGURIDAD CONSUMER;CAJA DE SEGURIDAD BLINDADA CONSUMER DE PISO 43X37X71CM;Multiples Sistemas De Seguridad, Electronico, Llaves Y Mecanico. . Boveda interna Con Combinacion independiente. . Bisagras Ocultas Para Mayor Seguridad. . ingreso Con Codigo De 3 A 8 Digitos. . Estantes internos Regulables. . Dise¤o Elegante;35;35018;2200000;3080000
112;CAJA DE ARMAS CONSUMER;CAJA DE ARMAS CONSUMER;Uso Domiciliar O Empresas De Seguridad, Estancias, Etc.  . Almacena 5 Rifles.  . Caja interior Con Llaves.  . Fabricada En Acero inox.  . Medida: 145 X 35 X 34 Cm;35;35018;2300000;3220000
113;CAJA DE DINERO CONSUMER CASH;CAJA DE DINERO CONSUMER CASH BOX.;Caja Para Dinero Fabricada En Acero. . Cerradura Con Seguro Y 2 Llaves incluidas. . Bandeja Removible Que Permite Tener Mayor Capacidad De Almacenaje. . Equipada Con Una Comoda Asa De Transporte. . Medidas: 25 X 18 X 9 Cm;35;35018;150000;210000
114;CAJA DE SEGURIDAD CONSUMER ;CAJA DE SEGURIDAD CONSUMER GRANDE DIGITAL CON LCD;Caja De Seguridad Digital Grande Con Lcd!! . ideal Para Empresas, Cooperativas, Bancos, Etc. . Moderno Sistema De Codificacion De Panel Electronico Y Llave;35;35018;850000;1190000
115;CAJA SFT 20 CONSUMER;CAJA SFT 20 CONSUMER;Pantalla Lcd Azul De Facil Lectura.  . Codigos Programables 3 A 8 Digitos.  . Funcion De Desbloqueo Manual (Cerradura Oculta).  . indicador Sonoro Y Luminoso De Funciones.  . Utiliza 4 Pilas Aa.  . Material: Totalmente Acero.  . Preparada Para Fijar Al Suelo O Pared.  . Medidas: 20X31X20Cm;35;35018;500000;700000
116;CAJA SFT 35 CONSUMER;CAJA SFT 35 CONSUMER;Moderno Sistema De Codificacio?N De Panel Electro?Nico. . ideal Para Guardar La Laptop. . Opera Con 4 Pilas Aa.;35;35018;750000;1050000
117;CAJA DE DINERO CASH CONSUMER;CAJA DE DINERO CASH DRAWER CONSUMER 11X41.5X41.5CM;Marca: Consumer . Codigo: Cr.9 . Dimensiones Del Paquete: 11.00Cm X 41.50Cm X 41.50Cm;35;35018;550000;770000
118;CAJA CHICO KS27 CONSUMER;CAJA PARA LLAVE CHICO KS 27 CONSUMER;Caja Fuerte De Seguridad Para Llaves . Caja Fuerte Digital . Espacio Para 27 Piezas . Codigos Programables 3 A 8 Digitos. . Funcion De Desbloqueo Manual (Cerradura Oculta). . indicador Sonoro Y Luminoso De Funciones. . Utiliza 4 Pilas Aa. . Material: Totalmente Acero.;35;35018;650000;910000
119;CAJA PARA LLAVE CONSUMER KS71;CAJA PARA LLAVE GRANDE KS 71 CONSUMER;Caja Fuerte Digital . Espacio Para 71 Piezas . Codigos Programables 3 A 8 Digitos. . Funcion De Desbloqueo Manual (Cerradura Oculta). . indicador Sonoro Y Luminoso De Funciones. . Utiliza 4 Pilas Aa. . Material: Totalmente Acero.;35;35018;750000;1050000
65;CARGADOR PORTATIL CONSUMER BL;CARGADOR DE BATERIA PORTATIL CONSUMER 12000MAH BLANCO;Marca:Consumer . Codigo:Cr.138B . Peso Del Paquete:0.18Kg . Dimensiones Del Paquete:6.20Cm X 2.50Cm X 9.10Cm;23;23003;100000;140000
66;CARGADOR PORTATIL CONSUMER NGR;CARGADOR DE BATERIA PORTATIL NEGRO CONSUMER;Marca:Consumer . Codigo:Cr.138N . Peso Del Paquete:0.18Kg . Dimensiones Del Paquete:9.10Cm X 6.20Cm X 2.50Cm;23;23003;100000;140000
145;LOMITERA A GAS CONSUMER 5Q ;LOMITERA A GAS 5 QUEMADORES CONSUMER;Placa Adecuado Para Alta Produccion.  . Control independiente De Quemadores.  . Cajon Para Residuos, Pies De Goma Con 35 Mm De Altura.  . area De Coccion 1,20 Mts.  . Quemadores De Aluminio De 7 8?;36;36001;2700000;3780000
146;LOMITERA A GAS CONSUMER 4Q;LOMITERA A GAS CONSUMER 4 QUEMADORES;Placa Para Alta Produccion.  . Control independiente De Quemadores.  . Cajon Para Residuos, Pies De Goma Con 35 Mm. De Altura. area De Coccion 1 Mt.  . Quemadores De Aluminio De 7 8?;36;36001;2100000;2940000
133;ANAFES CONSUMER 5HNEGRO ;ANAFES CONSUMER 5H NEGRO;Encendido Electrico . 5 Hornallas . Vidrio Templado Color Negro;15;15004;800000;1120000
136;COCINA VESTA CONSUMER 4H BLANC;COCINA VESTA CONSUMER BLANCO 4H CONSUMER;Tapa De Vidrio, Mesada Acero inox. . Quemadores En Acero Esmaltado. . Horno Tapa De Vidrio . Recubrimiento De Lana De Vidrio Esmaltado . Manija Metalica.;15;15006;500000;700000
137;COCINA VESTA CONSUMER 4H NEGRO;COCINA VESTA CONSUMER NEGRO 4H CONSUMER;Tapa De Vidrio . Mesada Acero inox. . Quemadores En Acero Esmaltado. . Horno Tapa De Vidrio, Recubrimiento De Lana De Vidrio Esmaltado. . Manija Metalica.;15;15006;500000;700000
207;COCINA VENICE CONSUMER NEGR 4H;COCINA VENICE CONSUMER NEGRO 4 H CONSUMER;Tapa De Vidrio. . Mesada Vidrio Templado, Color Negro. . Quemadores En Acero Esmaltado. . Horno Vidrio Total Y Doble Con Revestimiento De Lana. . Encendido Electrico. . Manija Metalica;15;15006;950000;1330000
213;COCINA VESTA CONSUMER BLANC 5H;COCINA VESTA CONSUMER BLANCO 5H;Tapa De Vidrio. . Mesada Acero inox. . Quemadores En Acero Esmaltado. . Horno Vidrio Total Y Doble Con Revestimiento De Lana De Vidrio Esmaltado. . Encendido Electrico. . Manija Metalica.;15;15006;950000;1330000
47;CONGELADOR CONSUMER 155LTS;CONGELADOR  CONSUMER 155 LTS TAPA DE VIDRIO CURVO;Capacidad: 155 Litros. . Puerta De Vidrio Curvo. . Con Cerradura. . Funcion Congelador Y Heladera. . 7 Niveles De Temperatura. . Ruedas Para Traslado. . Medidas: 83X63X71 Cm.;5;5002;2400000;3360000
48;CONGELADOR CONSUMER 250LTS;CONGELADOR CONSUMER 250.LTS  TAPA CIEGA Y CON TAPA VIDRIO ;Canasto interior Movil. . Control De Temperatura. . Manija Ergonomica. . Drenaje Para Limpieza. . Acabado En Blanco. . Ruedas De Traslado. . Tapa interior De Vidrio . Bajo Consumo De Energia. . Voltaje: 220V 50Hz. Med. 85X91X61;5;5002;1850000;2590000
50;CONGELADOR CONSUMER 550LTS;CONGELADOR CONSUMER 550 LITROS 2 PUERTAS TAPA CIEGA  3449 ;Congelador Consumer 2 Tapas Ciega . Capacidad: 550 Litros . Canasto interior Movil. (Canastilla) . Control De Temperatura. . Manija Ergonomica. . Drenaje Para Limpieza. . Acabado En Blanco. . Bajo Consumo De Energia. . Rueda Para Facil Manejo. . Voltaje 220V 50Hz . Congelador Freezer . Cerradura Con Llave Para Mayor Seguridad;5;5002;4400000;6160000
51;CONGELADOR CONSUMER 300L HELAD;CONGELADOR CONSUMER DE 300 LITROS P  HELADO;Capacidad 300 Litros. . Especial Para Helados. . Puerta De Vidrio Curvo. . Con Cerradura Y Llaves. . 7 Niveles De Temperatura. . Luces indicadoras. . Ruedas Para Traslado. . Medidas: 105X62X95 Cm. . Voltaje 220V.;5;5002;3100000;4340000
52;CONGELADOR CONSUMER 400L HELAD;CONGELADOR CONSUMER DE 400 LITROS P  HELADO;Capacidad 400 Lts. . Puerta Vidrio Curvo. . Con Cerraduras Y Llaves. . 7 Niveles De Temperatura. . Luces indicadoras. . Ruedas Para Traslado.;5;5002;3500000;4900000
53;CONGELADOR CONSUMER VERT 250L;CONGELADOR CONSUMER VERTICAL 250L GRIS 1P;Color: Gris . Capacidad: 250Lts . Estantes De Vidrio . Gaveta De Frutas Y Verduras . Porta Botellas . Control De Temperatura . Bajo Consumo . 5 Niveles De Temperatura . 6 Cajones individuales;5;5002;2000000;2800000
23;CONSERVADORA BOX 2 CONSUMER;CONSERVADORA CON SPEAKER COOLER BOX 2 CONSUMER;2 Parlantes Bluetooh . 4 Portavasos . 72 Hs. De Frio . Abridor De Botellas . Rueda De Goma . Asa Para Transporte . 50 Litros . 65 Latas . Bateria Recargable . Resistente Al Agua;5;5006;750000;1050000
24;CONSERVADORA SMART CONSUMER;CONSERVADORA CON SPEAKER SMART COOLER 2 CONSUMER;Conservadora A Bateria, Recargable . . Capacidad 11 Lts. (14 Latas) . 1 Parlante Bluetooth . Conexion Usb . Portacelular . Fuerte Asa . impermeable. Resistente Al Agua;5;5006;450000;630000
79;CONTADOR BILLETE CONSUMER 2661;CONTADOR DE BILLETES PROBANK PB 5000 CONSUMER  2661 ;Dise¤ado Especialmente Para Bancos. . Cuenta De 600 A 1800 Billetes Min. . Pantalla Lcd. . Detector De Billetes Falsos Uv (Ultravioleta) Mg (Magnetico). . Alerta De incidencias En El Conteo (Billetes Doblados, Medios Billetes). . Funciona Con La Mayoria De Las Monedas Del Mundo. . Cuenta Billetes, Cheques, Tickets Y Cupones. . Voltaje 220 110V.;35;35007;3200000;4480000
80;CONTADOR BILLETE CONSUMER 419;CONTADOR DE BILLETES PROBANK PB520 CONSUMER  419 ;Pantalla Lcd. . Cuenta Hasta 1000 Billetes Por Minuto. . Detector De Billetes Falsos Uv (Ultravioleta) Mg (Magnetico). . Detector Automatico Del Tama¤o Del Billete. . Cuenta Billetes Cheques Tickets Cupones. . Voltaje 220V;35;35007;1900000;2660000
54;BEBEDERO CONSUMER NEGRO ;BEBEDERO DISPENSADOR DE MESA CONSUMER F C COLOR NEGRO;Agua Fria Y Caliente. . Es De Mesa . Pantalla Con Display Lcd . Con Compresor . Temperaturas: 5-10 Grados C (Fria:), 85-95 Grados C (Caliente).;5;5003;850000;1190000
55;BEBEDERO CONSUMER MESA BLANCO;BEBEDERO DISPENSADOR CONSUMER F C DE MESA BLANCO;Temperaturas: 5-10 Grados C (Fria), 85-95 Grados C (Caliente);5;5003;750000;1050000
56;BEBEDERO CONSUMER LCD NEGRO ;BEBEDERO DISPENSADOR CONSUMER F C DE MESA LCD NEGRO;Color Negro. . Pantalla Con Display Lcd. . Con Compresor. . Temperaturas: 5-10 Grados C (Fri?A:), 85-95 Grados C (Caliente).;5;5003;1050000;1470000
242;BEBEDERO CONSUMER DE PIE BLANC;BEBEDERO DISPENSER DE PIE BLANCO CONSUMER;Modelo Simple De Pie Con Gabinete.  . Temperaturas Del Agua: Fria 5 A 10 ? Y Caliente 85 A 95 ?.;5;5003;950000;1330000
243;BEBEDERO CONSUMER DISPENSADOR;BEBEDERO CONSUMER DISPENSADOR DE PIE CON BOTELLON INTERNO;Bebedero Dispensador Consumer De Pie Con Botellon interno;5;5003;1250000;1750000
39;ENFRIADOR DE VINO CONSUMER;ENFRIADOR DE VINO CONSUMER 28 BOTELLAS;Capacidad 28 Botellas. . Control Ajustable De Temperatura De 11 A 16 C. Display Lcd Digital De Temperatura. . Puerta Vidrio Espejado. . Minimo Nivel De Ruido, Tan Solo 15Db. . Luz interior. . Estantes Removibles En Acero inoxidable. . Bajo Consumo Electrico. . Puerta Visor De Doble Vidrio. . Dise¤o Elegante. . Protege El Medio Ambiente, No Contamina. . Funcionamiento Sin Vibraciones. . Voltaje 220V. . Dimensiones: 46 X 74 X 55 Cm. (Ancho X Alto X Profundidad);36;36001;1450000;2030000
20;ESTUFAS VENTILADOR CONSUMER;ESTUFAS CON VENTILADOR CONSUMER;Potencia: 1800 - 2000 W. . Termostato Ajustable. . Proteccion Antideslizamiento. . Super Silencioso. . Alta Eficiencia.;25;25005;100000;140000
291;CALEFACTOR PARA PATIO CONSUMER;CALEFACTOR PARA PATIO A GAS NEGRO CONSUMER;Potente Calefactor De Facil instalacion.  . Capacidad De Calefaccion 45.000 Btu.  . area De Cobertura: 20-25M2.  . Ruedas Para Traslado.  . Encendido Electrico.  . Consumo: Entre 450 Y 850 Gramos Por Hora.  . Altura 2.25 Mts.  . Peso: 17 Kilos.  . Funciona Con Gas, Garrafa 10 K.  . Fabricado En Acero inoxidable.;25;25005;1900000;2660000
142;EXHIBIDOR CONSUMER 6 BANDEJAS;EXHIBIDOR 6 BANDEJAS CONSUMER CONSUMER;Vidrio Curvo, Humedecedor, Termostato Regulable.    . Vidrio Corredizo.  . Pie De Goma.;5;5004;950000;1330000
58;FABRICADORA HIELO CONSUMER 2K;FABRICADORA DE HIELO CONSUMER 2K;Hace Hielo En 20 Minutos. .  . 12 Cubos Por Ciclo Que Pueden Ser De Tres Tama¤os Peque¤o, Mediano Y Grande. . Panel De Vision Superior. . Capacidad Para 2K De Hielo.;36;36001;1050000;1470000
270;FABRICADORA HIELO CONSUMER 18K;FABRICADORA DE HIELO CONSUMER 18K CONSUMER;Panel De Mando Digital . 3 Tama¤os De Hielo . Tanque De Agua Ed 3.2 Litros ;36;36001;1350000;1890000
271;FABRICADORA HIELO CONSUMER 40K;FABRICADORA DE HIELO CONSUMER 40K;40Kg En 24Hs . Tanque De Agua Cap 1Kg . Puede Ser Conectado A La Toma De Agua . Puede Conectarse Con Botellones . Cap. De Almacenamiento Hasta 6Kg . Produce 32 Cubos De Hielo En 20Min . Estructura De Acero inox Y Plastico . Medidas: 69X40X38Cmd;36;36001;2400000;3360000
128;FREIDORA ELECTRICA 3L CONSUMER;FREIDORA ELECTRICA 3 LITROS CONSUMER;Termostato Regulable, Canasto En Acero inox.,  . Bacha En Acero inox. 3 Lts;1;1002;750000;1050000
129;FREIDORA ELECTRICA CONSUMER 7L;FREIDORA ELECTRICA CONSUMER 7L;Capacidad: 7 Lts . Potencia: 220V . Termostato Regulable . Canasto De Acero inoxidable. . Bacha En Acero inoxidable;1;1002;950000;1330000
36;MINIBAR CONSUMER DE 55LTS GRIS;MINIBAR CONSUMER DE 55LTS GRIS;Puerta De Aluminio. . ideal Para Uso En Hoteles, Departamentos, Oficinas. . Con Selector De Temperatura. . Taman?O Del Congelador 5L. . Capacidad Para Botellas De 2L. . Estante Organizador. . Taman?O: 52X44X48 Cm . Peso: 16 Kg. . Color Gris ;5;5001;850000;1190000
37;MINIBAR CONSUMER DE 55L NEGRO;MINIBAR CONSUMER DE 55L NEGRO;Puerta De Aluminio. . ideal Para Uso En Hoteles, Departamentos, Oficinas. . Con Selector De Temperatura. . Taman?O Del Congelador 5L. . Capacidad Para Botellas De 2L. . Estante Organizador. . Taman?O: 52X44X48 Cm . Peso: 16 Kg. . Color Negro ;5;5001;900000;1260000
44;HELADERA CONSUMER 120LTS NEGRO;HELADERA RETRO DE 120LTS  NEGRO CONSUMER;Dise¤o italiano. . Capacidad: 120 Litros. . Con Congelador. . Estantes De Vidrio Templado. . Cajon Para Vegetales. . Manija Externa Color Plata. . Control De Temperatura. . Medidas 89X49X54 Cm.;5;5001;1450000;2030000
246;FREIDORA ELECT CONSUMER 6LTS;FREIDORA ELECTRICA DE 1 TANQUE 6LTS CONSUMER;Freidora Electrica industrial - 1 Tanque . Termostato Con Control De Temperatura. Tapa De Acero inox. 1 Tanque De 6 Lts. Potencia: 2.5 . Kw. Peso 4,5 Kg. Medidas 275X460X300 Mm.;1;1002;600000;840000
247;FREIDORA ELECT CONSUMER 12LTS ;FREIDORA ELECTRICA 2 TANQUES 12 LTS CONSUMER;Termostato Con Control De Temperatura.  . Tapa De Acero inox.  . 2 Tanques De 6 Lts.  . Cada Uno. . Potencia: 5 Kw. Peso 9 Kg. Medidas 550X460X300 Mm;1;1002;1000000;1400000
248;MOLEDORA DE CARNE CONSUMER;MOLEDORA DE CARNE CONSUMER;Capacidad De Produccion 120 Kg H.  . Acero inoxidable.  . Power 0,55Kw. 220V 5Hz;36;36001;2000000;2800000
249;CORTADORA DE FIAMBRE CONSUMER;CORTADORA DE FIAMBRE CONSUMER  ITALUX SEMI AUTO 25 CM ICFSA250;ideal Para Cortar Embutidos En General. . Diametro De Cuchilla (Mm): 250 10? . Grosor De Corte (Cm): 0-12 14   ;36;36001;2300000;3220000
251;MAQUINA  DE PORORO CONSUMER;MAQUINA ELECTRICA DE PORORO CONSUMER;Maquina Electrica De Pororo . Llave De Encendido Y Apagado, iluminacion. Estructura De Aluminio. Olla Antiadherente. . Potencia 1.44Kw. 220-240V 50-60 Hz. Peso: 22 Kg. Medida: 500X370X680 Mm.;1;1009;1100000;1540000
252;SALCHICHERA CONSUMER;SALCHICHERA CONSUMER;Salchichera Consumer ( Panchos) . 9 Rodillos De Aluminio. . Control De Temperatura . Potencia: 1,35 Kw 200 V  50 Hz. . Peso: 13 Kg. . Medidas: 560 X 410 X 190 Mm.;1;1005;1100000;1540000
253;ESPIEDO CONSUMER ELECT 30P ;ESPIEDO ELECTRICO CONSUMER PARA 30 POLLOS;Capacidad 30 Pollos.  . Ventana De Vidrio.  . Temperatura Regulable.  . 6 Rodillos.  . Potencia 12.3 Kw. . 380V 50Hz. Medida: 1180X490X1380 Mm.;36;36001;10500000;14700000
254;ESPIEDO CONSUMER ELECT 15P ;ESPIEDO ELECTRICO CONSUMER PARA 15 POLLOS CONSUMER;Capacidad 15 Pollos.  . Ventana De Vidrio.  . Temperatura Regulable.  . 3 Rodillos.  . Potencia 6 Kw. . 380V Peso: 4,5 Kg. Medida: 1180X490X830 Mm.;36;36001;6500000;9100000
255;MAQUINA DE EMBALAJE CONSUMER;MAQUINA ELECTRICA DE EMBALAJE CONSUMER;Aplicadora De Film.  . Acero inoxidable.  . Sistema De Corte Por Barra.  . Regulador De Temperatura De . La Placa De Sellado.  . Potencia 0,75Kw. 220V   50Hz.  . Peso 5Kg.  . Medida 430X660X155 Mm.;35;35007;550000;770000
256;COCINA CONSUMER DE HIERRO 4H ;COCINA CONSUMER DE HIERRO INDUSTRIAL A GAS 4H;4 Hornallas De Hierro.  . Estructura De Acero inoxidable.  . Manijas Reguladoras.  . Potencia 25.2Kw 86000 Btu.  . Peso 59 Kg.  . Medida: 610X770X375 Mm.;15;15006;2900000;4060000
257;WAFLERA INDUSTRIAL CONSUMER;WAFLERA INDUSTRIAL CONSUMER;Estructura De Acero inoxidable.  . Base De Teflon.  . Llave De Encendido Y Apagado.  . Temporizador. . Potencia 1,2 Kw. 220-240V 50-60 Hz Peso5,4 Kg.Medidas 250X350X260 Mm.;1;1005;950000;1330000
258;BATIDORA INDUSTRIAL CONSUMER;BATIDORA INDUSTRIAL CONSUMER;Mezcla Masa Hasta 500G.  . Mezcla Huevos 500G.  . Capacidad 5 Lts.  . Velocidad 0-1000Rpm. . Potencia 0,5 Kw 220-240 50-60 Hz.  . Peso 13 Kg.  . Medidas 380X240X375;1;1004;1700000;2380000
259;HORNO ELECT INDUST CONSUMER;HORNO CONSUMER ELECTRICO INDUSTRIAL;Para Uso De Panaderia.  . Capacidad De Horneado: 1 Bandeja.  . Numero De Cubierta: 1 Cubierta  . Power: 3.2 Kw.  . Volts: 220 V;15;15002;2500000;3500000
260;HORNO CONSUMER PARA PIZZA;HORNO CONSUMER ELECTRICO PARA PIZZA;En Acero.  . Tama¤o De Piedra Para Pizza: 400 X 400 Mm.  . Temperatura: 0-350øC.  . Potencia 2Kw. 220-240 V   50-60 Hz.  . Medida: 560X570X280 Mm.;15;15002;2000000;2800000
261;PLANCHA CHURR A GAS CONSUMER;PLANCHA CHURRASQUERA A GAS CONSUMER;Modo Grill.  . Acero inoxidable.  . 1 Quemador.  . Potencia 36.7 Tu Nr.  . Peso 30 Kg.  . Medidas: 550X480X420;15;15001;1300000;1820000
262;PLANCHA ELECTRICA CONSUMER;PLANCHA CHURRASQUERA ELECTRICA CONSUMER;Acero inoxidable. . Potencia 3 Kw. . 220-240 50-60 Hz. . Peso 25 Kg. . Medidas: 550X430X240 Mm.;15;15001;1500000;2100000
263;PLACA ELECT CONSUMER CREPES;PLACA ELECTRICA PARA CREPES CONSUMER;Acero inoxidable.  . Regulador De Temperatura.  . Potencia: 3Kw. 220V 50Hz.  . Peso: 23 Kg. Medida . 450X470X230Mm;15;15004;1200000;1680000
264;PLANCHA GRILL ELECTR CONSUMER ;PLANCHA GRILL ELECTRICA 1 TAPA CONSUMER;Regulador De Temperatura.  . Potencia 2.2Kw 220V 50Hz.  . Peso 21 Kg.  . Medida 425X400X210;15;15001;1000000;1400000
265;PLANCHA GRILL CONSUMER 2 TAPAS;PLANCHA GRILL ELECTRICA 2 TAPAS CONSUMER;Regulador De Temperatura.  . Potencia 3.6 Kw 220V 50Hz.  . Peso 26 Kg.  . Medida 580X400X210Mm;15;15001;1400000;1960000
143;HAMBURGUESERA CONSUMER 70X40;HAMBURGUESERA CONSUMER A GAS 70X40;Plancha De Hierro Fundido. . Funciona Con Gas . Tiene 2 Quemadores;2;2005;850000;1190000
144;HAMBURGUESERA CONSUMER 95X40;HAMBURGUESERA CONSUMER A GAS 95X40;Compacto Y Porta?Til. Luz Ultravioleta Y Fluorescente Para Deteccio?N Y Verificacio?N De Marcas De Agua. Magnificador Para Verificar La Micro impresio?N. . ;36;36001;1150000;1610000
41;HELADERA CONSUMER 350L NEGRO;HELADERA DE 350 LITROS NEGRO CONSUMER;Heladera Y Freezer Combinado Doble Puerta Color Negro . Capacidad: 350 Litros . Con Freezer inferior De 3 Cajones . Frio Humedo . Estantes De Vidrio . Gaveta De Frutas Y Verduras . Portabotellas . Control De Temperatura . Bajo Consumo . Luz interna . 3 Cajones individuales . Dimensiones: Ancho: 58 X Profundidad: 60 X Altura: 182. Cm;5;5001;2440000;3416000
42;HELADERA CONSUMER DE 280L GRIS;HELADERA CONSUMER DE 280L GRIS;2 Puertas (Heladera Y Congelador) . Frio Humedo . Capacidad: 280 Litros . Color: Gris . incluye Bandeja Para Almacenar Verduras . 3 Rejillas . 3 Estantes En La Puerta;5;5001;1600000;2240000
120;PULIDORA CONSUMER 1200W;PULIDORA CONSUMER POTENCIA 1200W;Potencia Maxima 1200W.  . Especial Para Autos.  . 7 Velocidades.  . Disco 180Mm.  . Mango Ergonomico.  . Accesorios incluidos: Disco De Goma, Bonete De Lana, Pu¤o Auxiliar Y Llave De Ajuste. . ;35;35007;350000;490000
121;TALADRO CONSUMER INALAMB 12V;TALADRO CONSUMER INALAMBRICO 12V;Voltaje 12V. Torque De 18 Posiciones Mas 1. . Velocidad Variable. . Mango Ergonomico. Accesorios: 6 Mechas, 6 Brocas, Extension Magnetica Y Cargador. Mandril Hasta 10Mm. . Potencia De 0 A 650 Rpm. . Torque De 22Nm. . Con Malentin.;35;35002;380000;532000
122;TALADRO PERCUTOR CONSUMER 500W;TALADRO PERCUTOR CONSUMER 500W;"Potencia 500W. . Mandril 13Mm. 1 2"". . Empu¤adura Ergonomica . . Velocidad Variable. . incluye Maletin De Plastico Y Accesorios: 9 Mechas. . Empu¤adura. . Varilla De Profundidad. . Llave De Ajuste";35;35002;210000;294000
123;ESCALERA TELESC CONSUMER 3.2M;ESCALERA TELESCOPICA DE 3.2MTS CONSUMER;Altura Extendida 3.2 Mts. . Material Aluminio. Resistencia 150 Kg. . Medida Plegada: 80X48Cm. . Separacion Entre Escalones: 30Cm.;35;35007;590000;826000
125;GABINETE METALICO CONSUMER;GABINETE METALICO P  HERRAMIENTAS CONSUMER;8 Bandejas De Distintas Medidas Montadas En Correderas De Facil Desplazamiento.  . En La Seccion De Baulcuenta Con Un Compartimiento Con Tapa Abatible De Gran Capacidad.  . Posee 4 Ruedas De Gran Resistencia. . Pintado En Horno Con Pintura Electroestatica. Con Llaves. Medida: 60X107X33Cm.;1;1003;1500000;2100000
127;GABINETE PORTATIL CONSUMER;GABINETE PORTATIL P  HERRAMIENTAS CONSUMER;Con Ocho Bandejas De Distintas Medidas Montadas En Correderas De Facil Desplazamiento.   . En La Seccion De Baul Cuenta Con Un Compartimiento Con Tapa Abatible De Gran Capacidad.  . Posee Cuatro Ruedas De Gran Resistencia.  . Pintado En Horno Con Pintura Electroestatica Para Un Acabado Profesional Y Duradero.  . incluye Llaves. Medida: 60X107X33Cm.;2;2005;400000;560000
272;JUEGO DE HERRAMIENTAS CONSUMER;JUEGO DE HERRAMIENTAS CONSUMER;Resistente Maletin Con Varias Herramientas.;35;35003;300000;420000
273;COMPRESOR 24 LTS CONSUMER;COMPRESOR 24 LTS CONSUMER;Tanque: 24 L . Presion: 8Bar 115Psi . Voltaje: 220V 50 60 Hz . Potencia De Entrada: 1,1Kw 2Hp . Velocidad: 2850Rpm . Desplazamiento 206 L 1 Min, 7.3 Cfm;35;35006;950000;1330000
274;COMPRESOR 50 LTS CONSUMER;COMPRESOR 50 LTS CONSUMER;Tanque: 50 L . Presion: 8Bar 115Psi . Voltaje: 220V 50 60Hz . Potencia De Entrada: 1,1Kw 2Hp . Velocidad: 2850Rpm . Desplazamiento 206 L 1 Min, 7.3 Cfm;35;35006;1100000;1540000
277;SOLDADORA INVERTER CONSUMER;SOLDADORA INVERTER CONSUMER;Amperaje Maximo: 180 A. Ciclo De Trabajo: 60%. Tipo De Soldadora: Mma. Minimo Diametro De . Electrodo: 1.6 Mm. Maximo Diametro De Electrodo: 5 Mm. Con Display Digital. Peso: 3.5 Kg. Voltaje: 220V . 50Hz. Display Digital.;35;35014;750000;1050000
278;PISTOLA DE CALOR CONSUMER;PISTOLA DE CALOR CONSUMER;Potencia Maxima: 2000 Watts.  . Control De Flujo De Aire.  . Control De Temperatura.  . 2 Temperaturas 350Oc - . 600Oc. Flujo De Aire: i ii - 300 - 500 L Min.;15;15001;160000;224000
130;HORNOS ELECTRICO CONSUMER 40L;HORNOS ELECTRICO CONSUMER  40 LITROS;Temperatura De 100C A 250C.  . Timer De 5 A 60 Minutos.  . Potencia: 2000W.  . Programas De Coccio?n.  . Convector Y Spiedo.  . incluye Bandeja.;15;15002;400000;560000
131;HORNOS ELECTRICO CONSUMER 62L;HORNOS ELECTRICO CONSUMER 62 LITROS;Capacidad De 62 Litros . indicador Del Horno, Temporizador, Programas De Coccion. . Termostato Ajustable Hasta 250 C . . Coccio?N Superior, inferior O Ambas. . ideal Para Asar, Hornear Y Tostar, incluye Rejilla Para Hornear, Bandeja Y Mango De La Bandeja.;15;15002;540000;756000
76;BORDEADORA CONSUMER 31CM;BORDEADORA CONSUMER ANCHO DE CORTE 31CM MANGO INTEGRADO;Ancho De Corte 31Cm. . Tubo Telescopico Extensible. . Guia Para Bordear Con Precision.  . Mango integrado Para Tener Mayor Control.;35;35009;230000;322000
77;HIDROLAVADORA CONSUMER 1500;HIDROLAVADORA CONSUMER 1500;Pistola De Alta Presion.  . Lanza Regulable.  . Boquillas Para Lavado Vertical, Abanico, Turbo.  . Deposito Para Detergente.  . Cepillo Circular Para Limpieza De Superficies Planas.  . Cepillo De Cerdas Suaves.  . Bajo Nivel De Ruido.  . Ruedas Para Facil Manejo.;35;35013;750000;1050000
78;SOPLAHOJAS CONSUMER;SOPLAHOJAS CONSUMER;2500W . Sopla,Aspira Y Tritura Hojas . Bolsa Recolectora De 45 Lts . Doble Empu¤adora Para Facil Manejo . Rueda Delantera Y Correa De Transporte;35;35012;300000;420000
268;HIDROLAVADORA CONSUMER HURACAN;HIDROLAVADORA CONSUMER HURACAN;Pistola De Alta Presion . Lanza Regulable . Boquillas Para Lavado Vertical, Turbo. . Deposito Para Destergente . Cepillo Circular Para Limpieza De Superficies Plana . Cepillo De Cuerdas Suaves . Bajo Nivel De Ruido . Ruedas Para Facil Manejo;35;35013;950000;1330000
269;HIDROLAVADORA CICLON CONSUMER;HIDROLAVADORA CICLON CONSUMER;Las Hidrolavadoras Son Maquinas Capaces De Rociar Agua A Alta Presion Para La Limpieza De Una Gran Variedad De Elementos. No Solo Son De 10 A 50 Veces Mas Potentes Que Una Manguera De Jardin, Sino Que Ademas Cuentan Con La Ventaja De Utilizar Hasta Un 80% Menos De Agua. . Hidrolavadora Consumer Ciclon . Set De Accesorios Para Diferentes Tipo De Lavado . Pistola De Alta Presion . Deposito Para Destergente;35;35013;650000;910000
161;CENTRIFUGADORA 6.5 KG CONSUMER;CENTRIFUGADORA 6.5 KG CONSUMER;Ciclo De 3 Minutos. . No Requiere instalacion Especial. . No Maltrata Ni Decolora La Ropa. . Dispositivo De Seguridad En Tapa. . Filtro De Desague.;13;13002;450000;630000
162;LAVARROPA CONSUMER TANQUE 6KG;LAVARROPA CONSUMER TANQUE SIMPLE DE 6KG.;Tapa Acrilica Transparente. . Lava Y Enjuaga. . Con Timer. . Super Turbina. . Lava Hasta 15 Minutos. . Ahorra Energi?A. . Drenaje De Seguridad. . Voltaje: 220V 50Hz.;13;13001;550000;770000
163;LAVARROPA CONSUMER 7.5KG;LAVARROPAS CONSUMER 7.5KG DOBLE TANQUE;Capacidad: 7,5 Kilos.  . Doble Tanque.  . Lavado Y Centrifugado Al Mismo Tiempo Gracias Al Doble Motor. . Filtro Atrapa Pelusas.  . Funcion Wind Jet Dry Que Ayuda A Tener Un Secado Mas Fresco Y A Reducir La . Humedad De La Tina, Previniendo La Formacion De Moho.  . Medida: An.76 X Alt. 83 X 45 Cm.  . Peso 18 Kg. . ;13;13001;850000;1190000
237;SECARROPAS CONSUMER PORTATIL;SECARROPAS CONSUMER PORTATIL;Seca Mediante Aire Caliente Gracias A La Cual Podra Secar Sus Ropas De Una Manera Rapida Y Eficiente, . Facilitando Posteriormente Su Planchado Y Permitiendole Ahorrar Hasta 35% De Energia En Comparacion . Con Otros Tipos De Secadoras Tradicionales. No incluye Perchas. Capacidad De Secado: Hasta 15 K . Tiempo De Secado: 30A 180 Minutos - Potencia: 1.300 W - Voltaje: 220V 50Hz . Medida: 150X70X50 Cm.;13;13002;450000;630000
72;MATA INSECTOS CONSUMER 20W;MATA INSECTOS CONSUMER DE 20 WATTS.CR 20W;Modelo: Cr-20W . Los insectos Son Atraidos Por La Luz Ultravioleta Para Ser Fulminados En El Acto Por La Grilla Electrica. . inofensivo Para Seres Humanos Y Mascotas. . Para Utilizar En El Hogar, Oficinas, Hoteles, Locales Comerciales, Restaurantes, Fabricas, Etc. . Ancho 38 Cm. . Altura 28 Cm. . Prof. 9 Cm.;35;35012;150000;210000
73;MATA INSECTOS CONSUMER 30W;MATA INSECTOS CONSUMER 30W 2TUBOS ULTRAVIOLETA;Los insectos Son Atraidos Por La Luz Ultravioleta Para Ser Fulminados En El Acto Por La Grilla Electrica. . inofensivo Para Seres Humanos Y Mascotas. . Para Utilizar En El Hogar, Oficinas, Hoteles, Locales Comerciales, Restaurantes, Fabricas, Etc.;35;35012;220000;308000
74;MATA INSECTOS CONSUMER CR-40W;MATA INSECTOS CONSUMER CR 40W;Protejase Del Dengue! Elimina insectos Voladores Como Mosquitos Y Moscas De Una Manera Totalmente Silenciosa Y Ecologica. . Los insectos Son Atraidos Por La Luz Ultravioleta Para Ser Fulminados En El Acto Por La Grilla Electrica. inofensivo Para Seres Humanos Y Mascotas. . Para Utilizar En El Hogar, Oficinas, Hoteles, Locales Comerciales, Restaurantes, Fabricas, Etc.;35;35012;270000;378000
138;MICROONDAS CONSUMER 25L;MICROONDAS CONSUMER 25 LITROS C  GRILL;Control Digital. . Funcion Grill. . 5 Niveles De Potencia. . Timer 60 Minutos. . Descongelamiento. . Se¤al De Final De Coccion. . Bandeja De Vidrio Giratoria. . 220V - 50Hz 900W;15;15003;530000;742000
25;MINIVISICOOLER CONSUMER 55L;MINI VISICOOLER CONSUMER 55L PUERTA VISOR DE DOBLE VIDRIO LUZ CERRADURA;Capacidad 55 Lts.  . Con Llaves.  . Luz interna.  . Puerta Visor De Doble Vidrio. . Dise¤o Elegante. . Protege El Medio Ambiente, No Contamina. . Funcionamiento Sin Vibraciones Y Silencioso. . Voltaje 220V . . 51X44X51 Cm;36;36001;1280000;1792000
26;MINI VISICOOLER CONSUMER 70L;MINI VISICOOLER CONSUMER 70L PUERTA VISOR DE DOBLE VIDRIO LUZ CERRADURA;Capacidad 70 Lts. . Con Llaves. . Luz interna. . Puerta Visor De Doble Vidrio. . Disen?O Elegante. Protege El Medio Ambiente, . No Contamina. . Funcionamiento Sin Vibraciones Y Silencioso. . Voltaje 220V. . 70X44X51 Cm;36;36001;1350000;1890000
27;MINIVISICOOLER CONSUMER 120L;MINIVISICOOLER CONSUMER DE 120 LITROS;3 Rejillas . Puerta De Doble Vidrio . Frio Humedo . Temperatura Regulable.;36;36001;1450000;2030000
147;PARRILLA ELECT CONSUMER SIMPLE;PARRILLA ELECTRICA CONSUMER SIMPLE;Potencia: 2000W. . Pra?Ctica Y Porta?Til. . Bandejas Laterales. . Escudo Antiviento. . Regulador De Temperatura. . Asas Fri?As Al Tacto. Luz indicadora;15;15001;250000;350000
148;PARRILLA GRILL CONSUMER 7320;PARRILLA GRILL CONSUMER CHICO COD:7320;2 Quemadores A Gas . Encendido Electrico . Tapa Y Panel De Control De Acero inoxidable  . Bandejas Laterales  De Corte Plegables . Medidas:116X55X101 Cm;15;15001;1600000;2240000
149;PARRILLA ELECTRICA CONSUMER;PARRILLA ELECTRICA CONSUMER GRILL PLEGABLE;Para Uso En interior O Exterior. . Reloj indicador De Temperatura. . Asas Frias Al Tacto. . Bandeja Recolectora De Grasa. . Control De Temperatura Ajustable. . Superficie De Coccion 45X36 Cm. . Utilizable Con O Sin Soporte.;15;15001;750000;1050000
150;PARRILLA GRILL CONSUMER 9340;PARRILLA GRILL CONSUMER GRANDE COD:9340;Quemadores A Gas. . 4 internos + 1 Grande Auxiliar Externo. . Bandeja Lateral De Corte. . Encendido Electronico. . Reloj De Temperatura Analogico. . Tapa Y Panel De Control De Acero inox. . Ruedas Para Facil Desplazamiento. . Medidas: 135 X 64 X 117 Cm. . Peso: 45 Kilos.;15;15001;2300000;3220000
152;CAFETERA ELECTRIC CONSUMER 12T;CAFETERA ELECTRICA CONSUMER 12 TAZAS;Capacidad 12 Tazas.  . Dispositivo Anti-Goteo. . Dise¤o Elegante. . Luz indicadora. . Tanque De Agua indicador. . Funcion Mantener Caliente. . Potencia: 800W;35;35018;120000;168000
153;EXTRACTOR JUGO CONSUMER 1.5L;EXTRACTOR DE JUGO CONSUMER 91 1.5L 500W;Potencia: 500W . 2 Velocidades . Patas De Goma .  Rallador Y Filtro De Acero inoxidable . Boca Extra Ancha 65Mm . Contenedor De Pulpa De 1.5 Litros . Contenedor De Jugo 0.6 Litro. incluye Jarra De Jugo;1;1003;220000;308000
154;HERVIDORA DE AGUA CONSUMER;HERVIDORA DE AGUA CONSUMER;Capacidad: 1,8 Litros.  . Potencia: 1500W.  . Base Giratoria De 360 . Cuerpo De Acero inox.  . Apagado Automatico.  . Luz indicadora.;1;1011;100000;140000
155;JARRA ELECTRICA LED CONSUMER;JARRA ELECTRICA LED CONSUMER;Cap.De 1.8 Lts.  . Hervor Completo En 10 Min.  . Apagado Automatico.  . Ahorra Tiempo Y Energiaa.  . Luz Led Azul.  . Base Giratoria De 360 Grados.;1;1011;130000;182000
156;LICUADORA CONSUMER 1.5 LTS;LICUADORA CONSUMER 1.5 LTS;Potencia 500W.  . 4 Velocidades Y Pulsador.  . Cuchillas De Acero inox.  . Jarra De Vidrio De 1.5 Lts.  . Traba De Seguridad.  . Dise¤o Elegante.;1;1003;190000;266000
158;SANDWICHERA CONSUMER GRILL;SANDWICHERA CONSUMER GRILL;Luz indicadora De Encendido Y Listo. . Control Automatico De La Temperatura. . Potencia De 750W. . Mango Cool-Touch. . Panel De Acero inox. . Placas Anti Adherentes Para Facilitar La Limpiza.;1;1005;95000;133000
160;TOSTADORA CONSUMER;TOSTADORA CONSUMER;2 Rebanadas Por Vez. . 7 Niveles De Tostado. . Recalienta Y Descongela. . Bandeja Para Migas. . Boton Cancelar. . Luz indicadora. . Paneles De Acero inox.;1;1005;115000;161000
179;SCOOTER ELECT CONSUMER VERDE;SCOOTER ELECT CONSUMER VERDE;Peso 11,5 Kgs. . Voltaje 36 V. . Velocidad Maxima 12 Km H. . Conexion Bluetooth. . Medidas 650X245X230 . Estuche Para Transportar . Color Verde;47;47001;5500000;7700000
180;SCOOTER CONSUMER ELECTR ROJO ;SCOOTER CONSUMER ELECTRICO ROJO ;Peso 11,5 Kgs. . Voltaje 36 V. . Velocidad Maxima 12 Km H. . Conexion Bluetooth. . Medidas 650X245X230 . Estuche Para Transportar . Color Rojo ;47;47001;5500000;7700000
181;SCOOTER ELECT CONSUMER NEGRO;SCOOTER ELECTRICO CONSUMER NEGRO;Peso 11,5 Kgs. . Voltaje 36 V. . Velocidad Maxima 12 Km H. . Conexion Bluetooth. . Medidas 650X245X230 . Estuche Para Transportar . Color Negro ;47;47001;5500000;7700000
285;SILLA CONSUMER 7001 GAMER AZUL;SILLA CONSUMER 7001 GAMER RACING AZUL;Sillas Gamer Racing Dise¤o Deportivo, Gran Resistencia , Altura Reclinable Y Soporte Lumbar.  . Material De Tela (Tejido Transitable).  . Asiento Acolchado Y Giratoria Con Posa Brazos Fijo . Color Azul ;2;2004;1000000;1400000
280;SILLA CONSUMER 7001 GAMER ROJO;SILLA CONSUMER 7001 GAMER RACING ROJO;Sillas Gamer Racing Dise¤o Deportivo, Gran Resistencia , Altura Reclinable Y Soporte Lumbar.  . Material De Tela (Tejido Transitable).  . Asiento Acolchado Y Giratoria Con Posa Brazos Fijo . Color Rojo ;2;2004;1000000;1400000
284;SILLA CONSUMER 2012 GRIS ;SILLA CONSUMER 2012 OPERATIVA GRIS ;Dise¤o Ergonomico, Respaldo Tapizado En Tejido De Malla Color Gris. Amplio Giro De 360O, 5 . Ruedas, Base Giratoria, Altura Ajustable. . Color Gris;2;2004;850000;1190000
282;SILLA CONSUMER 2012 OPERATIVA;SILLA CONSUMER 2012 OPERATIVA NEGRO ;Dise¤o Ergonomico, Respaldo Tapizado En Tejido De Malla Color Gris. Amplio Giro De 360O, 5 . Ruedas, Base Giratoria, Altura Ajustable. . Color Negro ;2;2004;850000;1190000
283;SILLA CONSUMER 2012 ROJO;SILLA CONSUMER 2012 OPERATIVA ROJO;Dise¤o Ergonomico, Respaldo Tapizado En Tejido De Malla Color Gris. Amplio Giro De 360O, 5 . Ruedas, Base Giratoria, Altura Ajustable. . Color Rojo;2;2004;850000;1190000
281;SILLA CONSUMER 2012H ;SILLA CONSUMER 2012H TIPO CAJERO;Silla Alta Tipo Cajero Con Apoya Brazos . Comodo Respaldo En Malla Con Apoyo Lumbar Y Mecanismo Regulable En Altura. . Base Giratoria. . Con Ruedas;2;2004;950000;1330000
279;SILLA CONSUMER 8926 TRIDIMENS;SILLA CONSUMER 8926 TRIDIMENSIONAL;Ergonomica, Con Posa Brazos, Dise¤o Tridimensional, Respaldo Ergonomico En Malla . Transpirable, Asiento En Malla Con Ajuste De Profundidad, Reposa Cabeza Con Regulacion De . Altura Y angulo. Base Giratoria. Con Ruedas;2;2004;1250000;1750000
287;SILLA CONSUMER 8953B GRIS ;SILLA CONSUMER 8953B EJECUTIVA GRIS ;Dise¤o Ergonomico. . Respaldo De Malla Trenzada De Nylon. . Tapizada En Tela Transpirable. . Soporte Lumbar. . Ajuste De Profundidad Por Presion Y Altura. . Color Gris;2;2004;800000;1120000
288;SILLA CONSUMER 8953B NEGRO;SILLA CONSUMER 8953B EJECUTIVA NEGRO;Dise¤o Ergonomico. . Respaldo De Malla Trenzada De Nylon. . Tapizada En Tela Transpirable. . Soporte Lumbar. . Ajuste De Profundidad Por Presion Y Altura. . Color Negro;2;2004;800000;1120000
286;SILLA CONSUMER 8953B VERDE;SILLA CONSUMER 8953B EJECUTIVA VERDE;Dise¤o Ergonomico. . Respaldo De Malla Trenzada De Nylon. . Tapizada En Tela Transpirable. . Soporte Lumbar. . Ajuste De Profundidad Por Presion Y Altura. . Color Verde;2;2004;800000;1120000
289;SILLA CONSUMER 8955 EJECUTIVA;SILLA CONSUMER 8955 EJECUTIVA CMR SE;Respaldo Ergonomico En Malla Transpirable, Descansa Brazos Fijos, Base Giratoria, Altura . Ajustable, Asiento Acolchado, Reposa Cabeza Ajustable, Ajuste De Tension.  . Con Ruedas;2;2004;1050000;1470000
95;SILLA GAMER CONSUMER Y2706;SILLA GAMER CONSUMER Y2706 GAME NARANJA;Silla Giratoria. .  Acolchada. .  Cuerina Negro  Narnaja. .  Posa Brazos Acolchados.;2;2004;900000;1260000
97;SILLA GAMER CONSUMER Y2706R;SILLA GAMER CONSUMER Y2706R ROJA;Silla Giratoria . Acolchada, Cuerina Negro  Rojo . Posa Brazos Acolchados.;2;2004;900000;1260000
98;SILLA CONSUMER Y1846 GIRATORIA ;SILLA CONSUMER Y1846 GIRATORIA NEGRO;Silla Giratoria . Base Cromada . Regulador De Altura . Cuerina . Color Negro;2;2004;1000000;1400000
92;SILLAS CONSUMER CH-2019B AZUL;SILLAS CONSUMER CH-2019B AZUL;Respaldo Bajo, Descansabrazos Fijos De Plastico . Base Giratoria (Estrella De 5 Puntas) . Altura Ajustable . Ajuste De Tension . Tapizado Con Tela Perforada . Asiento Acolchado.  . Color Azul ;2;2004;839500;1175300
94;SILLAS CONSUMER CH-2019R ROJA;SILLAS CONSUMER CH-2019R ROJA;Respaldo Bajo, Descansabrazos Fijos De Plastico . Base Giratoria (Estrella De 5 Puntas) . Altura Ajustable . Ajuste De Tension . Tapizado Con Tela Perforada . Asiento Acolchado.  . Color Rojo;2;2004;839500;1175300
88;SILLAS CONSUMER CH-3001 ;SILLAS CONSUMER CH-3001 ;Respaldo Bajo . Descansabrazos Fijos De Plastico . Base Giratoria (Estrella De 5 Puntas) . Altura Ajustable. ;2;2004;750000;1050000
89;SILLAS CONSUMER CH-3004 ;SILLAS CONSUMER CH-3004 ;Respaldo Bajo . Posa Brazos . Base Giratoria . Patas Cromadas . Altura Ajustable . Con Ruedas . Color Negro Cuero Sintetico.;2;2004;800000;1120000
90;SILLAS CONSUMER CH-3008 ;SILLAS CONSUMER CH-3008 ;Respaldo Bajo . Descansabrazos Fijos De Plastico . Base Giratoria (Estrella De 5 Puntas) . Altura Ajustable.  . Color Negro Cuero Sintetico.;2;2004;750000;1050000
85;SILLAS CONSUMER CH-9001 ;SILLAS CONSUMER CH-9001 ;Respaldo Alto . Descansabrazos Fijos De Plastico . Base Giratoria (Estrella De 5 Puntas) . Altura Ajustable.  . Color Negro Cuero Sintetico.;2;2004;850000;1190000
86;SILLAS  CONSUMER CH-9004;SILLAS  CONSUMER CH-9004;Silla De Oficina Respaldo Alto Ecocuero Negro. . Ecocuero.Respaldo Alto. . Giratorio De 5 Radios Con Ruedas Dobles. . Color Negro.;2;2004;950000;1330000
87;SILLAS CONSUMER CH-9008 ;SILLAS CONSUMER CH-9008 ;Ecocuero. . Respaldo Alto. . Giratorio De 5 Radios Con Ruedas Dobles. . Color Negro. . Balanceo Del Asiento Y Respaldo;2;2004;839500;1175300
101;SILLAS CONSUMER  Y2713 NEGRO;SILLAS Y  2713 EXE BLACK CONSUMER;Silla Giratoria De Cuero Reclinable . Base Cromado . Apoyabrazos Ajustable En Altura Con Almohadilla Pu . Con Conexion De Nylon.  . Color Negro  . Respaldo Alto.;2;2004;1150000;1610000
93;SILLAS CONSUMER CH2019K;SILLAS CH 2019K NEGRA  CONSUMER;Respaldo Bajo, Descansabrazos Fijos De Plastico . Base Giratoria (Estrella De 5 Puntas) . Altura Ajustable . Ajuste De Tension . Tapizado Con Tela Perforada . Asiento Acolchado.  . Color Negro;2;2004;839500;1175300
105;SILLAS CONSUMER GY-1049 BLANCO;SILLAS GY 1049 B.STOOL BLANCA CONSUMER;Butaca Bar Stool Gy-1049 Blanca  . Tapizada En Cuero Sintetico Y Acolchado Con Espuma De Alta Calidad Evitando Que Se Deforme Del Cuerpo.  . Asiento Giratorio.  . Altura Ajustable.  . Medida: 54X100X35.Peso: 7Kg.;2;2004;550000;770000
106;SILLAS CONSUMER GY-1049 NEGRO;SILLAS GY 1049 B.STOOL NEGRA CONSUMER;Butaca Bar Stool Gy-1049 Negra  . Tapizada En Cuero Sintetico Y Acolchado Con Espuma De Alta Calidad Evitando Que Se Deforme Del Cuerpo.  . Asiento Giratorio.  . Altura Ajustable.  . Medida: 54X100X35.Peso: 7Kg.;2;2004;550000;770000
107;SILLAS CONSUMER GY-1049 ROJO ;SILLAS GY 1049 B.STOOL ROJA CONSUMER;Butaca Bar Stool Gy-1049 Roja   . Tapizada En Cuero Sintetico Y Acolchado Con Espuma De Alta Calidad Evitando Que Se Deforme Del Cuerpo.  . Asiento Giratorio.  . Altura Ajustable.  . Medida: 54X100X35.Peso: 7Kg.;2;2004;550000;770000
110;SILLAS CONSUMER SJ820 GRIS;SILLAS CONSUMER SJ820 SL GRIS ;Silla Tandem Sj820 Gris . 3 Asientos De Metal Cromado . Con Reposa Brazos En Los Extremos . Patas De Metal Cromado.  . Medida 180X80X57 Peso 14 Kg.;2;2004;1200000;1680000
109;SILLAS CONSUMER SJ820 NEGRO;SILLAS CONSUMER SJ820 BL  NEGRA ;Silla Tandem Sj820 Negra  . 3 Asientos De Metal Cromado . Con Reposa Brazos En Los Extremos . Patas De Metal Cromado.  . Medida 180X80X57 Peso 14 Kg.;2;2004;1200000;1680000
108;SILLAS CONSUMER Y1757 NEGRO;SILLAS CONSUMER Y1757 SIMPLE NEGRA;Silla Fija 4 Patas De Acero . Sin Reposa Brazos. . Tela Tapiz Rellenada Con Espuma. . Color Negro.;2;2004;300000;420000
96;SILLAS CONSUMER Y2706B AZUL;SILLAS CONSUMER Y2706B AZUL;Tapizada En Cuerina Pu En Dos Tonos ( Azul Con Negro) .  . Acolchada Con Espuma Poliuretanica De Alta Densidad Con 2,5 Pulgadas De Ancho.  . Cuenta Con Apoya Brazos Acolchados Ergonomicas De Nylon.  . Base De 5 Aspas De Nylon Que Soporta Hasta 100 Kg.  . Altura E inclinacion De Asiento Gracias A Su Mecanismo De Doble Funcion.  . Piston De Gas Con 10 Cm De Recorrido;2;2004;900000;1260000
216;SILLAS CONSUMER Y1714 NEGRO;SILLAS CONSUMER Y1714 NEGRO;Comoda Silla Regulable En Altura . Con Brazos De Plastico.  . En Tela Color Negro.  . Base Giratoria (Estrella De 5 Puntas).;2;2004;550000;770000
99;SILLAS CONSUMER Y1846C;SILLAS CONSUMER Y1846C;Ergonomica.  . Base Cromada En Aluminio Tipo Trineo.  . Tapizada En Cuero Sintetico  . Color Negro.  . Brazos Cromados Y Tapizados.;2;2004;850000;1190000
220;PLANCHA A VAPOR CONSUMER VERT;PLANCHA A VAPOR CONSUMER VERTICAL;1.800 W. Una Percha Con Pinzas Y Cepillo. Rafagas De Vapor De Alta Velocidad. interruptor A . Pedal. Tubo De Vapor De 1,3 M. Tanque De Agua Grande De 1,7 L. Conveniente Para Movimiento. . Voltaje 230V 50 Hz.;13;13003;400000;560000
221;PLANCHA CONSUMER A VAPOR 1200W;PLANCHA CONSUMER A VAPOR 1200W ROJO;Planchado En Seco, A Vapor Y Spray. . Funcion Autolimpieza. . Potente Rafaga De Vapor Y Vapor Vertical. . Termostato Y Control De Vapor Ajustable. . Seguridad Contra Sobrecalentamiento. . Cap. Tanque De Agua: 250 Ml. . Enchufe Vde Con 2 Metros De Cable. . 220V . 50Hz . 1600W;13;13003;110000;154000
222;PLANCHA A VAPOR CONSUMER AZUL;PLANCHA A VAPOR CONSUMER AZUL;1.600 W. Planchado En Seco, A Vapor Y Spray. Funcion Autolimpieza Potente Rafaga De Vapor Y . Vapor Vertical. Termostato Y Control De Vapor Ajustable. Seguridad Contra Sobrecalentamiento. . Capacidad De Tanque De Agua: 250 Ml. Enchufe Vde Con 2 M. De Cable. 220V 50 Hz.;13;13003;110000;154000
223;"
PLANCHA A VAPOR CONSUMER ROJO";"
PLANCHA A VAPOR INALAMBRICA CONSUMER ROJO";Base De Planchado Ceramica Antiadherente.  . Autolimpieza.  . Tanque De Agua 300Ml.  . Base De Carga 360O.  . Control De Rafaga De Vapor.  . Control De Temperatura.;13;13003;220000;308000
224;PLANCHA A VAPOR CONSUMER INALM;PLANCHA A VAPOR INALAMBRICA CONSUMER AZUL;Cuenta Con Base De Recarga Ultrarapida . Practica Base De Planchado De Ceramica Antiadherente . Posee Funcion De Autolimpieza . Cuenta Con Rafaga De Vapor Y Temperatura. . Base De Recarga De 360ø . Capacidad Del Tanque De Agua:300Ml . Color: Azul;13;13003;220000;308000
67;SMART BALANCE CONSUMER GOLD;SMART BALANCE CONSUMER GOLD FIRE;Un Smart Balance O Hoverboard Es Un Tipo De Patineta Electrica Que Cuenta Con Una Tecnologia De Equilibrio Automatico Que Te Permite Mantenerte De Pie Encima De el Sin La Necesidad De Utilizar Un Manillar. Funciona Con Una Bateria Recargable. . Peso 11,5 Kilos. . Voltaje 36 V. . Velocidad Maxima 12 Km H. . Conexion Bluetooth. . Medidas 650X245X230 Mm.;23;23006;1050000;1470000
68;SMART BALANCE CONSUMER ;SMART BALANCE CONSUMER STREET DANCE ;Smart Balance Peso 11,5 Kilos.  . Voltaje 36 V.  . Velocidad Maxima 12 Km H.  . Conexion Bluetooth.  . Medidas 650X245X230.  . Color Street Dance ;23;23006;1050000;1470000
69;SMART BALANCE CONSUMER PINK;SMART BALANCE CONSUMER PINK;Smart Balance Peso 11,5 Kilos.  . Voltaje 36 V.  . Velocidad Maxima 12 Km H.  . Conexion Bluetooth.  . Medidas 650X245X230.  . Color Rosa ;23;23006;1050000;1470000
70;MINI SCOOTER CONSUMER NEGRO;MINI SCOOTER CONSUMER NEGRO A BATERIA;Mini Scooter Conexion Bluetooth. Soporta Hasta 100 K Velocidad Maxima 16 Km H. Autonomia 22 Km. Carga 100 240V 50 60 Hz. Tiempo De Carga 3,5 A 5 Hs.;47;47001;1200000;1680000
71;MINI SCOOTER CONSUMER BLANCO;MINI SCOOTER CONSUMER BLANCO A BATERIA;Conexion Bluetooth. Soporta Hasta 100 K . Velocidad Maxima 16 Km H. Autonomia 22 Km. Carga 100 240V 50 60 Hz. . Tiempo De Carga 3,5 A 5 Hs.;47;47001;1200000;1680000
182;SILLON MONACO CONSUMER ;SILLON MONACO 2 CUERPO 1 2 AZUL CONSUMER;Sillon Monaco 2 Cuerpo 1 2  . Consumer . Colores Disponibles: Azul Bordo Grisclaro Grisoscuro Marron Negro Roja Turquesa ;2;2007;1600000;2240000
190;SOFA CLASSIC CONSUMER 2 CUERPO;SOFA CLASSIC CONSUMER 2 CUERPO;Sofa Classic 2 Cuerpos . Colores Disponibles Negro   Gris ;2;2007;1190000;1666000
195;SOFA CLASSIC CONSUMER INDIVID;SOFA CLASSIC CONSUMER INDIVIDUAL;Colores Disponibles  . Azul . Gris . Marron . Negro ;2;2007;786000;1100400
196;SOFA CONJUNTO JACK CONSUMER;SOFA CONJUNTO JACK CONSUMER;Colores Disponibles . Azul . Gris . Marron ;2;2007;2660000;3724000
59;PARLANTE CONSUMER PEDESTAL 12 ;PARLANTE CON PEDESTAL 12  CONSUMER MP3 FM USB SD MMC 2 MICROFONO.;"Radio Fm. . Pantalla Lcd. . Puertos Usb Sd Mmc. . Panel De Control Mp3. . 2 Microfonos inalambricos. . Entrada Y Salida Aux. Subwoofer 12"". . Bateria Recargable. . Trolley integrado Con Asa Telescopica. . Voltaje: 220 12V.";21;21002;1050000;1470000
60;PARLANTE CONSUMER PEDESTAL 15;PARLANTE CON PEDESTAL 15  CONSUMER MP3 FM USB SD MMC 2 MICROFONOS;"Bluetooth. . Radio Fm. . Pantalla Lcd. . Puertos Usb Sd Mmc. . Panel De Control Mp3. . 2 Microfonos inalambricos . . Entrada Y Salida Aux. Subwoofer 12"". . Bateria Recargable. . Trolley integrado Con Asa Telescopica. . Voltaje: 220 110V 12V.";21;21002;1250000;1750000
61;PARLANTE CONSUMER CRMBASS ;PARLANTE CONSUMER CRMBASS BLUETOOTH ;Bluetooth 3.0. . Microfono Manos Libres Para Llamadas. . Entrada Auxiliar. . Lector De Tarjeta Tf. . Bateria Recargable 1800Mah. . Medidas 17X7.5X7 Cm.;21;21002;230000;322000
62;PARLANTE CONSUMER CRMTONE;PARLANTE CONSUMER CRMTONE BLUETOOTH ;Bluetooth 3.0. . Microfono Manos Libres Para Llamadas. . Entrada Auxiliar. . Lector De Tarjeta Tf. . Bateria Recargable 1200Mah. . Medidas 19.6X7.5X8 Cm.;21;21002;200000;280000
217;PARLANTE CONSUMER PARTY BLANCO;PARLANTE BLUETOOTH PARTY RADIO FM SD USB AUX BLANCO CONSUMER;Hasta 7 Hs. De Musica. . Radio Fm. . Bluetooth (Rango 10 Mts.) . Manos Libres Para Llamadas. BateriðA Recargable. . Color: Blanco. . Entradas: Aux   Micro Sd   Usb   Micro Usb (Recarga De Bateria) . Color Blanco ;21;21002;290000;406000
218;PARLANTES CONSUMER 12 GT2;PARLANTES CONSUMER 12  GT2 BLUETOOTH 60W;Amplificadores Speaker Box Bluetooth. . Radio Fm. . Pantalla Lcd. . Puertos Usb Sd Mmc. . Panel De Control Mp3. . Entrada Y Salida Aux. . Subwoofer. . Bateria Recargable. . Trolley integrado. . Asa Telescopica. . Potencia: 1000W. . incluye 1 Microfono inalambrico;21;21002;1490000;2086000
219;PARLANTES CONSUMER 15 GT3;PARLANTES CONSUMER 15  GT3 BLUETOOTH 80W;Parlante Bluetooth Gt3 80W Rms.  . Woofer: 15?X2 + Tweeter.  . Bateria Recargable.  . Puertos Usb Tf.  . Microfono inalambrico Vhf.  . Entrada Aux Mic.  . Radio Fm. Luz Led.  . Control Remoto Full. Con Ruedas;21;21002;1690000;2366000
230;PARLANTES CONSUMER BT6;PARLANTES CONSUMER 6.5  ROCKER BT6 BLUETOOTH;35W Rms.  . Subwoofer: 2X6,5 ? .  . Luces Led.  . Puertos Usb Tf.  . Bluetooth.   . Radio Fm.  . Entrada Aux Mic.  . Control Remoto Full.  . Bateria De Litio 7,4V 3000Mah;21;21002;680000;952000
231;PARLANTES CONSUMER BT8;PARLANTES CONSUMER 8  ROCKER BT8 BLUETOOTH;45W Rms.  . Subwoofer: 2X8 ? .  . Luces Led.  . Puertos Usb Tf.  . Bluetooth.   . Radio Fm.  . Entrada Aux Mic.  . Control Remoto Full.  . Bateria De Litio 7,4V 3600Mah . ;21;21002;880000;1232000
232;PARLANTES CONSUMER BT10;PARLANTES CONSUMER 10  ROCKER BT10 BLUETOOTH;100W Rms.  . Subwoofer: 2X10 ? .  . Luces Led.  . Puertos Usb Tf.  . Bluetooth.   . Radio Fm.  . Entrada Aux Mic.  . Control Remoto Full. . incluye 1 Microfono.  . Bateria De acido Solido 12V 7,5Ah;21;21002;1750000;2450000
233;EQUIPO DE AUDIO CONSUMER 630W;EQUIPO DE AUDIO CONSUMER SOUND BAR 630W;Puerto Usb. . Conexion Bluetooth. . Radio Fm. . Ranura Para Tarjeta De Memoria Sd. ;21;21005;500000;700000
234;SPEAKER TOWER CONSUMER;SPEAKER TOWER CONSUMER;Potencia 2000 Watts . Puerto Usb . Conexion Bluetooh . Radio Fm . Ranura Tarjeta De Memoria Sd . Control Remoto;21;21002;1200000;1680000
235;SPEAKER SPIDER CONSUMER;SPEAKER SPIDER CONSUMER;Subwoofer: 252 X 289 X 252 Mm.  . Satelites: 6,5? + 3? X2.  . Aux in.  . Usb Sd Playback.  . Fm Radio.  . indicadores Led.  . Control Remoto;21;21002;500000;700000
323;PARLANTE CONSUMER PARTY NEGRO ;PARLANTE BLUETOOTH PARTY RADIO FM SD USB AUX NEGRO CONSUMER;Hasta 7 Hs. De Musica. . Radio Fm. . Bluetooth (Rango 10 Mts.) . Manos Libres Para Llamadas. BateriðA Recargable. . Color: Blanco. . Entradas: Aux   Micro Sd   Usb   Micro Usb (Recarga De Bateria) . Color Negro;21;21002;290000;406000
178;TV CONSUMER 65  LED SMART 4K;TV CONSUMER 65  LED SMART 4K;Colores Brillantes . Mayor Nitidez . Alta Definicion De imagen . Full Hd . Galerias Multimedia Y Musica . 2 Puertos Hdmi . 2 Puertos Usb . Wifi . Youtube . Netflix . Facebook . Twitter . Android;9;9001;5000000;7000000
174;TERMOCALEFON 50 LTS CONSUMER;TERMOCALEFON 50 LTS CONSUMER;Tanque interno Esmaltado. . Aislacion De Poliuretano. . Valvula De Seguridad. . Bajo Consumo De Energia. . Termostato Regulable. . Barra De Proteccion Anti-Corrosion. . Conexion De Entrada Y Salida inferior. . Med. 460X460X645 - Kg 15.7 - 1500W 50Hz;25;25001;750000;1050000
1;MINI VENTILADOR CONSUMER AZUL;MINI VENTILADOR CONSUMER HUMIDIFICADOR AZUL;Este Practico Ventilador Humidificador Portatil Con Bateria Recargable Lo Mantendra Fresco Donde Vaya.  . Para Uso En El Hogar, Oficina O Para Viaje. Dise¤o 2 En 1, Se Puede Utilizar Como Un Humidificador Y Un Ventilador.  . Refresca El Aire, Reduce El Polvo Y Bacterias.  . Alcanza Una Frescura Entre 3ø Y 5øC E Hidrata La Piel.;25;25008;110000;154000
2;MINI VENTILADOR CONSUMER ROSA;MINI VENTILADOR CONSUMER HUMIDIFICADOR ROSA ;Con Bateria Recargable Para Mantenerse Fresco A Donde Vaya.  . Para Uso Domestico, Oficina O Viaje.  . Dise¤o 2 En , Se Puede Utilizar Como Humidificador Y Como Ventilador.  . Refresca El Aire, Reduce Polvo Y Bacterias.  . Alcanza Entre 3 Y 5 E Hidrata La Piel.  . Color Rosa;25;25008;110000;154000
3;MINI VENTILADOR CONSUMER HUM;MINI VENTILADOR CONSUMER HUMIDIFICADOR VERDE ;Con Bateria Recargable Para Mantenerse Fresco A Donde Vaya.  . Para Uso Domestico, Oficina O Viaje.  . Dise¤o 2 En , Se Puede Utilizar Como Humidificador Y Como Ventilador.  . Refresca El Aire, Reduce Polvo Y Bacterias.  . Alcanza Entre 3 Y 5 E Hidrata La Piel.  . Color Verde;25;25008;110000;154000
4;VENTILADOR PARED CONSUMER 30 ;VENTILADOR DE PARED CONSUMER INDUSTRIAL 30 ;Ventilador De Pared. . Diametro: 76,2 Cm. . 3 Aspas Metalicas. . 3 Velocidades. . Potencia: 250W. . Oscilacion Y Regulador De angulo. . Motor De Larga Vida util. . ideal Para Disminuir La Temperatura En Grandes Espacios.;25;25002;460000;644000
5;VENTILADOR DE PIE CONSUMER 30;VENTILADOR DE PIE CONSUMER INDUSTRIAL 30 ;Diametro: 76.2 Cm. . 3 Aspas Metalicas. . 3 Velocidades. . Potencia: 250W. . Oscilacion Y Regulador De angulo. Motor De Larga Vida util. ideal Para Disminuir La Temperatura En Grandes Espacios.;25;25002;480000;672000
6;VENTILADOR DE PIE CONSUMER 16;VENTILADOR DE PIE CONSUMER A BATERIA RECARGABLE 16  5VEL.LUCES LED C CONTROL;Bateria Recargable Con indicador De Consumo Y Carga . 40 Cm De Diametro . 5 Velocidades . Control Remoto . Velocidad 5: 4 Horas . Velocidad 4: 6,5 Horas . Velocidad 3:13,5 Horas . Velocidad 2:24 Horas . Velocidad 1:30 Horas;25;25002;450000;630000
10;VENTILADOR CHICO CONSUMER NEGR;VENTILADOR CHICO CONSUMER NEGRO;Ventilador Humidificador  . Consumer Chico  . Negro;25;25002;630000;882000
11;VENTILADOR DE PARED CONSUMER;VENTILADOR DE PARED CONSUMER INDUSTRIAL C HUMIDIFICADOR;Control Remoto Full. Alcance Ma?Ximo De Brisa De Agua 8 Mts. . Reduce La Temp. En 4 A 8 Grados. . Dia?Metro De La He?Lice: 65 Cm. . Material De La He?Lice: Acero. Tanque De Agua: 8 Lts.. . 3 Vel. . Regulador De Humidificador. . Oscilacio?N De 90 Grados Ajustable;25;25002;1450000;2030000
12;VENTILADOR DE PIE CONSUMER 25;VENTILADOR DE PIE CONSUMER 25  INDUSTRIAL C HUMIDIFICADOR;Tanque De Agua: 36 Litros. . 3 Potentes Velocidades. . Regulador De Humidificador Autonomi?A De Brisa De Agua: 8 Horas. . Oscilacio?N De 90 Grados Ajustable. Altura Ajustable. Voltaje 220V.;25;25002;1700000;2380000
28;VISICOOLER CONSUMER DE 350LTS;VISICOOLER CONSUMER DE 350LTS;Cenefa Con Luz interior. . Color Blanco Y Frente Negro. . 4 Estantes, Parrrillas Removibles Y Regulables. Ventilador interno . Control De Temperatura. . Medidas 52X47X1.80;36;36001;2700000;3780000
30;VISICOOLER CONSUMER 420LTS;VISICOOLER CONSUMER DE 420 LITROS FRIO HUMEDO;Cenefa Con Luz interior.  . Color Blanco Y Frente Negro 4 Estantes . Parrillas Removibles Y Regulables.  . Ventilador interno.  . Control De Temperatura.;36;36001;3250000;4550000
31;VISICOOLER CONSUMER 500L HUMED;VISICOOLER DE 500 LITROS HUMEDO CONSUMER;Visicooler Consumer  . 500Lts  . Humedo ;36;36001;3950000;5530000
32;VISICOOLER CONSUMER 500L;VISICOOLER DE 500 LITROS FRIO SECO CONSUMER;Visicooler Consumer  . 500Lts  . Frio Seco ;36;36001;4350000;6090000
33;VISICOOLER CONSUMER 550L;VISICOOLER DE 550 LITROS FRIO SECO CONSUMER;Visicooler Consumer  . 550 Litros  . Frio Seco;36;36001;6200000;8680000
236;SPEAKER EVO CONSUMER;SPEAKER EVO CONSUMER;Speaker: 5,25?. Aux in.  . Fm Radio.  . Led Display.  . Tf Card.  . Bateria: iones De Litio, 7.4V 2000 Mah;21;21002;440000;616000
