1;nom;nom largo;detalle;fam;clase;costo;Lista 
5923;ESTANTE POLITORNO RIO 170643;ESTANTE POLITORNO RIO 170643 TABACO (TV55) C/ PUERTA MDP;Estante Politorno Rio 170643 Tabaco (Tv55) C/ Puerta Mdp;2;2003;1050000;1470000
160618;ESTANTE POLITORNO VOGUE TV 42;ESTANTE POLITORNO VOGUE 160201 TV 42 - TABACO;Estante Politorno Vogue 160201 Tv 42 - Tabaco;2;2003;600000;840000
11866;HORNO ELECTRICO OSTER 30 LTS;HORNO ELECTRICO OSTER 30 LTS C/ TIMER TSSTTV7030-053 C/4 FUNCIONES;Horno Electrico Oster 30 Lts C/ Timer Tssttv7030-053 C/4 Funciones;15;15002;770000;1078000
160615;ARMARIO POLITORNO 160079;ARMARIO POLITORNO MULTIUSO GOIAS 160079 TABACO;Armario Politorno Multiuso Goias 160079 Tabaco;2;2002;570000;798000
11543;HORNO ELECT OSTER TASTE 230C;HORNO ELECTRICO OSTER GRAN TASTE TSSTTV15LTB-057-1 TEMP 230ùC TIMER 60MIN;Horno Electrico Oster Gran Taste Tssttv15Ltb-057-1 Temp 230ùc Timer 60Min;15;15002;536000;751000
30108;MESA CENTRO POLITORNO 2183;MESA CENTRO POLITORNO 2183 25MM;Mesa Centro Politorno 2183 Barcelona Tabaco 25Mm;2;2002;300000;420000
30106;KIT OFICINA POLITORNO ESPANHA ;KIT OFICINA POLITORNO ESPANHA 1176 3 CAJONES 2 PTAS NEGRO;Kit Oficina Politorno Espanha 1176 3 Cajones 2 Ptas Negro;2;2005;720000;1008000
10225;LICUADORA OSTER XPERT;LICUADORA OSTER XPERT ALTO DESEMP. VASO TRITAN BLSTVB-P00-051;Licuadora Oster Xpert Alto Desemp. Vaso Tritan Blstvb-P00-051;1;1003;1677000;2348000
11909;PLANCHA VAPOR OSTER PRESSXPRES;PLANCHA VAPOR OSTER GCSTPX4070-057 PRESSXPRES INDICADOR DE TEMPERATURA 2500WTS;Plancha Vapor Oster Gcstpx4070-057 Pressxpres Indicador De Temperatura 2500Wts;13;13003;482000;675000
11907;LICUADORA OSTER ACTIVE SENSE;LICUADORA OSTER ACTIVE SENSE  BLSTTDT-N00-053 5 PROGRAMAS VASO TRITAN 2LTS;Licuadora Oster Active Sense  Blsttdt-N00-053 5 Programas Vaso Tritan 2Lts;1;1003;1833000;2567000
11892;HORNO ELECTRICO JAM SIRIUS 45L;HORNO ELECTRICO JAM SIRIUS 45L HE-45NG 120M 300ùC 1400W 220/240V/50HZ TC;Horno Electrico Jam Sirius 45L He-45Ng 120M 300ùc 1400W 220/240V/50Hz Tc Color Disponible Negro Rojo Blanco ;15;15002;630000;882000
11880;HORNO ELECTRICO JAM 42LTS;HORNO ELECTRICO JAM 42LTS DN42E-RML LUZ INT SPIEDO TIMER 120M 2000W*;Horno Electrico Jam 42Lts Dn42E-Rml Luz Int Spiedo Timer 120M 2000W*;15;15002;470000;658000
11878;BEBEDERO JAM DE PIE  MYL1675S;BEBEDERO JAM DE PIE  MYL1675S-W AGUA F/C CAP:20LTS*;Bebedero Jam De Pie  Myl1675S-W Agua F/C Cap:20Lts*;5;5003;860000;1204000
11868;LICUADORA OSTER BLSTPYG1210RBG;LICUADORA J.DE VIDRIO OSTER BLSTPYG1210RBG-053 15LTS+BLENDNGO ROJO MOTOR REVERS;Licuadora J.De Vidrio Oster Blstpyg1210Rbg-053 15Lts+Blendngo Rojo Motor Revers;1;1003;898000;1258000
5956;LICUADORA OSTER XPERT 2L;LICUADORA OSTER XPERT BLSTVB-G00-051 VASO DE VIDRIO 2L 8TAZAS;Licuadora Oster Xpert Blstvb-G00-051 Vaso De Vidrio 2L 8Tazas;1;1003;1714000;2400000
11865;LICUADORA OSTER 1.5 LTS 2 VEL ;LICUADORA OSTER 1.5 LTS 2 VEL J.VIDRIO BLSTKAG-RRD-053 ROJO;Licuadora Oster 1.5 Lts 2 Vel J.Vidrio Blstkag-Rrd-053 Color Disponible Rojo - Blanco;1;1003;397000;556000
11863;LICUADORA OSTER 1.5 LTS PRO;LICUADORA OSTER BLSTBPST-053 1.5 LTS JARRA DE VIDRIO 700WTS PROFESIONAL;Licuadora Oster Blstbpst-053 1.5 Lts Jarra De Vidrio 700Wts Profesional;1;1003;688000;964000
11850;COCINA GAS JAM 4H MESA LAGUNA;COCINA A GAS JAM 4H DE MESA MOD.  LAGUNA ;Cocina A Gas Jam 4H De Mesa Mod.  Laguna Color Disponible Negro Blanco;15;15006;300000;420000
11841;EXHIBIDORA UGUR 372L;EXHIBIDORA UGUR USS 374 DTKL SZ-BAJO CERO C/ CENEFA, LUZ LED, IND.TEMP 372 LTS;Exhibidora Ugur Uss 374 Dtkl Sz-Bajo Cero C/ Cenefa, Luz Led, Ind.Temp 372 Lts;5;5004;5300000;7420000
11836;COCINA A GAS JAM COMBI TIT 4H;COCINA A GAS JAM MOD COMBI TITANIO GRIS 4H;Cocina A Gas Jam Mod Combi Titanio Gris 4H;15;15006;690000;966000
11835;COCINA A GAS JAM LUXUS 4H;COCINA A GAS JAM MOD LUXUS TITANIUM GRIS 4 H;Cocina A Gas Jam Mod Luxus Titanium Gris 4 H;15;15006;545000;763000
11834;COCINA A GAS JAM ESTANDAR 4H;COCINA A GAS JAM ESTANDAR NEGRA 4H;Cocina A Gas Jam Estandar Negra 4H;15;15006;500000;700000
11833;COCINA A GAS JAM ESTANDAR 4H;COCINA A GAS JAM. MOD ESTANDAR 4H BLANCO;Cocina A Gas Jam. Mod Estandar 4H Blanco;15;15006;500000;700000
11818;LICUADORA  OSTER 1.5L REVERS;LICUADORA JARRA DE VIDRIO OSTER BLSTPYG1211-NBG-053 15LTS+BLENDNGO MOTOR REVERS;Licuadora Jarra De Vidrio Oster Blstpyg1211-Nbg-053 15Lts+Blendngo Motor Revers;1;1003;898000;1258000
11817;PLANCHA VAPOR OSTER 2200W;PLANCHA VAPOR OSTER GCSTSP6202-053 2200W;Plancha Vapor Oster Gcstsp6202-053 2200W Color Disponible Verde/Blanco Azul/Blanco ;13;13003;354000;496000
11815;PLANCHA VAPOR OSTER  2200WTS;PLANCHA VAPOR OSTER GCSTSP6204-053 2200WTS;Plancha Vapor Oster Gcstsp6204-053 2200Wts;13;13003;379000;531000
11813;HERVIDOR OSTER ELECTRICO 1.7 L;HERVIDOR ELECTRICO 17 LTS OSTER BVSTKT673SS;Hervidor Electrico 17 Lts Oster Bvstkt673Ss;1;1011;284000;398000
11812;BATIDORA DE MANO Y PEDESTAL;BATIDORA DE MANO Y PEDESTAL OSTER 002610-051-000 TAZON DE PLASTICO 250W 2.5 LTS;Batidora De Mano Y Pedestal Oster 002610-051-000 Tazon De Plastico 250W 2.5 Lts;1;1004;477000;668000
11808;COCINA  ANAFE JAM 5H EVA PREM;COCINA  ANAFE JAM 5H EVA PREMIUM EMPOTRABLE  VIDRIO NEGRO;Cocina  Anafe Jam 5H Eva Premium Empotrable  Vidrio Negro;15;15002;750000;1050000
11807;COCINA  ANAFE JAM 4H EVA EMPOT;COCINA  ANAFE JAM 4H EVA PREMIUM EMPOTRABLE  VIDRIO NEGRO;Cocina  Anafe Jam 4H Eva Premium Empotrable  Vidrio Negro;15;15002;625000;875000
11755;CONGELADOR UGUR 220L;CONGELADOR UGUR UDD 260 BK - 220 LTS 1T;Congelador Ugur Udd 260 Bk - 220 Lts 1T;5;5002;2150000;3010000
11754;CONGELADOR UGUR 510L;CONGELADOR UGUR UDD 560 BK - 510LTS 1T;Congelador Ugur Udd 560 Bk - 510Lts 1T;5;5002;3300000;4620000
11753;CONGELADOR UGUR 410L;CONGELADOR UGUR UDD 460 BK - 410LTS 1T;Congelador Ugur Udd 460 Bk - 410Lts 1T;5;5002;3100000;4340000
11752;CONGELADOR UGUR 320L;CONGELADOR UGUR UDD 360 BK - 320LTS 1T;Congelador Ugur Udd 360 Bk - 320Lts 1T;5;5002;2485000;3479000
11751;BIBLIOTECA  POLITORNO ;BIBLIOTECA  POLITORNO CON PUERTAS 200076- CASTANHO 2 PUERTAS 3 COMPARTIMIENTOS;Biblioteca  Politorno Con Puertas 200076- Castanho 2 Puertas 3 Compartimientos;2;2004;490000;686000
11661;ZAPATERO POLITORNO FLORIANO ;ZAPATERO POLITORNO FLORIANO 200064 CON ESPEJO - BLANCO;Zapatero Politorno Floriano 200064 Con Espejo - Blanco;2;2002;580000;812000
11642;HORNO ELECT JAM SIRIUS 70L;HORNO ELECTRICO JAM SIRIUS 70L.PANEL COLOR INOX HE-70IX.120M.300ùC.1800W;Horno Electrico Jam Sirius 70L.Panel Color Inox He-70Ix.120M.300ùc.1800W;15;15002;870000;1218000
11623;COCINA  VITRO JAM AM IF401;COCINA  VITROCERAMICA JAM ANAFE AM-IF401 4 HORNALLAS;Cocina  Vitroceramica Jam Anafe Am-If401 4 Hornallas;15;15004;1050000;1470000
11613;SPLIT  JAM 60.000BTU F/C ECO;AIRE ACONDICIONADOR JAM 60.000BTU F/C JF-60HRN1 DESC. HORIZ. 380V/50HZ- R410A ECO;Aire Acondicionador Jam 60.000Btu F/C Jf-60Hrn1 Desc. Horiz. 380V/50Hz- R410A Eco;25;25004;9200000;12880000
11611;SPLIT  JAM 24.000BTU F/C  ECO;AIRE ACONDICIONADOR JAM 24.000BTU F/C JF-24CHRN1 DESC.HORIZ. 220V/50HZ- R410A ECO;Aire Acondicionador Jam 24.000Btu F/C Jf-24Chrn1 Desc.Horiz. 220V/50Hz- R410A Eco;25;25004;4000000;5600000
11610;SPLIT  JAM 18.000BTU F/C  ECO;AIRE ACONDICIONADOR JAM 18.000BTU F/C JF-18CHRN1 DESC.HORIZ. 220V/50HZ- R410A ECO;Aire Acondicionador Jam 18.000Btu F/C Jf-18Chrn1 Desc.Horiz. 220V/50Hz- R410A Eco;25;25004;2900000;4060000
11600;SPLIT  JAM 12.000BTU ECO;AIRE ACONDICIONADOR JAM 12.000BTU F/C JF-12CHRN1 DESC.HORIZ. 220V/50HZ- R410A ECO;Aire Acondicionador Jam 12.000Btu F/C Jf-12Chrn1 Desc.Horiz. 220V/50Hz- R410A Eco;25;25004;2100000;2940000
30109;RACK POLITORNO CAIRO ;RACK POLITORNO CAIRO 170241 - 500MM  TV 40 TABACO;Rack Politorno Cairo 170241 - 500Mm  Tv 40 Tabaco;2;2003;355000;497000
11565;ESCRITORIO POLITORNO MALTA 2CJ;ESCRITORIO POLITORNO MALTA - 2 CAJONES 1171 ;Escritorio Politorno Malta - 2 Cajones 1171 - Color Disponible Negro Y Tabaco;2;2003;360000;504000
30103;RACK POLITORNO OSASCO;RACK POLITORNO OSASCO 2 PUERTAS 170198 TV 55 IMBUIA/ARTICO;Rack Politorno Osasco 2 Puertas 170198 Tv 55 Imbuia/Artico;2;2003;460000;644000
11539;PLANCHA OSTER TURBO;PLANCHA OSTER GCSTCS-401-057 TURBO A VAPOR APAGADO INTELIGENTE  2200W;Plancha Oster Gcstcs-401-057 Turbo A Vapor Apagado Inteligente  2200W;13;13003;362000;507000
11538;PLANCHA VAPOR OSTER 2200WTS;PLANCHA VAPOR OSTER GCSTCC3000-057 INALAMBRICA 2200WTS APAGADO INTELIGENTE;Plancha Vapor Oster Gcstcc3000-057 Inalambrica 2200Wts Apagado Inteligente;13;13003;389000;545000
11532;"VENTILADOR  DE PARED JAM 30"" ";VENTILADOR INDUSTRIAL DE PARED JAM JM130C 4 CUCHIL/NEGRO 30 C/ CONTROL 250W;Ventilador Industrial De Pared Jam Jm130C 4 Cuchil/Negro 30 C/ Control 250W;25;25002;475000;665000
11529;"VENTILADOR DE PIE JAM 30"" ";VENTILADOR INDUSTRIAL DE PIE JAM JM130 4CUCHIL/NEGRO30 BASE RED. 250W 220V/50HZ;Ventilador Industrial De Pie Jam Jm130 4Cuchil/Negro30 Base Red. 250W 220V/50Hz;25;25002;420000;588000
11474;EXHIBIDORA UGUR P HELADO 400L;EXHIBIDORA UGUR P/ HELADO UDD400SCN V/R 400LTS-HORIZONTAL TERM. ANµLOGO;Exhibidora Ugur P/ Helado Udd400Scn V/R 400Lts-Horizontal Term. An†logo;5;5004;3800000;5320000
11462;HORNO ELECTRICO JAM 60 LTIMER ;HORNO ELECTRICO JAM 60 LTS DN60E-RML C/ LUZ INTERNA SPIEDO TIMER 120MIN 2200W;Horno Electrico Jam 60 Lts Dn60E-Rml C/ Luz Interna Spiedo Timer 120Min 2200W;15;15002;750000;1050000
11461;HORNO ELECTRICO JAM 50L TIMER ;HORNO ELECTRICO JAM 50 LTS DN50E-RML C/ LUZ INTERNA SPIEDO TIMER 120MIN 2200W;Horno Electrico Jam 50 Lts Dn50E-Rml C/ Luz Interna Spiedo Timer 120Min 2200W;15;15002;680000;952000
11441;BIBLIOTECA  POLITORNO 200076;BIBLIOTECA  POLITORNO CON PUERTAS 200076- 2 PUERTAS 3 COMPARTIMIENTOS;Biblioteca  Politorno Con Puertas 200076- 2 Puertas 3 Compartimientos Color Disponible Negro Tabaco ;2;2004;490000;686000
11440;CAMA CUNA POLITORNO ;CAMA CUNA POLITORNO MADRI FUNCIONAL + CAMA AUXILIAR BLANCA 200077 C/ COMODA;Cama Cuna Politorno Madri Funcional + Cama Auxiliar Blanca 200077 C/ Comoda;2;2003;950000;1330000
11427;EXHIBIDORA UGUR P HELADO 400L;"EXHIBIDORA UGUR P/ HELADO UDD400SCEBN V/C 400LTS-HORIZONTAL TERM
ANµLOGO";"Exhibidora Ugur P/ Helado Udd400Scebn V/C 400Lts-Horizontal Term
An†logo";5;5004;4050000;5670000
11414;SPLIT  JAM 36.000BTU F/C  ECO;AIRE ACONDICIONADOR JAM 36.000BTU F/C JF-36CHRN1 DESC.HORIZ. 220V/50HZ- R410A ECO;Aire Acondicionador Jam 36.000Btu F/C Jf-36Chrn1 Desc.Horiz. 220V/50Hz- R410A Eco;25;25004;6200000;8680000
11406;EXHIBIDORA UGUR P HELADO 200L;EXHIBIDORA UGUR P/ HELADO UDD200SCEBN V/C 200LTS-HORIZONTAL TERM.;Exhibidora Ugur P/ Helado Udd200Scebn V/C 200Lts-Horizontal Term.;5;5004;3000000;4200000
11402;EXHIBIDOR VISICOOLER UGUR 372L;"EXHIBIDORA VISICOOLER UGUR USS374DTK, 372LTS S/ CENEFA, LUZ LED,
IND.TEMP.ANALOG";"Exhibidora Visicooler Ugur Uss374Dtk, 372Lts S/ Cenefa, Luz Led,
Ind.Temp.Analog";5;5004;3850000;5390000
11398;EXPRIMIDOR DE CITRICOS OSTER ;EXPRIMIDOR DE CITRICOS OSTER FPSTJU4175-051 JARRA 500ML 75 W DE POTENCIA;Exprimidor De Citricos Oster Fpstju4175-051 Jarra 500Ml 75 W De Potencia;1;1006;351000;492000
11396;EXHIBIDORA UGUR P HELADO 500L ;"EXHIBIDORA UGUR P/ HELADO UDD500SCEBN V/C-500 LTS HORIZONTAL TERM.
ANµLOGO";"Exhibidora Ugur P/ Helado Udd500Scebn V/C-500 Lts Horizontal Term.
An†logo";5;5004;4350000;6090000
11393;PLANCHA JAM A VAPOR VERTICAL ;PLANCHA JAM A VAPOR VERTICAL MY-GJ15B3W;Plancha Jam A Vapor Vertical My-Gj15B3W;13;13003;330000;462000
11391;HORNO JAM EMPOTRABLE 60I INOX ;HORNO JAM EMPOTRABLE BO-60IX INOX TEMP 240ùC. TIMER 90 MIN. 5 FUNC. C/ BANDEJA;Horno Jam Empotrable Bo-60Ix Inox Temp 240ùc. Timer 90 Min. 5 Func. C/ Bandeja;15;15002;1500000;2100000
11387;EXHIBIDOR VISICOOLER UGUR 690L;EXHIBIDORA VISICOOLER UGUR USS690DTKL- 690 LTS LUZ LED, IND. TEMP. ANµLOGO;Exhibidora Visicooler Ugur Uss690Dtkl- 690 Lts Luz Led, Ind. Temp. An†logo;5;5004;6800000;9520000
11383;EXHIBIDORA UGUR  P/HELADO ;EXHIBIDORA UGUR  P/ HELADO UDD500SCN  V/R 500LTS-HORIZONTAL TERM. ANALOGO;Exhibidora Ugur  P/ Helado Udd500Scn  V/R 500Lts-Horizontal Term. Analogo;5;5004;4050000;5670000
11382;EXHIBIDORA UGUR P HELADO 300L;EXHIBIDORA UGUR P/ HELADO UDD300SCN V/R 300LTS-HORIZONTAL TERM. ANµLOGO;Exhibidora Ugur P/ Helado Udd300Scn V/R 300Lts-Horizontal Term. An†logo;5;5004;3500000;4900000
11196;SANDWICHERA JAM JM 201 GRILL;SANDWICHERA JAM JM-201 BLANCA C/ PLACA GRILL;Sandwichera Jam Jm-201 Blanca C/ Placa Grill;1;1005;95000;133000
11195;EXPRIMIDORA JAM CANDY 85W 1,6L;EXPRIMIDORA JAM MOD. CANDY 85W 16LTS;Exprimidora Jam Mod. Candy 85W 16Lts;1;1006;115000;161000
10859;PLANCHA JAM A VAPOR ;PLANCHA JAM A VAPOR MOD.ES-5078;Plancha Jam A Vapor Mod.Es-5078;13;13003;85000;119000
10752;ESTANTERIA POLITORNO OURO ;ESTANTERIA POLITORNO OURO PRETO 190284 BLANCO (PATAS DE METAL);Estanteria Politorno Ouro Preto 190284 Blanco (Patas De Metal);2;2004;570000;798000
10735;MICROONDAS JAM 20L BCO ;MICROONDAS JAM 20LTS. MOD. MB720JAY BLANCO C/ LUZ INTERNA  700W 230V/50HZ;Microondas Jam 20Lts. Mod. Mb720Jay Blanco C/ Luz Interna  700W 230V/50Hz;15;15003;420000;588000
10721;FREEZER VERTICAL JAM BCO  210L;FREEZER VERTICAL JAM BLANCO JAMS-170W  210LTS;Freezer Vertical Jam Blanco Jams-170W  210Lts;5;5002;2080000;2912000
10489;"VENTILADOR DE PARED JAM 18"" ";VENTILADOR DE PARED JAM FW-18  75W 18 NEGRO CON CONTROL;Ventilador De Pared Jam Fw-18  75W 18 Negro Con Control;25;25002;240000;336000
10451;ARMARIO POLITORNO  ALTO ARTICO;ARMARIO POLITORNO ORGANIZADOR LIMEIRA ALTO 3265 ARTICO;Armario Politorno Organizador Limeira Alto 3265 Artico;2;2004;420000;588000
10450;HERVIDORA JAM DE VIDRIO 1.7 L;HERVIDORA JAM DE VIDRIO 1.7 LT MOD. MATE 3000;Hervidora Jam De Vidrio 1.7 Lt Mod. Mate 3000;1;1011;130000;182000
10289;MUEBLE POLITORNO  P/HORNO ;MUEBLE POLITORNO GABINETE P/ HORNO DE 45LTS MICRO TOLEDO 190654 BLANCO;Mueble Politorno Gabinete P/ Horno De 45Lts Micro Toledo 190654 Blanco;2;2005;330000;462000
10229;COCINA VITRO.JAM 1 QUEMADOR ;COCINA VITROCERAMICA JAM 1 QUEMADOR SIMPLEX 2000VC;Cocina Vitroceramica Jam 1 Quemador Simplex 2000Vc;15;15004;180000;252000
5931;RACK POLITORNO OTTAWA;RACK POLITORNO OTTAWA PARA TV DE 55 160527 TABACO;Rack Politorno Ottawa Para Tv De 55 160527 Tabaco;2;2003;690000;966000
10144;LAVARROPAS JAM NEW GRACE 6KG;LAVARROPAS JAM AUTOMATICA NEW GRACE DELUXE 6KG 1000RPM 15 PROGRAMAS BLANCO;Lavarropas Jam Automatica New Grace Deluxe 6Kg 1000Rpm 15 Programas Blanco;13;13001;1550000;2170000
10102;PLANCHA JAM SECA  ES 1128D;PLANCHA JAM SECA  MOD. ES-1128D;Plancha Jam Seca  Mod. Es-1128D;13;13003;50000;70000
9960;HELADERA JAM BCA F/H 2P 300L;HELADERA JAM BLANCA F/H  JAMD-273F 2P.  300LTS;Heladera Jam Blanca F/H  Jamd-273F 2P.  300Lts;5;5001;1650000;2310000
9926;LAVADORA A PALETA JAM ;LAVADORA A PALETA JAM MOD. 56RB;Lavadora A Paleta Jam Mod. 56Rb;13;13001;550000;770000
9925;CENTRIFUGADORA JAM INOX 5,5KG ;CENTRIFUGADORA JAM TAMBOR INOX 55 KG 2800 RPM;Centrifugadora Jam Tambor Inox 55 Kg 2800 Rpm;13;13002;550000;770000
9873;COCINA JAM MOD.LUXUS 4H;COCINA A GAS JAM MOD.LUXUS 4H;Cocina A Gas Jam Mod.Luxus 4H;15;15006;650000;910000
9838;COCINA JAM  4H C/ HORNO ELECT;COCINA A GAS JAM MOD. COMBI 4H CON HORNO ELECTRICO BLANCO;Cocina A Gas Jam Mod. Combi 4H Con Horno Electrico Blanco;15;15006;690000;966000
9638;LICUADORA SPOLU INOX 2LT ;LICUADORA SPOLU INOX 2LT ALTA-ROTACION SPL-022;Licuadora Spolu Inox 2Lt Alta-Rotacion Spl-022;1;1003;1094000;1532000
8352;COCINA VITRO. JAM C/QUEMADOR ;COCINA VITROCERAMICA JAM MOD. FYD-DS20-21 1 QUEMADOR TACTIL PREMIUM;Cocina Vitroceramica Jam Mod. Fyd-Ds20-21 1 Quemador Tactil Premium;15;15004;210000;294000
7978;HELADERA BRIKET BK 1211 290L;HELADERA BRIKET BK 1211 290LTS. 1PTA.;Heladera Briket Bk 1211 290Lts. 1Pta.;5;5001;1795000;2513000
6804;HELADERA JAM INOX F/H 2P 300L;HELADERA JAM INOX F/H JAMD-273X 2PTAS 300LTS;Heladera Jam Inox F/H Jamd-273X 2Ptas 300Lts;5;5001;1800000;2520000
6068;HELADERA JAM SILVER F/S2P 320L;HELADERA JAM SILVER F/S JAMS-226S 2P. 320LTS;Heladera Jam Silver F/S Jams-226S 2P. 320Lts;5;5001;2700000;3780000
11580;TV JAM ISDB-T SMART 32;TV JAM ISDB-T SMART 32 MOD SK32E10 RESOLUCION HD:1.366X768P  SISTEMA OP.LINUX;Tv Jam Isdb-T Smart 32 Mod Sk32E10 Resolucion Hd:1.366X768P  Sistema Op.Linux;9;9001;1600000;2240000
5934;GABINETE POLITORNO SINGOLARE ;GABINETE POLITORNO SINGOLARE 2 PTAS 4 CAJONES 1050MM 160465 BLANCO/CIRUELA NEGRA;Gabinete Politorno Singolare 2 Ptas 4 Cajones 1050Mm 160465 Blanco/Ciruela Negra;2;2005;810000;1134000
11581;TV JAM 43 SMART FHD;"TV JAM ISDB-T SMART 43"" MOD SK43E10 RESOLUCI‡N FHD:1,920X1,080P SISTEMA OP.LINUX";"Resoluci¢n FULL HD 1,920x1,080 pixeles
Pulgadas: 43 ""
Entradas: 1 USB
Entradas: 3 HDMI
Ultra delgado
Navegador, Netflix,Youtube, Dolby audio,DTS sound, Amazon prime video.
1 a§o de garant°a.
Bajo consumo";9;9001;2600000;3640000
11582;TV JAM 55 SMART UHD4K;"TV JAM ISDB-T SMART 55""MOD SK55U20 RESOLUCI‡N UHD4K 3.840X2.160P SISTEMAOP.LINUX";"Resoluci¢n 3.840 x 2.160 p°xeles (UHD 4K)
Pulgadas: 55 ''
Entradas: 1 USB
Entradas: 3 HDMI
Ultra delgado
Navegador, Netflix, Youtube, Dolby audio, DTS sound, Amazon prime video.
Bajo consumo.
1 a§o de garant°a.";9;9001;3800000;5320000
5918;GABINETE POLITORNO MAIA ;GABINETE POLITORNO MAIA 3 CAJONES 2487 TURQUESA;Gabinete Politorno Maia 3 Cajones 2487 Turquesa;2;2005;350000;490000
5914;CUNA POLITORNO ORLANDO 2542;CUNA POLITORNO ORLANDO BLANCO/ROSA 2542;Cuna Politorno Orlando Blanco/Rosa 2542;2;2003;500000;700000
5447;LICUADORA  OSTER  1,5L ROJO;LICUADORA  OSTER  15LTS BLSTMG-RD0-051 DE 8 VELOC. 450 W COLOR ROJO;Licuadora  Oster  15Lts Blstmg-Rd0-051 De 8 Veloc. 450 W Color Rojo;1;1003;382000;535000
5446;SPLIT  JAM 48.000 BTU ;AIRE ACONDICIONADOR JAM 48.000 BTU JC-48ZHRA F/C 380V/50HZ R410A;Aire Acondicionador Jam 48.000 Btu Jc-48Zhra F/C 380V/50Hz R410A;25;25004;7950000;11130000
5203;VENTILADOR DE PIE JAM  20'' ;VENTILADOR DE PIE JAM FST-50 20'' 5 ASPAS BASE REDONDA;Ventilador De Pie Jam Fst-50 20'' 5 Aspas Base Redonda;25;25002;240000;336000
5198;ROPERO POLITORNO  2PTAS;ROPERO POLITORNO 2 PUERTAS 2 CAJONES REF: 180081 ARTICO;Ropero Politorno 2 Puertas 2 Cajones Ref: 180081 Artico;2;2004;430000;602000
4832;SECARROPAS JAM 6KG. ;SECARROPAS JAM 6KG. MOD.60/014 4 PROGRAMAS BLANCO;Secarropas Jam 6Kg. Mod.60/014 4 Programas Blanco;13;13002;1600000;2240000
4684;VENTILADOR DE TECHO JAM 3ALAS ;VENTILADOR DE TECHO JAM TCF-604 MOTOR PESADO 3 ALAS 5VEL. 80W BLANCO 56;Ventilador De Techo Jam Tcf-604 Motor Pesado 3 Alas 5Vel. 80W Blanco 56;25;25002;250000;350000
4664;CORTA PELO OSTER MXPRO;CORTA PELO OSTER MXPRO POTENETE MOTOR  CUCHILLAS AJUSTABLES 076070-010- 051;Corta Pelo Oster Mxpro Potenete Motor  Cuchillas Ajustables 076070-010- 051;28;28002;306000;429000
4661;OLLA OSTER ARROCERA  1.8 L;OLLA OSTER ARROCERA  10 TAZAS 18 LTS. 006029-053-000 COLOR GRIS CONTROL TERMICO;Olla Oster Arrocera  10 Tazas 18 Lts. 006029-053-000 Color Gris Control Termico;15;15007;361000;506000
4480;LICUADORA OSTER 1,25L;LICUADORA OSTER 004134-053-000 3V 600W 125LTS JARRA VIDRIO TRITURA HIELO AZUL;Licuadora Oster 004134-053-000 3V 600W 125Lts Jarra Vidrio Tritura Hielo Azul;1;1003;595000;833000
4263;ZAPATERO POLITORNO ITAJAI;ZAPATERO POLITORNO ITAJAI 2210 TABACO C/ ESPEJO;Zapatero Politorno Itajai 2210 Tabaco C/ Espejo;2;2002;500000;700000
4239;METALCUBAS CHURRASQUERA A GAS ;METALCUBAS CHURRASQUERA A GAS COMPACTO CBG-450C;Metalcubas Churrasquera A Gas Compacto Cbg-450C;15;15007;866000;1213000
4218;KIT OFICINA POLITORNO ESPANHA;KIT OFICINA POLITORNO ESPANHA 1176- TABACO- 3CAJONES 2PTAS;Kit Oficina Politorno Espanha 1176- Tabaco- 3Cajones 2Ptas;2;2005;720000;1008000
4215;JARRA   OSTER PURIFICADORA ;JARRA OSTER PURIFICADORA DE AGUA HASTA 375 LTS  WPPW001;Jarra Oster Purificadora De Agua Hasta 375 Lts  Wppw001;1;1011;349000;489000
4213;LICUADORA OSTER 1.5L CALYPSO;LICUADORA OSTER 1.5LTS 8 VELOC. JARRA DE VIDRIO BLSTMG-T15-051 COLOR CALYPSO;Licuadora Oster 1.5Lts 8 Veloc. Jarra De Vidrio Blstmg-T15-051 Color Calypso;1;1003;382000;535000
4210;ZAPATERO POLITORNO ITU;ZAPATERO POLITORNO ITU 2151- TABACO 1 PTA;Zapatero Politorno Itu 2151- Tabaco 1 Pta;2;2002;1080000;1512000
4200;BIBLIOTECA POLITORNO C/ PTAS ;BIBLIOTECA POLITORNO CON PUERTAS 2115 - ARTICO 2 PUERTAS 3 COMPARTIMIENTOS;Biblioteca Politorno Con Puertas 2115 - Artico 2 Puertas 3 Compartimientos;2;2004;490000;686000
4118;LICUADORA OSTER 3 VEL ;LICUADORA OSTER 3 VEL V.VIDRIO 600W 004655-053-000 GRIS;Licuadora Oster 3 Vel V.Vidrio 600W 004655-053-000 Gris;1;1003;595000;833000
4117;LICUADORA OSTER 1.5 L;LICUADORA OSTER 1.5 LTS 2 VEL J.VIDRIO BPST02-B00-053 PROFESIONAL;Licuadora Oster 1.5 Lts 2 Vel J.Vidrio Bpst02-B00-053 Profesional;1;1003;671000;940000
4069;ABRELATAS OSTER ELECTRICO ;ABRELATAS OSTER ELECTRICO 003125-051-000;Abrelatas Oster Electrico 003125-051-000;15;15007;220000;308000
4062;OLLA OSTER ELECTRICA  1.8 L;OLLA OSTER ELECTRICA  ARROCERA 1.8 LTS 004729-053-000 LUZ INDICAD Y CON ESPATULA;Olla Oster Electrica  Arrocera 1.8 Lts 004729-053-000 Luz Indicad Y Con Espatula;15;15007;315000;441000
4055;SANDWICHERA OSTER ;SANDWICHERA OSTER PLATO REMOVIBLE 700W CKSTSM3891-053 2 PANES;Sandwichera Oster Plato Removible 700W Ckstsm3891-053 2 Panes;1;1005;272000;381000
4038;MIXER OSTER 3 E 1 450W;MIXER OSTER 3 E 1 450W 002619-051-000 CUCHILLO ELECTRICO + ACCES. P/ PICAR CARNE;Mixer Oster 3 E 1 450W 002619-051-000 Cuchillo Electrico + Acces. P/ Picar Carne;1;1008;336000;471000
4030;MINI VASOS DE PLASTICO OSTER ;MINI VASOS DE PLASTICO OSTER PARA LICUADORA 004888-011-000   2 MINI VASOS;Mini Vasos De Plastico Oster Para Licuadora 004888-011-000   2 Mini Vasos;15;15007;77000;108000
4027;LICUADORA OSTER 1.5 LTS 8 VEL;LICUADORA OSTER 1.5 LTS 8 VEL J.VIDRIO BLSTMG-A15-051 COLOR;Licuadora Oster 1.5 Lts 8 Vel J.Vidrio Blstmg-A15-051 Color Disponible Naranja - Kiwi ;1;1003;382000;535000
4025;LICUADORA OSTER 1,5 L NEGRO;LICUADORA OSTER 15 LTS 8 VEL BLSTMG-B00-051 450W COLOR NEGRO J. VIDRIO;Licuadora Oster 15 Lts 8 Vel Blstmg-B00-051 450W Color Negro J. Vidrio;1;1003;382000;535000
4024;LICUADORA OSTER 3 VEL 125L;LICUADORA OSTER 3 VEL 125LTS  J.VIDRIO 600W 004126-053-000;Licuadora Oster 3 Vel 125Lts  J.Vidrio 600W 004126-053-000 Colores Disponibles Rojo Cobre ;1;1003;595000;833000
3981;BAR POLITORNO ANDES  IMBUIA;BAR POLITORNO ANDES 2258 IMBUIA;Bar Politorno Andes 2258 Imbuia;2;2003;615000;861000
3976;PLANCHA DE VAPOR OSTER ;PLANCHA DE VAPOR OSTER GCSTBS4801R-053;Plancha De Vapor Oster Gcstbs4801R-053 Base Antiadherente/1200W Color Disponible Negro Rojo Turquesa;13;13003;120000;168000
3912;MICROONDAS JAM 20L INOX ;MICROONDAS JAM 20LTS MOD AG720C3D PANEL DIGITAL ESPEJADO INOX CON GRILL;Microondas Jam 20Lts Mod Ag720C3D Panel Digital Espejado Inox Con Grill;15;15003;515000;721000
3502;BAR POLITORNO LAGUNA TABACO;BAR POLITORNO LAGUNA 2285 TABACO;Bar Politorno Laguna 2285 Tabaco;2;2003;370000;518000
3387;ROPERO POLITORNO ORLANDO ;ROPERO POLITORNO ORLANDO 2 PUERTAS - 2 CAJONES BLANCO/AZUL 2537;Ropero Politorno Orlando 2 Puertas - 2 Cajones Blanco/Azul 2537;2;2004;715000;1001000
3341;CAMA CUNA POLITORNO MADRI;CAMA CUNA POLITORNO MADRI FUNCIONAL BLANCA 2270 CON COMODA;Cama Cuna Politorno Madri Funcional Blanca 2270 Con Comoda;2;2003;850000;1190000
3320;CUNA POLITORNO ORLANDO ;CUNA POLITORNO ORLANDO BLANCO/AZUL UV 2542;Cuna Politorno Orlando Blanco/Azul Uv 2542;2;2003;500000;700000
3319;CUNA POLITORNO BCA;CUNA POLITORNO BLANCA/BLANCA 2542;Cuna Politorno Blanca/Blanca 2542;2;2003;500000;700000
3115;COMODA POLITORNO 05 CAJONES;COMODA POLITORNO 05 CAJONES  2541;Comoda Politorno 05 Cajones Blanco/Azul 2541;2;2002;460000;644000
3027;COMODA POLITORNO 5CAJ 2169;COMODA POLITORNO 5 CAJONES 2169 TABACO;Comoda Politorno 5 Cajones 2169 Tabaco Color Disponible Tabaco - Blanco - Rosa ;2;2002;460000;644000
3010;ZAPATERO POLITORNO 3 CAJONES;ZAPATERO POLITORNO 3 CAJONES 3006 TABACO;Zapatero Politorno 3 Cajones 3006 Tabaco;2;2002;450000;630000
3008;ARMARIO POLITORNO TABACO;ARMARIO POLITORNO ORGANIZADOR COIMBRA 2437 TABACO;Armario Politorno Organizador Coimbra 2437 Tabaco;2;2002;650000;910000
3005;ARMARIO POLITORNO ORGANIZ;ARMARIO POLITORNO ORGANIZADOR COIMBRA 2437- BLANCO;Armario Politorno Organizador Coimbra 2437- Colores Disponibles Blanco  Castanho  Artico  Roble Claro;2;2002;650000;910000
3001;ARMARIO POLITORNO ORGANIZ;ARMARIO POLITORNO ORGANIZADOR LIMEIRA ALTO 3265 BLANCO;Armario Politorno Organizador Limeira Alto 3265 Color Disponible Blanco - Castanho - Imbuia;2;2002;420000;588000
2653;VENTILADOR DE TECHO WAHSON ;VENTILADOR DE TECHO WAHSON 220V 50HZ ART.NO.SH56B1 56;Ventilador De Techo Wahson 220V 50Hz Art.No.Sh56B1 56;25;25002;390000;546000
2436;COCINA VITRO JAM TACTIL ;COCINA VITROCERAMICA JAM 400VC 2 QUEMADORES TACTIL PREMIUM;Cocina Vitroceramica Jam 400Vc 2 Quemadores Tactil Premium;15;15004;670000;938000
1901;PLANCHA DE VAPOR OSTER  ;PLANCHA DE VAPOR OSTER GCSTBS4801L-053 BASE ANTIADHERENTE/1200W/COLOR AZUL;Plancha De Vapor Oster Gcstbs4801L-053 Base Antiadherente/1200W/Color Azul;13;13003;120000;168000
1896;MICROONDAS JAM 36L BCO ;MICROONDAS JAM 36LTS MOD AG036AFK GRILL BLANCO CRISTAL DE PUERTA 1000W 230V/50HZ;Microondas Jam 36Lts Mod Ag036Afk Grill Blanco Cristal De Puerta 1000W 230V/50Hz;15;15003;750000;1050000
