Codigo Proveedor ;Nombre ;Descripcion Larga;Detalle ;Familia;Clase ;Costo ;Precio Lista;
10662;Split  Jam 12.000 BtuF/C;Split  Jam 12.000Btu F/C Jf-12Chrn1 Desc. Horiz. 220V/50Hz-R410A;Split  Jam 12.000Btu F/C Jf-12Chrn1 Desc. Horiz. 220V/50Hz-R410A;25;25004;1620000;2268000;
11600;Split  Jam 12.000Btu Eco;Split  Jam 12.000Btu F/C Jf-12Chrn1 Desc.Horiz. 220V/50Hz-R410A Eco;Split  Jam 12.000Btu F/C Jf-12Chrn1 Desc.Horiz. 220V/50Hz-R410A Eco;25;25004;1620000;2268000;
10664;Split  Jam 18.000Btu F/C ;Split  Jam 18.000Btu F/C Jf-18Chrn1 Desc. Horiz. 220V/50Hz-R410A;Split  Jam 18.000Btu F/C Jf-18Chrn1 Desc. Horiz. 220V/50Hz-R410A;25;25004;2620000;3668000;
11610;Split  Jam 18.000Btu F/C  Eco;Split  Jam 18.000Btu F/C Jf-18Chrn1 Desc.Horiz. 220V/50Hz-R410A Eco;Split  Jam 18.000Btu F/C Jf-18Chrn1 Desc.Horiz. 220V/50Hz-R410A Eco;25;25004;2620000;3668000;
11611;Split  Jam 24.000Btu F/C  Eco;Split  Jam 24.000Btu F/C Jf-24Chrn1 Desc.Horiz. 220V/50Hz-R410A Eco;Split  Jam 24.000Btu F/C Jf-24Chrn1 Desc.Horiz. 220V/50Hz-R410A Eco;25;25004;3700000;5180000;
11414;Split  Jam 36.000Btu F/C  Eco;Split  Jam 36.000Btu F/C Jf-36Chrn1 Desc.Horiz. 220V/50Hz-R410A Eco;Split  Jam 36.000Btu F/C Jf-36Chrn1 Desc.Horiz. 220V/50Hz-R410A Eco;25;25004;6100000;8540000;
5446;Split  Jam 48.000 Btu ;Split  Jam 48.000 Btu Jc-48Zhra F/C 380V/50Hz, R410A;Split  Jam 48.000 Btu Jc-48Zhra F/C 380V/50Hz, R410A;25;25004;7850000;10990000;
11613;Split  Jam 60.000Btu F/C Eco;Split  Jam 60.000Btu F/C Jf-60Hrn1 Desc. Horiz. 380V/50Hz-R410A Eco;Split  Jam 60.000Btu F/C Jf-60Hrn1 Desc. Horiz. 380V/50Hz-R410A Eco;25;25004;8600000;12040000;
9990;Bebedero Jam De Pie   F/C ;Bebedero Jam De Pie  Myl1675S-W Agua F/C Cap:20Lts;Bebedero Jam De Pie  Myl1675S-W Agua F/C Cap:20Lts;5;5003;700000;980000;
11466;Cocina  A Gas Jam Eva  5H ;Cocina  A Gas Jam Eva Top Glass 5Hb Negro;Cocina  A Gas Jam Eva Top Glass 5Hb Negro;15;15006;1250000;1750000;
11372;Cocina A Gas Jam Eva  4H Negro;Cocina A Gas Jam Eva Top Glass 4Hb Negro;Cocina A Gas Jam Eva Top Glass 4Hb Negro;15;15006;925000;1295000;
9835;Cocina Jam Estandar Negra  4H;Cocina Jam Estandar Negra  4H;Cocina Jam Estandar Negra  4H;15;15006;450000;630000;
9838;Cocina Jam  4H C/ Horno Elect;Cocina Jam Mod. Combi 4H Con Horno Electrico Blanco;Cocina Jam Mod. Combi 4H Con Horno Electrico Blanco;15;15006;600000;840000;
9839;Cocina Jam  4H C/ Inox;Cocina Jam Mod. Combi 4H Con Horno Electrico Inox;Cocina Jam Mod. Combi 4H Con Horno Electrico Inox;15;15006;680000;952000;
9878;Cocina Jam 4H Safiro Blanco;Cocina Jam Mod. 4H Safiro Blanco;Cocina Jam Mod. 4H Safiro Blanco;15;15006;530000;742000;
9872;Cocina Jam .Estandar 4H Blanco;Cocina Jam Mod.Estandar 4H Blanco;Cocina Jam Mod.Estandar 4H Blanco;15;15006;450000;630000;
9873;Cocina Jam Mod.Luxus 4H;Cocina Jam Mod.Luxus 4H;Cocina Jam Mod.Luxus 4H;15;15006;620000;868000;
8352;Cocina Vitro. Jam c/Quemador ;Cocina Vitroceramica Jam Mod. Fyd-Ds20-21 1 Quemador Tactil Premium;Cocina Vitroceramica Jam Mod. Fyd-Ds20-21 1 Quemador Tactil Premium;15;15004;200000;280000;
10229;Cocina Vitro.Jam 1 Quemador ;Cocina Vitroceramica Jam 1 Quemador Simplex 2000Vc;Cocina Vitroceramica Jam 1 Quemador Simplex 2000Vc;15;15004;170000;238000;
10228;Cocina Vitro Jam 2 Quemadores ;Cocina Vitroceramica Jam 2 Quemadores Donna 3000Vc;Cocina Vitroceramica Jam 2 Quemadores Donna 3000Vc;15;15004;350000;490000;
2436;Cocina Vitro Jam Tactil ;Cocina Vitroceramica Jam 400Vc 2 Quemadores  Premium;Cocina Vitroceramica Jam 400Vc 2 Quemadores Tactil Premium;15;15004;620000;868000;
11528;Congelador Jam 510 L 2 Tapas ;Congelador Jam 510 Litros 2 Tapas  - Jamf-520D Luz Led 3 Canastas;Congelador Jam 510 Litros 2 Tapas  - Jamf-520D Luz Led 3 Canastas;5;5002;3300000;4620000;
4089;Exhibidora Jam  105 Litros;Exhibidora Jam Slim Sc105B 105 Litros Led;Exhibidora Jam Slim Sc105B 105 Litros Led;5;5004;2100000;2940000;
11195;Exprimidora Jam Candy 85W 1,6L;Exprimidora Jam Mod. Candy 85W 1,6Lts;Exprimidora Jam Mod. Candy 85W 1,6Lts;1;1006;115000;161000;
10721;Freezer Vertical Jam Bco  210L;Freezer Vertical Jam Blanco Jams-170W  210Lts;Freezer Vertical Jam Blanco Jams-170W  210Lts;5;5002;2000000;2800000;
6067;Heladera Jam Bca F/S 2P 320L;Heladera Jam Blanca  F/S  Jams-226W 2P.  320L;Heladera Jam Blanca  F/S  Jams-226W 2P.  320Lts;5;5001;2400000;3360000;
9957;Heladera Jam Bca  2P F/H 340L;Heladera Jam Blanca  2P F/H Jamd-341F 340Lts;Heladera Jam Blanca  2P F/H Jamd-341F 340Lts;5;5001;1900000;2660000;
9960;Heladera Jam Bca F/H 2P 300L;Heladera Jam Blanca F/H  Jamd-273F 2P.  300Lts;Heladera Jam Blanca F/H  Jamd-273F 2P.  300Lts;5;5001;1500000;2100000;
11419;Heladera Jam Bca F/H  2P 400L;Heladera Jam Blanca F/H Jamd-410W 2P 400Lts;Heladera Jam Blanca F/H Jamd-410W 2P 400Lts;5;5001;2150000;3010000;
6804;Heladera Jam Inox F/H 2P 300L;Heladera Jam Inox F/H Jamd-273X 2Ptas 300Lts;Heladera Jam Inox F/H Jamd-273X 2Ptas 300Lts;5;5001;1550000;2170000;
6068;Heladera Jam Silver F/S2P 320L;Heladera Jam Silver F/S Jams-226S 2P. 320Lts;Heladera Jam Silver F/S Jams-226S 2P. 320Lts;5;5001;2600000;3640000;
10450;Hervidora Jam De Vidrio 1.7 L;Hervidora Jam De Vidrio 1.7 Lt Mod. Mate 3000;Hervidora Jam De Vidrio 1.7 Lt Mod. Mate 3000;1;1011;120000;168000;
5586;Hervidora Jam 1.7L Blanca  ;Hervidora Jam 1.7L Blanca  Mod.Ck-1011;Hervidora Jam 1.7L Blanca  Mod.Ck-1011;1;1011;50000;70000;
5585;Hervidora Jam 1.7L Inox ;Hervidora Jam 1.7L Inox Mod.Ck -1009A;Hervidora Jam 1.7L Inox Mod.Ck -1009A;1;1011;80000;112000;
11460;Horno Electrico Jam 42L Timer ;Horno Electrico Jam 42Lts Dn42E-Rml Luz Int Spiedo Timer 120M 2000W;Horno Electrico Jam 42Lts Dn42E-Rml Luz Int Spiedo Timer 120M 2000W;15;15002;410000;574000;
11461;Horno Electrico Jam 50L Timer ;Horno Electrico Jam 50 Lts Dn50E-Rml C/ Luz Interna, Spiedo, Timer 120Min 2200W;Horno Electrico Jam 50 Lts Dn50E-Rml C/ Luz Interna, Spiedo, Timer 120Min 2200W;15;15002;570000;798000;
11462;Horno Electrico Jam 60 LTimer ;Horno Electrico Jam 60 Lts Dn60E-Rml C/ Luz Interna, Spiedo, Timer 120Min 2200W;Horno Electrico Jam 60 Lts Dn60E-Rml C/ Luz Interna, Spiedo, Timer 120Min 2200W;15;15002;630000;882000;
11391;Horno Jam Empotrable 60I Inox ;Horno Jam Empotrable Bo-60Ix Inox Temp 240°C. Timer 90 Min. 5 Func. C/ Bandeja;Horno Jam Empotrable Bo-60Ix Inox Temp 240°C. Timer 90 Min. 5 Func. C/ Bandeja;15;15002;1400000;1960000;
11392;Horno Jam Empotrable 60l Ng ;Horno Jam Empotrable Bo-60Ng Negro Temp 250°C. Timer 90 Min. 9 Func. C/ Bandeja;Horno Jam Empotrable Bo-60Ng Negro Temp 250°C. Timer 90 Min. 9 Func. C/ Bandeja;15;15002;1500000;2100000;
9926;Lavadora A Paleta Jam ;Lavadora A Paleta Jam Mod. 56Rb;Lavadora A Paleta Jam Mod. 56Rb;13;13001;545000;763000;
11648;Lavarropas Jam Aut. 6,5Kg;Lavarropas Jam Automatica Mimbi 6,5Kg;Lavarropas Jam Automatica Mimbi 6,5Kg;13;13001;1490000;2086000;
10484;Lavarropas Jam Aut.  7Kg;Lavarropas Jam Automatico Alba 7Kg, Carga Superior ,Blanco;Lavarropas Jam Automatico Alba 7Kg, Carga Superior ,Blanco;13;13001;1360000;1904000;
11596;Licuadora Jam  Inox C/Vidrio;Licuadora Jam Lic-650W Base Inox Con Jarra De Vidrio;Licuadora Jam Lic-650W Base Inox Con Jarra De Vidrio;1;1003;185000;259000;
3912;Microondas Jam 20L Inox ;Microondas Jam 20Lts Mod Ag720C3D Panel Digital, Espejado Inox Con Grill;Microondas Jam 20Lts Mod Ag720C3D Panel Digital, Espejado Inox Con Grill;15;15003;490000;686000;
10735;Microondas Jam 20L Bco ;Microondas Jam 20Lts. Mod. Mb720Jay Blanco C/ Luz Interna  700W 230V/50Hz;Microondas Jam 20Lts. Mod. Mb720Jay Blanco C/ Luz Interna  700W 230V/50Hz;15;15003;365000;511000;
9451;Microondas Jam 25L  Inox ;Microondas Jam 25Lts. Mod. Am925Akn Panel Digital Frente De Acero Inox 900W;Microondas Jam 25Lts. Mod. Am925Akn Panel Digital Frente De Acero Inox 900W;15;15003;515000;721000;
1896;Microondas Jam 36L Bco ;Microondas Jam 36Lts Mod Ag036Afk Grill Blanco Cristal De Puerta 1000W 230V/50Hz;Microondas Jam 36Lts Mod Ag036Afk Grill Blanco Cristal De Puerta 1000W 230V/50Hz;15;15003;655000;917000;
10736;Microondas Jam 36L Espejada ;Microondas Jam 36Lts Mod Ax360Jmk Grill Silver Puerta Espejada 1000W 230V/50Hz;Microondas Jam 36Lts Mod Ax360Jmk Grill Silver Puerta Espejada 1000W 230V/50Hz;15;15003;700000;980000;
10859;Plancha Jam A Vapor ;Plancha Jam A Vapor Mod.Es-5078;Plancha Jam A Vapor Mod.Es-5078;13;13003;60000;84000;
11393;Plancha Jam A Vapor Vertical ;Plancha Jam A Vapor Vertical My-Gj15B3W;Plancha Jam A Vapor Vertical My-Gj15B3W;13;13003;290000;406000;
9925;Centrifugadora Jam Inox 5,5Kg ;Centrifugadora Jam Tambor Inox 5,5 Kg 2800 Rpm;Centrifugadora Jam Tambor Inox 5,5 Kg 2800 Rpm;13;13002;515000;721000;
5995;Secarropa Colgante Jam  10Kg;Secarropa Colgante Jam  Mod.Sr555 10Kg Gris/Blanco 4 Programas - 220V/50Hz;Secarropa Colgante Jam  Mod.Sr555 10Kg Gris/Blanco 4 Programas - 220V/50Hz;13;13002;630000;882000;
4832;Secarropas Jam 6Kg. ;Secarropas Jam 6Kg. Mod.60/014 4 Programas Blanco;Secarropas Jam 6Kg. Mod.60/014 4 Programas Blanco;13;13002;1420000;1988000;
11628;"Tv Jam Isdb-T Led 32"" ";"Tv Jam Isdb-T Led 32"" Mod Sk32Wh3 Resolución Hd:1.366X768P";"Tv Jam Isdb-T Led 32"" Mod Sk32Wh3 Resolución Hd:1.366X768P";9;9001;980000;1372000;
11580;"Tv Jam Isdb-T Smart 32"" ";"Tv Jam Isdb-T Smart 32"" Mod Sk32E10 Resolución Hd:1.366X768P  Sistema Op.Linux";"Tv Jam Isdb-T Smart 32"" Mod Sk32E10 Resolución Hd:1.366X768P  Sistema Op.Linux";9;9001;1250000;1750000;
11581;"Tv Jam Isdb-T Smart 43"" ";"Tv Jam Isdb-T Smart 43"" Mod Sk43E10 Resolución Fhd:1,920X1,080P Sistema Op.Linux";"Tv Jam Isdb-T Smart 43"" Mod Sk43E10 Resolución Fhd:1,920X1,080P Sistema Op.Linux";9;9001;1810000;2534000;
11582;"Tv Jam Isdb-T Smart 55""";"Tv Jam Isdb-T Smart 55""Mod Sk55U20 Resolución Uhd4K 3.840X2.160P Sistemaop.Linux";"Tv Jam Isdb-T Smart 55""Mod Sk55U20 Resolución Uhd4K 3.840X2.160P Sistemaop.Linux";9;9001;2800000;3920000;
11429;"Tv Jam Smart 32"" ";"Tv Jam Smart 32"" Mod-Ja32Hd2000S, Hd,Hdmi, Usb, Ultra Slim";"Tv Jam Smart 32"" Mod-Ja32Hd2000S, Hd,Hdmi, Usb, Ultra Slim";9;9001;1210000;1694000;
11701;"Tv Jam Smart 4K  65"" ";"Tv Jam Smart 4K  65"" Ja65Uhd202 Uhd 3840X2160 Hdmix3 Usbx1 Ultra Slim";"Tv Jam Smart 4K  65"" Ja65Uhd202 Uhd 3840X2160 Hdmix3 Usbx1 Ultra Slim";9;9001;4300000;6020000;
10489;"Ventilador De Pared Jam 18"" ";"Ventilador De Pared Jam Fw-18  75W 18"" Negro Con Control";"Ventilador De Pared Jam Fw-18  75W 18"" Negro Con Control";25;25002;240000;336000;
5203;Ventilador De Pie Jam  20'' ;Ventilador De Pie Jam Fst-50 20'' 5 Aspas Base Redonda;Ventilador De Pie Jam Fst-50 20'' 5 Aspas Base Redonda;25;25002;240000;336000;
4684;Ventilador De Techo Jam 3Alas ;"Ventilador De Techo Jam Tcf-604 Motor Pesado 3 Alas 5Vel. 80W Blanco 56""";"Ventilador De Techo Jam Tcf-604 Motor Pesado 3 Alas 5Vel. 80W Blanco 56""";25;25002;170000;238000;
11532;"Ventilador  De Pared Jam 30"" ";"Ventilador Industrial De Pared Jam Jm130C 4 Cuchil/Negro 30"" C/ Control 250W";"Ventilador Industrial De Pared Jam Jm130C 4 Cuchil/Negro 30"" C/ Control 250W";25;25002;475000;665000;
11529;"Ventilador De Pie Jam 30"" ";"Ventilador Industrial De Pie Jam Jm130 4Cuchil/Negro30"" Base Red. 250W 220V/50Hz";"Ventilador Industrial De Pie Jam Jm130 4Cuchil/Negro30"" Base Red. 250W 220V/50Hz";25;25002;420000;588000;
7125;Exhibidora Briket 500 L;Exhibidora Briket M5000 Bc-500 Lts R290;Exhibidora Briket M5000 Bc-500 Lts R290;5;5004;6700000;9380000;
12252;Exhibidora Briket Luz Led.500L;Exhibidora Briket M5000 Led Perimetral 500Lts Ci Cont. Int R290;Exhibidora Briket M5000 Led Perimetral 500Lts Ci Cont. Int R290;5;5004;5650000;7910000;
12253;Exhibidora Briket  500L;Exhibidora Briket M5000 Led Superior Ci- 500Lts R290;Exhibidora Briket M5000 Led Superior Ci- 500Lts R290;5;5004;5000000;7000000;
2653;Ventilador De Techo Wahson ;"Ventilador De Techo Wahson 220V 50Hz ""Art.No.Sh56B1 56""";"Ventilador De Techo Wahson 220V 50Hz ""Art.No.Sh56B1 56""";25;25002;365000;511000;
10517;Conservadora P/ Hielo Frider ;Conservadora Para Hielo Frider Mod Hph 700  o 900 Equipada S/ Indicador De Temperatura;Conservadora Para Hielo Frider Mod Hph 700 Equipada S/ Indicador De Temperatura;5;5006;7150000;10010000;
7985;Batea Frider  2.40M V/Bajo;Batea Frider Plastico 2.40M V/Bajo;Batea Frider Plastico 2.40M V/Bajo;5;5004;17200000;24080000;
11139;Exhibidora Frider  870L 2P;Exhibidora Frider Vertical 2P Equipada C/ Combistato 870 Lts.;Exhibidora Frider Vertical 2P Equipada C/ Combistato 870 Lts.;5;5004;14100000;19740000;
6995;Exhibidora Frider  1.350L 3P;Exhibidora Frider Vertical 3Ptas 1.350 Lts Semiequipada C/ Combistato;Exhibidora Frider Vertical 3Ptas 1.350 Lts Semiequipada C/ Combistato;5;5004;22330000;31262000;
10367;Gondola Frider Para Verduras ;Gondola Frider Para Verduras 2.50M Semiequipada;Gondola Frider Para Verduras 2.50M Semiequipada;5;5004;24900000;34860000;
7506;Gondola Frider P/Lacteos 1,30 ;Gondola Frider Para Lacteos 1,30 Equipada;Gondola Frider Para Lacteos 1,30 Equipada;5;5004;21600000;30240000;
7996;Gondola Frider P/ Lacteos 2,50;Gondola Frider Para Lacteos 2.50M Semiequipada;Gondola Frider Para Lacteos 2.50M Semiequipada;5;5004;36660000;51324000;
113;Conservadora Frare P/ Helado;Conservadora Frare Para Helado Fc 240T/Red. 510 Lts. P/ 12 Baldes, Tapas Redonda;Conservadora Frare Para Helado Fc 240T/Red. 510 Lts. P/ 12 Baldes, Tapas Redonda;5;5004;7830000;10962000;
6089;Exhibidora Ugur  670L;Exhibidora  Abierta Ugur Umd 670 As Open Front Cooler 670Lts.;Exhibidora  Abierta Ugur Umd 670 As Open Front Cooler 670Lts.;5;5004;13950000;19530000;
11383;Exhibidora Ugur  P/Helado ;Exhibidora Ugur  P/ Helado Udd500Scn  V/R 200 /500Lts-Horizontal Term. Análogo;Exhibidora Ugur  P/ Helado Udd500Scn  V/R 500Lts-Horizontal Term. Análogo;5;5004;3750000;5250000;
11154;Exhibidora Ugur  1300L ;Exhibidora Ugur Uss 1500 D2K  Luz Led Temp. Media Ind. Digital 2 Puertas 1300Lts;Exhibidora Ugur Uss 1500 D2K  Luz Led Temp. Media Ind. Digital 2 Puertas 1300Lts;5;5004;11500000;16100000;
11388;Exhibidora Ugur 771L ;Exhibidora Ugur 2P Uss1000Dscl 771L ,Luz Led Puerta Deslizable Ind.Temp.Análogo;Exhibidora Ugur 2P Uss1000Dscl 771L ,Luz Led Puerta Deslizable Ind.Temp.Análogo;5;5004;7750000;10850000;
11636;Visicooler Ugur771L;Exhibidora Visicooler Ugur Uss 1000 D2Kl 771Lts Luz Led, 2 Puertas Batiente;Exhibidora Visicooler Ugur Uss 1000 D2Kl 771Lts Luz Led, 2 Puertas Batiente;5;5004;7750000;10850000;
6092;Visicooler Ugur 1200L;Exhibidora Visicooler Ugur Uss 1500 Dik 3 Puertas 1200Lts.;Exhibidora Visicooler Ugur Uss 1500 Dik 3 Puertas 1200Lts.;5;5004;13770000;19278000;
3008;Armario Politorno Tabaco;Armario Politorno Organizador Coimbra 2437 Colores Variados ;Armario Politorno Organizador Coimbra 2437 Tabaco;2;2010;650000;910000;
10451;Armario Politorno  Alto Artico;Armario Politorno Organizador Limeira Alto 3265 Colores variados;Armario Politorno Organizador Limeira Alto 3265 Artico;2;2010;480000;672000;
3981;Bar Politorno Andes  Imbuia;Bar Politorno Andes 2258 Imbuia;Bar Politorno Andes 2258 Imbuia;2;2010;615000;861000;
3502;Bar Politorno Laguna Tabaco;Bar Politorno Laguna 2285 Tabaco;Bar Politorno Laguna 2285 Tabaco;2;2010;325000;455000;
11751;Biblioteca  Politorno ;Biblioteca  Politorno Con Puertas 200076- Castaño 2 Puertas 3 Compartimientos;Biblioteca  Politorno Con Puertas 200076- Castaño 2 Puertas 3 Compartimientos;2;2009;350000;490000;
4200;Biblioteca Politorno C/ Ptas ;Biblioteca Politorno Con Puertas 2115 - colores variados , 2 Puertas 3 Compartimientos;Biblioteca Politorno Con Puertas 2115 - Artico 2 Puertas 3 Compartimientos;2;2009;350000;490000;
11440;Cama Cuna Politorno ;Cama Cuna Politorno Madri Funcional + Cama Auxiliar Blanca 200077 C/ Comoda;Cama Cuna Politorno Madri Funcional + Cama Auxiliar Blanca 200077 C/ Comoda;2;2003;950000;1330000;
10853;Cocina Compacta  Carolina ;Cocina Compacta Politorno Carolina 8 Puertas 180020 Blanco Con Bordo;Cocina Compacta Politorno Carolina 8 Puertas 180020 Blanco Con Bordo;2;2005;853600;1195040;
3115;Comoda Politorno 05 Cajones;Comoda Politorno 05 Cajones Blanco/Azul, colores variados ;Comoda Politorno 05 Cajones Blanco/Azul 2541;2;2010;430000;602000;
3319;Cuna Politorno Bca;Cuna Politorno Blanca/Blanca 2542;Cuna Politorno Blanca/Blanca 2542;2;2003;440000;616000;
3320;Cuna Politorno Orlando ;Cuna Politorno Orlando Blanco/Azul - Blanco/RosaUv 2542;Cuna Politorno Orlando Blanco/Azul Uv 2542;2;2003;440000;616000;
10752;Estanteria Politorno Ouro ;Estanteria Politorno Ouro Preto 190284 Blanco (Patas De Metal);Estanteria Politorno Ouro Preto 190284 Blanco (Patas De Metal);2;2010;550000;770000;
5918;Gabinete Politorno Maia ;Gabinete Politorno Maia 3 Cajones 2487 colores variados;Gabinete Politorno Maia 3 Cajones 2487 Turquesa;2;2010;350000;490000;
5934;Gabinete Politorno Singolare ;Gabinete Politorno Singolare 2 Ptas 4 Cajones 1050Mm 160465 Blanco/Ciruela Negra;Gabinete Politorno Singolare 2 Ptas 4 Cajones 1050Mm 160465 Blanco/Ciruela Negra;2;2010;810000;1134000;
3036;Kit De Cocina Politorno 2P ;Kit De Cocina Politorno 2P 6007 Avellana;Kit De Cocina Politorno 2P 6007 Avellana;2;2005;500000;700000;
30106;Kit Oficina Politorno Espanha ;Kit Oficina Politorno Espanha 1176 3 Cajones 2 Ptas Negro;Kit Oficina Politorno Espanha 1176 3 Cajones 2 Ptas Negro;2;2005;700000;980000;
4265;Mesa De Planchar Politorno ;Mesa De Planchar Politorno Lucena 3482 Blanco C/ Soporte P/ Plancha;Mesa De Planchar Politorno Lucena 3482 Blanco C/ Soporte P/ Plancha;13;13004;230000;322000;
11195;Exprimidora Jam Candy 85W 1,6L;Exprimidora Jam Mod. Candy 85W 1,6Lts;Exprimidora Jam Mod. Candy 85W 1,6Lts;1;1006;115000;161000;
10721;Freezer Vertical Jam Bco  210L;Freezer Vertical Jam Blanco Jams-170W  210Lts;Freezer Vertical Jam Blanco Jams-170W  210Lts;5;5002;2000000;2800000;
11246;Plancha Jam Seca  Obsequio;Plancha Jam Seca  Mod. Es-1128D Obsequio;Plancha Jam Seca  Mod. Es-1128D Obsequio;13;13003;1;1,4;
6067;Heladera Jam Bca F/S 2P 320L;Heladera Jam Blanca  F/S  Jams-226W 2P.  320L;Heladera Jam Blanca  F/S  Jams-226W 2P.  320Lts;5;5001;2400000;3360000;
9957;Heladera Jam Bca  2P F/H 340L;Heladera Jam Blanca  2P F/H Jamd-341F 340Lts;Heladera Jam Blanca  2P F/H Jamd-341F 340Lts;5;5001;1900000;2660000;
9960;Heladera Jam Bca F/H 2P 300L;Heladera Jam Blanca F/H  Jamd-273F 2P.  300Lts;Heladera Jam Blanca F/H  Jamd-273F 2P.  300Lts;5;5001;1500000;2100000;
11419;Heladera Jam Bca F/H  2P 400L;Heladera Jam Blanca F/H Jamd-410W 2P 400Lts;Heladera Jam Blanca F/H Jamd-410W 2P 400Lts;5;5001;2150000;3010000;
6804;Heladera Jam Inox F/H 2P 300L;Heladera Jam Inox F/H Jamd-273X 2Ptas 300Lts;Heladera Jam Inox F/H Jamd-273X 2Ptas 300Lts;5;5001;1550000;2170000;
6068;Heladera Jam Silver F/S2P 320L;Heladera Jam Silver F/S Jams-226S 2P. 320Lts;Heladera Jam Silver F/S Jams-226S 2P. 320Lts;5;5001;2600000;3640000;
10450;Hervidora Jam De Vidrio 1.7 L;Hervidora Jam De Vidrio 1.7 Lt Mod. Mate 3000;Hervidora Jam De Vidrio 1.7 Lt Mod. Mate 3000;1;1011;120000;168000;
5586;Hervidora Jam 1.7L Blanca  ;Hervidora Jam 1.7L Blanca  Mod.Ck-1011;Hervidora Jam 1.7L Blanca  Mod.Ck-1011;1;1011;50000;70000;
5585;Hervidora Jam 1.7L Inox ;Hervidora Jam 1.7L Inox Mod.Ck -1009A;Hervidora Jam 1.7L Inox Mod.Ck -1009A;1;1011;80000;112000;
11460;Horno Electrico Jam 42L Timer ;Horno Electrico Jam 42Lts Dn42E-Rml Luz Int Spiedo Timer 120M 2000W;Horno Electrico Jam 42Lts Dn42E-Rml Luz Int Spiedo Timer 120M 2000W;15;15002;410000;574000;
11461;Horno Electrico Jam 50L Timer ;Horno Electrico Jam 50 Lts Dn50E-Rml C/ Luz Interna, Spiedo, Timer 120Min 2200W;Horno Electrico Jam 50 Lts Dn50E-Rml C/ Luz Interna, Spiedo, Timer 120Min 2200W;15;15002;570000;798000;
11462;Horno Electrico Jam 60 LTimer ;Horno Electrico Jam 60 Lts Dn60E-Rml C/ Luz Interna, Spiedo, Timer 120Min 2200W;Horno Electrico Jam 60 Lts Dn60E-Rml C/ Luz Interna, Spiedo, Timer 120Min 2200W;15;15002;630000;882000;
11391;Horno Jam Empotrable 60I Inox ;Horno Jam Empotrable Bo-60Ix Inox Temp 240°C. Timer 90 Min. 5 Func. C/ Bandeja;Horno Jam Empotrable Bo-60Ix Inox Temp 240°C. Timer 90 Min. 5 Func. C/ Bandeja;15;15002;1400000;1960000;
11392;Horno Jam Empotrable 60l Ng ;Horno Jam Empotrable Bo-60Ng Negro Temp 250°C. Timer 90 Min. 9 Func. C/ Bandeja;Horno Jam Empotrable Bo-60Ng Negro Temp 250°C. Timer 90 Min. 9 Func. C/ Bandeja;15;15002;1500000;2100000;
9926;Lavadora A Paleta Jam ;Lavadora A Paleta Jam Mod. 56Rb;Lavadora A Paleta Jam Mod. 56Rb;13;13001;545000;763000;
11648;Lavarropas Jam Aut. 6,5Kg;Lavarropas Jam Automatica Mimbi 6,5Kg;Lavarropas Jam Automatica Mimbi 6,5Kg;13;13001;1490000;2086000;
10484;Lavarropas Jam Aut.  7Kg;Lavarropas Jam Automatico Alba 7Kg, Carga Superior ,Blanco;Lavarropas Jam Automatico Alba 7Kg, Carga Superior ,Blanco;13;13001;1360000;1904000;
11596;Licuadora Jam  Inox C/Vidrio;Licuadora Jam Lic-650W Base Inox Con Jarra De Vidrio;Licuadora Jam Lic-650W Base Inox Con Jarra De Vidrio;1;1003;185000;259000;
3912;Microondas Jam 20L Inox ;Microondas Jam 20Lts Mod Ag720C3D Panel Digital, Espejado Inox Con Grill;Microondas Jam 20Lts Mod Ag720C3D Panel Digital, Espejado Inox Con Grill;15;15003;490000;686000;
10735;Microondas Jam 20L Bco ;Microondas Jam 20Lts. Mod. Mb720Jay Blanco C/ Luz Interna  700W 230V/50Hz;Microondas Jam 20Lts. Mod. Mb720Jay Blanco C/ Luz Interna  700W 230V/50Hz;15;15003;365000;511000;
9451;Microondas Jam 25L  Inox ;Microondas Jam 25Lts. Mod. Am925Akn Panel Digital Frente De Acero Inox 900W;Microondas Jam 25Lts. Mod. Am925Akn Panel Digital Frente De Acero Inox 900W;15;15003;515000;721000;
1896;Microondas Jam 36L Bco ;Microondas Jam 36Lts Mod Ag036Afk Grill Blanco Cristal De Puerta 1000W 230V/50Hz;Microondas Jam 36Lts Mod Ag036Afk Grill Blanco Cristal De Puerta 1000W 230V/50Hz;15;15003;655000;917000;
10736;Microondas Jam 36L Espejada ;Microondas Jam 36Lts Mod Ax360Jmk Grill Silver Puerta Espejada 1000W 230V/50Hz;Microondas Jam 36Lts Mod Ax360Jmk Grill Silver Puerta Espejada 1000W 230V/50Hz;15;15003;700000;980000;
10859;Plancha Jam A Vapor ;Plancha Jam A Vapor Mod.Es-5078;Plancha Jam A Vapor Mod.Es-5078;13;13003;60000;84000;
11393;Plancha Jam A Vapor Vertical ;Plancha Jam A Vapor Vertical My-Gj15B3W;Plancha Jam A Vapor Vertical My-Gj15B3W;13;13003;290000;406000;
9925;Centrifugadora Jam Inox 5,5Kg ;Centrifugadora Jam Tambor Inox 5,5 Kg 2800 Rpm;Centrifugadora Jam Tambor Inox 5,5 Kg 2800 Rpm;13;13002;515000;721000;
5995;Secarropa Colgante Jam  10Kg;Secarropa Colgante Jam  Mod.Sr555 10Kg Gris/Blanco 4 Programas - 220V/50Hz;Secarropa Colgante Jam  Mod.Sr555 10Kg Gris/Blanco 4 Programas - 220V/50Hz;13;13002;630000;882000;
4832;Secarropas Jam 6Kg. ;Secarropas Jam 6Kg. Mod.60/014 4 Programas Blanco;Secarropas Jam 6Kg. Mod.60/014 4 Programas Blanco;13;13002;1420000;1988000;
11628;"Tv Jam Isdb-T Led 32"" ";"Tv Jam Isdb-T Led 32"" Mod Sk32Wh3 Resolución Hd:1.366X768P";"Tv Jam Isdb-T Led 32"" Mod Sk32Wh3 Resolución Hd:1.366X768P";9;9001;980000;1372000;
11580;"Tv Jam Isdb-T Smart 32"" ";"Tv Jam Isdb-T Smart 32"" Mod Sk32E10 Resolución Hd:1.366X768P  Sistema Op.Linux";"Tv Jam Isdb-T Smart 32"" Mod Sk32E10 Resolución Hd:1.366X768P  Sistema Op.Linux";9;9001;1250000;1750000;
11581;"Tv Jam Isdb-T Smart 43"" ";"Tv Jam Isdb-T Smart 43"" Mod Sk43E10 Resolución Fhd:1,920X1,080P Sistema Op.Linux";"Tv Jam Isdb-T Smart 43"" Mod Sk43E10 Resolución Fhd:1,920X1,080P Sistema Op.Linux";9;9001;1810000;2534000;
11582;"Tv Jam Isdb-T Smart 55""";"Tv Jam Isdb-T Smart 55""Mod Sk55U20 Resolución Uhd4K 3.840X2.160P Sistemaop.Linux";"Tv Jam Isdb-T Smart 55""Mod Sk55U20 Resolución Uhd4K 3.840X2.160P Sistemaop.Linux";9;9001;2800000;3920000;
11429;"Tv Jam Smart 32"" ";"Tv Jam Smart 32"" Mod-Ja32Hd2000S, Hd,Hdmi, Usb, Ultra Slim";"Tv Jam Smart 32"" Mod-Ja32Hd2000S, Hd,Hdmi, Usb, Ultra Slim";9;9001;1210000;1694000;
11701;"Tv Jam Smart 4K  65"" ";"Tv Jam Smart 4K  65"" Ja65Uhd202 Uhd 3840X2160 Hdmix3 Usbx1 Ultra Slim";"Tv Jam Smart 4K  65"" Ja65Uhd202 Uhd 3840X2160 Hdmix3 Usbx1 Ultra Slim";9;9001;4300000;6020000;
10489;"Ventilador De Pared Jam 18"" ";"Ventilador De Pared Jam Fw-18  75W 18"" Negro Con Control";"Ventilador De Pared Jam Fw-18  75W 18"" Negro Con Control";25;25002;240000;336000;
5203;Ventilador De Pie Jam  20'' ;Ventilador De Pie Jam Fst-50 20'' 5 Aspas Base Redonda;Ventilador De Pie Jam Fst-50 20'' 5 Aspas Base Redonda;25;25002;240000;336000;
4684;Ventilador De Techo Jam 3Alas ;"Ventilador De Techo Jam Tcf-604 Motor Pesado 3 Alas 5Vel. 80W Blanco 56""";"Ventilador De Techo Jam Tcf-604 Motor Pesado 3 Alas 5Vel. 80W Blanco 56""";25;25002;170000;238000;
11532;"Ventilador  De Pared Jam 30"" ";"Ventilador Industrial De Pared Jam Jm130C 4 Cuchil/Negro 30"" C/ Control 250W";"Ventilador Industrial De Pared Jam Jm130C 4 Cuchil/Negro 30"" C/ Control 250W";25;25002;475000;665000;
11529;"Ventilador De Pie Jam 30"" ";"Ventilador Industrial De Pie Jam Jm130 4Cuchil/Negro30"" Base Red. 250W 220V/50Hz";"Ventilador Industrial De Pie Jam Jm130 4Cuchil/Negro30"" Base Red. 250W 220V/50Hz";25;25002;420000;588000;
7125;Exhibidora Briket 500 L;Exhibidora Briket M5000 Bc-500 Lts R290;Exhibidora Briket M5000 Bc-500 Lts R290;5;5004;6700000;9380000;
12252;Exhibidora Briket Luz Led.500L;Exhibidora Briket M5000 Led Perimetral 500Lts Ci Cont. Int R290;Exhibidora Briket M5000 Led Perimetral 500Lts Ci Cont. Int R290;5;5004;5650000;7910000;
12253;Exhibidora Briket  500L;Exhibidora Briket M5000 Led Superior Ci- 500Lts R290;Exhibidora Briket M5000 Led Superior Ci- 500Lts R290;5;5004;5000000;7000000;
2653;Ventilador De Techo Wahson ;"Ventilador De Techo Wahson 220V 50Hz ""Art.No.Sh56B1 56""";"Ventilador De Techo Wahson 220V 50Hz ""Art.No.Sh56B1 56""";25;25002;365000;511000;
10517;Conservadora P/ Hielo Frider ;Conservadora Para Hielo Frider Mod Hph 700  o 900 Equipada S/ Indicador De Temperatura;Conservadora Para Hielo Frider Mod Hph 700 Equipada S/ Indicador De Temperatura;5;5006;7150000;10010000;
7985;Batea Frider  2.40M V/Bajo;Batea Frider Plastico 2.40M V/Bajo;Batea Frider Plastico 2.40M V/Bajo;5;5004;17200000;24080000;
11139;Exhibidora Frider  870L 2P;Exhibidora Frider Vertical 2P Equipada C/ Combistato 870 Lts.;Exhibidora Frider Vertical 2P Equipada C/ Combistato 870 Lts.;5;5004;14100000;19740000;
6995;Exhibidora Frider  1.350L 3P;Exhibidora Frider Vertical 3Ptas 1.350 Lts Semiequipada C/ Combistato;Exhibidora Frider Vertical 3Ptas 1.350 Lts Semiequipada C/ Combistato;5;5004;22330000;31262000;
10367;Gondola Frider Para Verduras ;Gondola Frider Para Verduras 2.50M Semiequipada;Gondola Frider Para Verduras 2.50M Semiequipada;5;5004;24900000;34860000;
7506;Gondola Frider P/Lacteos 1,30 ;Gondola Frider Para Lacteos 1,30 Equipada;Gondola Frider Para Lacteos 1,30 Equipada;5;5004;21600000;30240000;
7996;Gondola Frider P/ Lacteos 2,50;Gondola Frider Para Lacteos 2.50M Semiequipada;Gondola Frider Para Lacteos 2.50M Semiequipada;5;5004;36660000;51324000;
113;Conservadora Frare P/ Helado;Conservadora Frare Para Helado Fc 240T/Red. 510 Lts. P/ 12 Baldes, Tapas Redonda;Conservadora Frare Para Helado Fc 240T/Red. 510 Lts. P/ 12 Baldes, Tapas Redonda;5;5006;7830000;10962000;
6089;Exhibidora Ugur  670L;Exhibidora  Abierta Ugur Umd 670 As Open Front Cooler 670Lts.;Exhibidora  Abierta Ugur Umd 670 As Open Front Cooler 670Lts.;5;5004;13950000;19530000;
11383;Exhibidora Ugur  P/Helado ;Exhibidora Ugur  P/ Helado Udd500Scn  V/R 200 /500Lts-Horizontal Term. Análogo;Exhibidora Ugur  P/ Helado Udd500Scn  V/R 500Lts-Horizontal Term. Análogo;5;5004;3750000;5250000;
11154;Exhibidora Ugur  1300L ;Exhibidora Ugur Uss 1500 D2K  Luz Led Temp. Media Ind. Digital 2 Puertas 1300Lts;Exhibidora Ugur Uss 1500 D2K  Luz Led Temp. Media Ind. Digital 2 Puertas 1300Lts;5;5004;11500000;16100000;
11388;Exhibidora Ugur 771L ;Exhibidora Ugur 2P Uss1000Dscl 771L ,Luz Led Puerta Deslizable Ind.Temp.Análogo;Exhibidora Ugur 2P Uss1000Dscl 771L ,Luz Led Puerta Deslizable Ind.Temp.Análogo;5;5004;7750000;10850000;
11636;Visicooler Ugur771L;Exhibidora Visicooler Ugur Uss 1000 D2Kl 771Lts Luz Led, 2 Puertas Batiente;Exhibidora Visicooler Ugur Uss 1000 D2Kl 771Lts Luz Led, 2 Puertas Batiente;5;5004;7750000;10850000;
6092;Visicooler Ugur 1200L;Exhibidora Visicooler Ugur Uss 1500 Dik 3 Puertas 1200Lts.;Exhibidora Visicooler Ugur Uss 1500 Dik 3 Puertas 1200Lts.;5;5004;13770000;19278000;
3008;Armario Politorno Tabaco;Armario Politorno Organizador Coimbra 2437 Colores Variados ;Armario Politorno Organizador Coimbra 2437 Tabaco;2;2010;650000;910000;
10451;Armario Politorno  Alto Artico;Armario Politorno Organizador Limeira Alto 3265 Colores variados;Armario Politorno Organizador Limeira Alto 3265 Artico;2;2010;480000;672000;
3981;Bar Politorno Andes  Imbuia;Bar Politorno Andes 2258 Imbuia;Bar Politorno Andes 2258 Imbuia;2;2010;615000;861000;
3502;Bar Politorno Laguna Tabaco;Bar Politorno Laguna 2285 Tabaco;Bar Politorno Laguna 2285 Tabaco;2;2010;325000;455000;
11751;Biblioteca  Politorno ;Biblioteca  Politorno Con Puertas 200076- Castaño 2 Puertas 3 Compartimientos;Biblioteca  Politorno Con Puertas 200076- Castaño 2 Puertas 3 Compartimientos;2;2009;350000;490000;
4200;Biblioteca Politorno C/ Ptas ;Biblioteca Politorno Con Puertas 2115 - colores variados , 2 Puertas 3 Compartimientos;Biblioteca Politorno Con Puertas 2115 - Artico 2 Puertas 3 Compartimientos;2;2009;350000;490000;
11440;Cama Cuna Politorno ;Cama Cuna Politorno Madri Funcional + Cama Auxiliar Blanca 200077 C/ Comoda;Cama Cuna Politorno Madri Funcional + Cama Auxiliar Blanca 200077 C/ Comoda;2;2003;950000;1330000;
10853;Cocina Compacta  Carolina ;Mueble Cocina Compacta Politorno Carolina 8 Puertas 180020 Blanco Con Bordo;Cocina Compacta Politorno Carolina 8 Puertas 180020 Blanco Con Bordo;2;2005;853600;1195040;
3115;Comoda Politorno 05 Cajones;Comoda Politorno 05 Cajones Blanco/Azul, colores variados ;Comoda Politorno 05 Cajones Blanco/Azul 2541;2;2010;430000;602000;
3319;Cuna Politorno Bca;Cuna Politorno Blanca/Blanca 2542;Cuna Politorno Blanca/Blanca 2542;2;2003;440000;616000;
3320;Cuna Politorno Orlando ;Cuna Politorno Orlando Blanco/Azul - Blanco/RosaUv 2542;Cuna Politorno Orlando Blanco/Azul Uv 2542;2;2003;440000;616000;
10752;Estanteria Politorno Ouro ;Estanteria Politorno Ouro Preto 190284 Blanco (Patas De Metal);Estanteria Politorno Ouro Preto 190284 Blanco (Patas De Metal);2;2010;550000;770000;
5918;Gabinete Politorno Maia ;Gabinete Politorno Maia 3 Cajones 2487 colores variados;Gabinete Politorno Maia 3 Cajones 2487 Turquesa;2;2010;350000;490000;
5934;Gabinete Politorno Singolare ;Gabinete Politorno Singolare 2 Ptas 4 Cajones 1050Mm 160465 Blanco/Ciruela Negra;Gabinete Politorno Singolare 2 Ptas 4 Cajones 1050Mm 160465 Blanco/Ciruela Negra;2;2010;810000;1134000;
3036;Kit De Cocina Politorno 2P ;Kit De Cocina Politorno 2P 6007 Avellana;Kit De Cocina Politorno 2P 6007 Avellana;2;2005;500000;700000;
30106;Kit Oficina Politorno Espanha ;Kit Oficina Politorno Espanha 1176 3 Cajones 2 Ptas Negro;Kit Oficina Politorno Espanha 1176 3 Cajones 2 Ptas Negro;2;2005;700000;980000;
4265;Mesa De Planchar Politorno ;Mesa De Planchar Politorno Lucena 3482 Blanco C/ Soporte P/ Plancha;Mesa De Planchar Politorno Lucena 3482 Blanco C/ Soporte P/ Plancha;13;13004;230000;322000;
10289;Mueble Politorno  P/Horno ;Mueble Politorno Gabinete P/ Horno De 45Lts Micro Toledo 190654 Blanco;Mueble Politorno Gabinete P/ Horno De 45Lts Micro Toledo 190654 Blanco;2;2010;310000;434000;
5930;Panel De Pared Politorno ;"Panel De Pared Politorno Rennes 160526 Tabaco (Tv50"")";"Panel De Pared Politorno Rennes 160526 Tabaco (Tv50"")";2;2011;480000;672000;
30109;Rack Politorno Cairo ;"Rack Politorno Cairo 170241 - 500Mm  Tv 40"" Tabaco";"Rack Politorno Cairo 170241 - 500Mm  Tv 40"" Tabaco";2;2011;380000;532000;
30103;Rack Politorno Osasco;"Rack Politorno Osasco 2 Puertas 170198 Tv 55"" Imbuia/Artico";"Rack Politorno Osasco 2 Puertas 170198 Tv 55"" Imbuia/Artico";2;2011;460000;644000;
5931;Rack Politorno Ottawa;"Rack Politorno Ottawa Para Tv De 55"" 160527 Tabaco";"Rack Politorno Ottawa Para Tv De 55"" 160527 Tabaco";2;2011;625000;875000;
4681;Ropero Oruro Con 2 Ptas;Ropero Oruro Con 2 Puertas Y Espejo 160234 - Tabaco;Ropero Oruro Con 2 Puertas Y Espejo 160234 - Tabaco;2;2004;1220000;1708000;
11662;Ropero Politorno Anhembi ;Ropero Politorno Anhembi - Puertas Corredizas Con Espejo 200074 - Tabaco;Ropero Politorno Anhembi - Puertas Corredizas Con Espejo 200074 - Tabaco;2;2004;1250000;1750000;
11566;Ropero Politorno Anhembi 2Ptas;Ropero Politorno Anhembi 2 Puertas  2 Cajones Ref: 200069 Tabaco;Ropero Politorno Anhembi 2 Puertas  2 Cajones Ref: 200069 Tabaco;2;2004;450000;630000;
11558;Ropero Politorno Anhembi 3Ptas;Ropero Politorno Anhembi 3 Puertas 2 Cajones 200070  - Tabaco;Ropero Politorno Anhembi 3 Puertas 2 Cajones 200070  - Tabaco;2;2004;600000;840000;
11568;Ropero Politorno Anhembi 5Ptas;Ropero Politorno Anhembi 5 Puertas Con Espejo Y 4 Cajones Ref: 200072 Tabaco;Ropero Politorno Anhembi 5 Puertas Con Espejo Y 4 Cajones Ref: 200072 Tabaco;2;2004;1050000;1470000;
3387;Ropero Politorno Orlando ;Ropero Politorno Orlando 2 Puertas - 2 Cajones -Colores Variados ;Ropero Politorno Orlando 2 Puertas - 2 Cajones Blanco/Azul 2537;2;2004;700000;980000;
5198;Ropero Politorno  2Ptas;Ropero Politorno 2 Puertas 2 Cajones Ref: 180081 Artico;Ropero Politorno 2 Puertas 2 Cajones Ref: 180081 Artico;2;2004;430000;602000;
5935;Tapa Politorno Singolare;Tapa Politorno Singolare 1050 Mm 170644 - Alicante;Tapa Politorno Singolare 1050 Mm 170644 - Alicante;44;1;450000;630000;
2722;Tocador Politorno Campeche ;Tocador Politorno Campeche 150328 Tabaco;Tocador Politorno Campeche 150328 Tabaco;2;2004;550000;770000;
160617;Tocador Politorno Lavina ;Tocador Politorno Lavina 160225 + Banco Piacenza 160614 Blanco;Tocador Politorno Lavina 160225 + Banco Piacenza 160614 Blanco;2;2004;670000;938000;
4263;Zapatero Politorno Itajai;Zapatero Politorno Itajai 2210 Tabaco C/ Espejo;Zapatero Politorno Itajai 2210 Tabaco C/ Espejo;2;2010;465000;651000;
4210;Zapatero Politorno Itu;Zapatero Politorno Itu 2151- Tabaco 1 Pta;Zapatero Politorno Itu 2151- Tabaco 1 Pta;2;2010;970000;1358000;
11398;Exprimidor De Citricos Oster ;Exprimidor De Citricos Oster Fpstju4175-051 Jarra 500Ml 75 W De Potencia;Exprimidor De Citricos Oster Fpstju4175-051 Jarra 500Ml 75 W De Potencia;1;1006;350200;490280;
4069;Abrelatas Oster Electrico ;Abrelatas Oster Electrico 003125-051-000;Abrelatas Oster Electrico 003125-051-000;44;1;219770;307678;
10983;Accesorio Oster Para Licuadora;Accesorio Oster Para Licuadora Picatodo Blstfc-W00-011 750Ml;Accesorio Oster Para Licuadora Picatodo Blstfc-W00-011 750Ml;44;1;265275;371385;
4645;Batidora Oster De Mano ;Batidora Oster De Mano 002499-051-000 5 Velocidades 240W C/ Batidores Y Amasador;Batidora Oster De Mano 002499-051-000 5 Velocidades 240W C/ Batidores Y Amasador;1;1004;191635;268289;
11825;Cafetera Primalatte Oster;Cafetera Primalatte Oster Bvstem6701B-057 Rojo/Negro-1.5L P/ Agua- 0.6L P/Leche;Cafetera Primalatte Oster Bvstem6701B-057 Rojo/Negro-1.5L P/ Agua- 0.6L P/Leche;1;1016;2130878;2983229,2;
4664;Corta Pelo Oster Mxpro;Corta Pelo Oster Mxpro Potenete Motor  Cuchillas Ajustables 076070-010-051;Corta Pelo Oster Mxpro Potenete Motor  Cuchillas Ajustables 076070-010-051;28;28002;305088;427123,2;
4215;Jarra   Oster Purificadora ;Jarra Oster Purificadora De Agua Hasta 375 Lts  Wppw001;Jarra Oster Purificadora De Agua Hasta 375 Lts  Wppw001;44;1;348053;487274,2;
4066;Mini Cupcake  Oster ;Mini Cupcake Maker Oster Fpstcmm901-053 1000W;Mini Cupcake Maker Oster Fpstcmm901-053 1000W;1;1015;211302;295822,8;
4030;Mini Vasos De Plastico Oster ;Mini Vasos De Plastico Oster Para Licuadora 004888-011-000   2 Mini Vasos;Mini Vasos De Plastico Oster Para Licuadora 004888-011-000   2 Mini Vasos;44;1;76520;107128;
11607;Mixer Power Elegance ;Mixer Power Elegance Fpsthb5102R-057 Acero Inox 600Wts;Mixer Power Elegance Fpsthb5102R-057 Acero Inox 600Wts;1;1008;383091;536327,4;
11608;Mixer Versatil  250Wts;Mixer Versatil Fpsthb2610R-057 Motor Turbo Ergonomico Lamina Inox 250Wts;Mixer Versatil Fpsthb2610R-057 Motor Turbo Ergonomico Lamina Inox 250Wts;1;1008;256865;359611;
4661;Olla Oster Arrocera  1.8 L;Olla Oster Arrocera  10 Tazas 1,8 Lts. 006029-053-000 Color Gris Control Termico;Olla Oster Arrocera  10 Tazas 1,8 Lts. 006029-053-000 Color Gris Control Termico;15;15007;360574;504803,6;
4062;Olla Oster Electrica  1.8 L;Olla Oster Electrica  Arrocera 1.8 Lts 004729-053-000 Luz Indicad Y Con Espatula;Olla Oster Electrica  Arrocera 1.8 Lts 004729-053-000 Luz Indicad Y Con Espatula;15;15007;314331;440063,4;
9844;Olla Oster Multifuncion 5En1 ;Olla Oster Multifuncion 5 En 1 Pantalla Digital Ckstscmc6-053;Olla Oster Multifuncion 5 En 1 Pantalla Digital Ckstscmc6-053;15;15007;1251674;1752343,6;
4068;Olla Oster P/Fondue ;Olla Oster P/Fondue Fpstfn7700-053 1000W Inox;Olla Oster P/Fondue Fpstfn7700-053 1000W Inox;15;15007;377141;527997,4;
11604;Vaporizador Oster ;Vaporizador Oster Gcstes-100-057 Cable 2,4Mts 1.200Wts;Vaporizador Oster Gcstes-100-057 Cable 2,4Mts 1.200Wts;1;1010;352725;493815;
4066;Mini Cupcake Maker Oster ;Mini Cupcake Maker Oster Fpstcmm901-053 1000W;Mini Cupcake Maker Oster Fpstcmm901-053 1000W;1;1015;211302;295822,8;
11448;Hervidor De Agua Oster  1,7L;Hervidor De Agua Oster Bvstkt8970-057-1 Selector 70° A 100° 1,7Lts Inox;Hervidor De Agua Oster Bvstkt8970-057-1 Selector 70° A 100° 1,7Lts Inox;1;1011;450304;630425,6;
11813;Hervidor Oster Eléctrico 1.7 L;Hervidor Eléctrico 1.7 Lts Oster Bvstkt673Ss;Hervidor Eléctrico 1,7 Lts Oster Bvstkt673Ss;1;1011;283121;396369,4;
4058;Hervidora Oster 1.7L;Hervidora Oster 1.7 Lts Bvstkt3177W-053;Hervidora Oster 1.7 Lts Bvstkt3177W-053;1;1011;227059;317882,6;
4376;Horno Elect. Oster 10 L;Horno Elect. Oster 10 Lts Tssttv10Ltb-053 Plateado Cronometro 30Min 90/230°C;Horno Elect. Oster 10 Lts Tssttv10Ltb-053 Plateado Cronometro 30Min 90/230°C;15;15002;395040;553056;
11672;Horno Tostador Oster 22L;Horno Tostador Oster 22Lts C/Timer Tssttvmaf1-053;Horno Tostador Oster 22Lts C/Timer Tssttvmaf1-053;15;15002;1564644;2190501,6;
5447;Licuadora  Oster  1,5L Rojo;Licuadora  Oster  1,5Lts Blstmg-Rd0-051 De 8 Veloc. 450 W Color Rojo;Licuadora  Oster  1,5Lts Blstmg-Rd0-051 De 8 Veloc. 450 W Color Rojo;1;1003;381744;534441,6;
11819;Licuadora  Oster 1,5L ;Licuadora Jarra De Vidrio Oster Blstpyg1209B-053 1,5Lts ;Licuadora Jarra De Vidrio Oster Blstpyg1209B-053 1,5Lts Reversible;1;1003;734517;1028323,8;
11818;Licuadora  Oster 1.5L Revers;Licuadora Jarra De Vidrio Oster Blstpyg1211-Nbg-053 1,5Lts+Blendngo Motor ;Licuadora Jarra De Vidrio Oster Blstpyg1211-Nbg-053 1,5Lts+Blendngo Motor Revers;1;1003;897816;1256942,4;
10225;Licuadora Oster Xpert;Licuadora Oster Xpert Alto Desemp. Vaso Tritan Blstvb-P00-051;Licuadora Oster Xpert Alto Desemp. Vaso Tritan Blstvb-P00-051;1;1003;1676369;2346916,6;
5956;Licuadora Oster Xpert 2L;Licuadora Oster Xpert Blstvb-G00-051 Vaso De Vidrio 2L 8Tazas;Licuadora Oster Xpert Blstvb-G00-051 Vaso De Vidrio 2L 8Tazas;1;1003;1713634;2399087,6;
4480;Licuadora Oster 1,25L;Licuadora Oster 004134-053-000 3V 600W 1,25Lts Jarra Vidrio Tritura Hielo. Colores Variados ;Licuadora Oster 004134-053-000 3V 600W 1,25Lts Jarra Vidrio Tritura Hielo Azul;1;1003;594548;832367,2;
4117;Licuadora Oster 1.5 L;Licuadora Oster 1.5 Lts 2 Vel J.Vidrio Bpst02-B00-053 Profesional;Licuadora Oster 1.5 Lts 2 Vel J.Vidrio Bpst02-B00-053 Profesional;1;1003;670572;938800,8;
4025;Licuadora Oster 1,5 L Negro;Licuadora Oster 1,5 Lts 8 Vel Blstmg-B00-051 450W Vidrio. Colores variados;Licuadora Oster 1,5 Lts 8 Vel Blstmg-B00-051 450W Color Negro J. Vidrio;1;1003;381744;534441,6;
4213;Licuadora Oster 1.5L Calypso;Licuadora Oster 1.5Lts 8 Veloc. Jarra De Vidrio Blstmg-T15-051 Color Calypso;Licuadora Oster 1.5Lts 8 Veloc. Jarra De Vidrio Blstmg-T15-051 Color Calypso;1;1003;381744;534441,6;
4118;Licuadora Oster 3 Vel ;Licuadora Oster 3 Vel V.Vidrio 600W 004655-053-000 colores variados;Licuadora Oster 3 Vel V.Vidrio 600W 004655-053-000 Gris;1;1003;594549;832368,6;
10337;Plancha A Vapor Oster Verde;Plancha A Vapor Oster Gcstb5903-053 1600W Base Antiadherente , Rociador varios colores;Plancha A Vapor Oster Gcstb5903-053 1600W Base Antiadherente Verde, Rociador;13;13003;149146;208804,4;
1901;Plancha De Vapor Oster  ;Plancha De Vapor Oster Gcstbs4801L-053 Base Antiadherente/1200W/Colores variados;Plancha De Vapor Oster Gcstbs4801L-053 Base Antiadherente/1200W/Color Azul;13;13003;119346;167084,4;
4054;Sandwichera Oster C/Grill;Sandwichera Oster C/ Grill 1400W Ckstpa2880-053 Planchas Antiadherentes;Sandwichera Oster C/ Grill 1400W Ckstpa2880-053 Planchas Antiadherentes;1;1005;335309;469432,6;
4055;Sandwichera Oster ;Sandwichera Oster Plato Removible 700W Ckstsm3891-053 2 Panes;Sandwichera Oster Plato Removible 700W Ckstsm3891-053 2 Panes;1;1005;271951;380731,4;
11812;Batidora De Mano Y Pedestal;Batidora De Mano Y Pedestal Oster 002610-051-000 Tazon De Plastico 250W 2.5 Lts;Batidora De Mano Y Pedestal Oster 002610-051-000 Tazon De Plastico 250W 2.5 Lts;1;1004;476824;667553,6;
11546;Cafetera Oster 12 Tazas ;Cafetera Oster 12 Tazas Bvstdcdw12R-057-1 Incluye Filtro Permanente;Cafetera Oster 12 Tazas Bvstdcdw12R-057-1 Incluye Filtro Permanente;1;1016;261326;365856,4;
11605;Mixer High Power ;Mixer High Power Fpsthb2801-057 800Wts C/ Kit Accesorios;Mixer High Power Fpsthb2801-057 800Wts C/ Kit Accesorios;1;1008;723948;1013527,2;
11547;Tostadora Oster Square;Tostadora Oster Square Retro Tssttrwa2R-057-1 Rojo 680W;Tostadora Oster Square Retro Tssttrwa2R-057-1 Rojo 680W;1;1005;331327;463857,8;
4554;Exhibidora Imbera 540 L;Exhibidora Imbera G319 1P  540 L. Led Perimetral Temperatura Media +4°  A  +10°;Exhibidora Imbera G319 1P  540 L. Led Perimetral Temperatura Media +4°  A  +10°;5;5004;8550000;11970000;
4552;Exhibidora Imbera 5P;Exhibidora Imbera G342 5P 1166 Lts Led Perimetral Temperatura Media 0° A +2°;Exhibidora Imbera G342 5P 1166 Lts Led Perimetral Temperatura Media 0° A +2°;5;5004;19500000;27300000;
19011;Freezer Gelopar  220 L;Freezer Gelopar Tapa Ciega Ghbs-220 Color Blanco 1T 220 Lts;Freezer Gelopar Tapa Ciega Ghbs-220 Color Blanco 1T 220 Lts;5;5002;2010000;2814000;
9590;Cervecero Gelopar  228 L;Cervecero Gelopar  228 Lts Grba-230 Ev Gw Puerta De Vidrio;Cervecero Gelopar  228 Lts Grba-230 Ev Gw Puerta De Vidrio;5;5004;5800000;8120000;
19013;Congelador Gelopar 220L ;Congelador Gelopar 220L Ghde-220 Vidrio Recto Desl -  Doble Accion;Congelador Gelopar 220L Ghde-220 Vidrio Recto Desl -  Doble Accion;5;5002;2800000;3920000;
3456;Congelador Gelopar 410L;Congelador Gelopar 410L Ghde-410 Vidrio Recto Desl -  Doble Accion;Congelador Gelopar 410L Ghde-410 Vidrio Recto Desl -  Doble Accion;5;5002;3450000;4830000;
6286;Exhib. Gelopar 1,29M  ;Exhib. Gelopar 1,29M  Vertical Abierto Gsto-130Pr Negro C/ Ind. De Temperatura;Exhib. Gelopar 1,29M  Vertical Abierto Gsto-130Pr Negro C/ Ind. De Temperatura;5;5004;14500000;20300000;
1946;Exhibidor Gelopar  578 L;Exhibidor Gelopar  578 Lts Vertical Gptf-570 Turmalina Blanco;Exhibidor Gelopar  578 Lts Vertical Gptf-570 Turmalina Blanco;5;5004;11500000;16100000;
11175;Expositor Vertical Gelopar  ;Expositor Vertical Abierto Gelopar  Gsto-1300 Pr Negro Temp. Positiva  1022 Lts;Expositor Vertical Abierto Gelopar  Gsto-1300 Pr Negro Temp. Positiva  1022 Lts;5;5004;15000000;21000000;
1977;Isla Doble Accion Gelopar ;Isla Doble Accion Gelopar 1,89M Gesv-190R Br V/R  Color Blanco o Negro ;Isla Doble Accion Gelopar 1,89M Gesv-190R Br V/R  Color Blanco;5;5002;6500000;9100000;
1950;Mostrador  Gelopar sin Bacha ;Mostrador De Apoyo Gelopar Refrigerado Gbfg-160 1,60M Sin Bacha;Mostrador De Apoyo Gelopar Refrigerado Gbfg-160 1,60M Sin Bacha;36;36001;12000000;16800000;
6627;Mostrador Gelopar De Apoyo;Mostrador Gelopar Refrigerado De Apoyo Gbfe-190 1.91M Puerta Ciega Ind. Digital;Mostrador Gelopar Refrigerado De Apoyo Gbfe-190 1.91M Puerta Ciega Ind. Digital;5;5002;7600000;10640000;
11111;Refrigerador Gelopar Vertical;Refrigerador Gelopar Vertical Gptu-230 228Lts Temp. Positiva Blanco;Refrigerador Gelopar Vertical Gptu-230 228Lts Temp. Positiva Blanco;5;5004;4300000;6020000;
104005;Refrigerador Vertical Gelopar;Refrigerador Vertical Gelopar 572Lts Gldr-570Pr Ploteado Miller;Refrigerador Vertical Gelopar 572Lts Gldr-570Pr Ploteado Miller;5;5004;5200000;7280000;
1982;Vitrina  Termica Gelopar ;Vitrina  Termica Gelopar Mesp-075Cz Star Plus 0,72M . C/ Bandeja , Gris;Vitrina  Termica Gelopar Mesp-075Cz Star Plus 0,72M . C/ Bandeja , Gris;5;5004;5000000;7000000;
10767;Vitrina Caliente/Friogelopar;Vitrina Caliente/Friogelopar Gbqa-140Cz,Starplus 1,40M,C/Controld Temp.  Gris;Vitrina Caliente/Friogelopar Gbqa-140Cz,Starplus 1,40M,C/Controld Temp.  Gris;5;5004;7800000;10920000;
10774;Vitrina Confitera Gelopar;Vitrina Confitera Gelopar Gpea-075R Pr Aurora 0.75M V/R,Temp Media, Negro, Led;Vitrina Confitera Gelopar Gpea-075R Pr Aurora 0.75M V/R,Temp Media, Negro, Led;5;5004;4500000;6300000;
2001;Vitrina Neutra Gelopar;Vitrina Neutra Gelopar Mgsn-110Md Elegance 1,10Mts C/ Led V/C Color Madera o Blanco ;Vitrina Neutra Gelopar Mgsn-110Md Elegance 1,10Mts C/ Led V/C Color Madera;5;5004;10300000;14420000;
9579;Vitrina Gelopar Vitalis ;Vitrina Refrigerada Gelopar Gpdv-110Br Vitalis 1,10M.2 Placas Frias C/Led Blanco;Vitrina Refrigerada Gelopar Gpdv-110Br Vitalis 1,10M.2 Placas Frias C/Led Blanco;5;5004;4950000;6930000;
11737;Isla Doble Accion Gelopar ;Isla Doble Accion Gelopar 2,89M Gesv-290 Pr V/C  Negro;Isla Doble Accion Gelopar 2,89M Gesv-290 Pr V/C  Negro;5;5002;10700000;14980000;
11594;Exhibidor Gelopar Turmalina ;Exhibidor Gelopar Turmalina Gldf-315 Br Temp -18° A -22°, Luz Led Lateral;Exhibidor Gelopar Turmalina Gldf-315 Br Temp -18° A -22°, Luz Led Lateral;5;5004;8100000;11340000;
1949;Mostrador Gelopar Refrigerado;Mostrador Gelopar Refrigerado Gbfg-215 2,15M Con Mesa De Apoyo Sin Bacha;Mostrador Gelopar Refrigerado Gbfg-215 2,15M Con Mesa De Apoyo Sin Bacha;5;5002;13500000;18900000;
9638;Licuadora Spolu Inox 2Lt ;Licuadora Spolu Inox 2Lt Alta-Rotacion Spl-022;Licuadora Spolu Inox 2Lt Alta-Rotacion Spl-022;1;1003;1094000;1531600;
11472;Maquina Para Hacer Pororo;Maquina Para Hacer Pororo Severin 911-16 1200W;Maquina Para Hacer Pororo Severin 911-16 1200W;1;1009;1;1,4;
4239;Metalcubas Churrasquera A Gas ;Metalcubas Churrasquera A Gas Compacto Cbg-450C;Metalcubas Churrasquera A Gas Compacto Cbg-450C;15;15007;866000;1212400;
2154;Plancha Midas Fierro-Clasico;Plancha Midas Fierro-Clasico;Plancha Midas Fierro-Clasico;13;13003;57000;79800;