Codigo Proveedor ;Nombre ;Descripcion Larga;;Detalle;Familia;Clase ;Costo ;Precio Lista
751629;AURICULAR APPLE LIGHTNING;AURICULAR APPLE  MMTN2AM LIGHTNING BRANCO;25;Modelo : EarPods MMTN2AM/A A1748  . Compatibilidad: Compatible con dispositivos Apple con entrada Lightning e iOS 10 o version superior de este sistema operativo . Caracteristicas: Con Microfono incorporado;7;7002;165000;231000
1007237;AURICULAR APPLE  AIRPODS 2;AURICULAR APPLE  MRXJ2AM AIRPODS 2 WIRE CASE B;26;Modelo : AirPods 2 A2032 - A2031 - A1938 MRXJ2AM/A . Conectividad: Bluetooth  . Compatibilidad: Compatible con: iPhone, iPad, iPod Touch con iOS 10 o superior, Apple Watch con watchOS 3, Mac con MacOS 10.12 o superior . Funcion: Acceso rapido a la asistente Siri . Caracteristicas: El chip H1 mejora la conexion y la usabilidad, tanto para escuchar reproducciones como para atender o realizar llamadas telefonicas - Optimiza la activacion de los sensores que identifican cuando los auriculares son removidos del oido y los apaga;7;7002;1535000;2149000
1166835;IMAC APPLE MJVA3;IMAC APPLE MJVA3 (21)M1 8C/7G 8/256/24RS;16;"Modelo : MJVA3LL/A A2439 2021 . Color: Rosa . Pantalla: Retina Widescreen de 24"" . Resolucion de Pantalla: Retina 4.5K (4480 x 2520p), con Tecnolog¡a True Tone . Procesador CPU: Chip M1 Octa Core . Graficos: Hepta Core . Sistema Operativo: macOs . Memoria: 8GB . SSD: 256GB . Conectividad: Wi-Fi 6 802.11ax - Bluetooth 5.0 . Camara: FaceTime HD de 1080p con procesador de imagen M1 . Microfono: 3 en total, con calidad de estudio, alta relaci¢n se¤al-ruido y filtrado espacial direccional . Altoparlante: Integrados, 6 en total - Compatible con audio Dolby Atmos . Caracteristicas: Puede ser conectado a un monitor externo con resoluci¢n de hasta 6K a 60Hz - Soporta comandos de voz a trav‚s de la asistente Siri";31;31003;13600000;19040000
974745;LAPIZ APPLE  2ND GERATION;LAPIZ APPLE 2nd Geration A2051 Bluetooth con Conector Magn‚tico - Blanca;25;Modelo : Apple Pencil 2nd Generation A2051 MU8F2AM/A . Color: Blanco . Funciones: Dibujar, colorir, tomar notas, escribir correos electr¢nicos, entre otras actividades . Conectividad: Conector magnetico, Bluetooth . Compatibilidad: iPads con conector magn‚tico para Apple Pencil . ;23;23003;1376000;1926400
1138092;"CELULAR IPHONE 12 6.1"" 4+64GB";"CELULAR IPHONE 12 6.1"" 4+64GB A2403 ";29;"Modelo : IPhone 12 A2403 . Memoria Interna: 64G . Memoria Ram: 4G . Procesador Cpu: Neural Engine, Chip A14 Bionic . Sistema Operativo: IOS 14 . Pantalla: Super Retina XDR de 6.1"", OLED Hepatic Touch con Tecnolog¡a True Tone y revestimiento oleof¢bico . Camara: Principal Dual 12MP, Ultra Wide f/2.4, lente de 5 elementos y campo de visi¢n de 120ø, y Wide f/1.6 con lente de 7 elementos y estabilizaci¢n ¢ptica de imagen + C mara Frontal TrueDepth de 12MP f/2.2 . Frecuencia: 5G . Conectividad: Wi-Fi 6 802.11ax con MIMO 2 x 2 - Bluetooth 5.0 - NFC . Video: Calidad m xima de captura: 4K a 24.30 y 60 fps, HDR con Dolby Vision a hasta 30 fps, Slow Motion 1080p a 120 y 240 fps - Permite capturar fotos de 8MP mientras graba video en 4K . Sensor: Face ID - Bar¢metro - Giroscopio - Aceler¢metro - Proximidad - Sensor de Luz Ambiente . Formato de Video: Reproduce: HEVC, H.264, MPEG-4 Part 2 e Motion JPEG, HDR con contenido Dolby Vision y HDR10";7;7001;7546000;10564400
1016826;IPAD MINI 5 64GB;"IPAD MINI 5 MUQX2 WIFI 64GB 7.9"" SILVER";16;"Modelo : IPad Mini 5 A2133 MUQX2LL/A . Memoria Interna: 64G . Procesador Cpu: Chip A12 Bionic, Neural Engine,  con Coprocesador M12 . Sistema Operativo: IPadOS  . Pantalla: Retina de 7.9"" Multi Touch con Tecnolog¡a IPS y revestimiento oleof¢bico . Camara: Principal de 8MP f/2.4 Lente de 5 elementos, filtro de Infrarrojos Hibrido, Iluminaci¢n posterior, HDR, Temporizador + FaceTime HD de 7MP f/2.2 Retina Flash, HDR y Temporizador . Caracteristica: Compatible con Apple Pencil  . Conectividad: Wi-Fi 802.11a/b/g/n/ac, doble banda 2.4GHz y 2.5 GHz, y HT80 con MIMO - Bluetooth 5.0 . Video: Calidad maxima de captura: Full HD (1080p) . Sensor: Touch ID - Giroscopio de tres ejes - Aceler¢metro - Bar¢metro - Sensor de Luz Ambiente . Formato de Video: Reproduce: H.264, AAC-LC, MPEG 4, JPEG (M JPEG) y AVI";23;23006;3507000;4909800
1139181;NOTEBOOK APPLE PRO MYD92LL;"NOTEBOOK APPLE PRO MYD92LL(20)M1 8C 8/512/13""C";26;Modelo : MacBook Pro A2338 MYD92LL/A (2020) . Pantalla: Retina LED de 13.3?, con Tecnolog¡a IPS y Tecnolog¡a True Tone . Procesador : Chip Apple M1 Octa Core . Sistema Operativo: MacOS  . Memoria Ram: 8GB  . SSD: 512GB . Conectividad: Wi-Fi 802.11 ac - Bluetooth 4.0 . Camara: FaceTime HD . Sensor: Touch ID - Touch Bar . Microfonos: Sistema de tres micr¢fonos con calidad de estudio y Tecnolog¡a Beamforming Direccional . Teclado: Retroiluminado por LED y con Sensor de Luz Ambiente . Alto Parlante: Integrados - Compatible con audio Dolby Atmos;31;31004;12918000;18085200
956376;RELOGIO APPLE S3 42MM;RELOGIO APPLE S3 42MM GPS MTF22 SI/BR;21;Modelo : Series 3 MTF22LL/A A1859 . Tama¤o: 42mm . Visor: Retina OLED con Force Touch y 1.000 Nits de brillo . Procesador : Dual Core S3 . Sistema Operativo: WatchOS 4 . Memoria Interna: 8GB  . Compatibilidad: iPhone 6S o modelo superior, con iOS 13 o versiones posteriores . Caracteristica: Posee Chip Wireless W3 - Con asistente virtual Siri - Tiene vidrio Ion-X reforzado en el visor . Conectividad: Wi-Fi 802.11b/g/n de 2.4 GHz - Bluetooth 4.2 . Sensor: Sensor Card¡aco àptico - Alt¡metro - Aceler¢metro - Giroscopio - Sensor de Luz Ambiente . Resistente al agua: 5 ATM . Duracion de Bateria: Aproximadamente 18 horas, puede variar seg£n las configuraciones de uso . ;23;23005;2002000;2802800
1133073;RELOGIO APPLE S6;RELOGIO APPLE S6 40MM GPS M00A3 VERM;16;Modelo : Series 6 M00A3LL/A A2291 . Tama¤o: 40mm . Visor: Always-On Retina LTPO OLED, con 1.000 Nits de brillo . Procesador : Dual Core S6 SiP, 64 bits . Sistema Operativo: watchOS 7 . Memoria Ram: 32GB  . Compatibilidad: iPhone 6S o modelo superior, con iOS 14 o versiones posteriores. . Caracteristica: Posee Chip Wireless W3 - Con asistente virtual Siri - Tiene vidrio reforzado en el visor y cer mica y cristal de zafira en la parte posterior . Conectividad: Wi-Fi 802.11 b/g/n, doble banda 2.4GHz y 5GHz - Bluetooth 5.0 . Sensor: Sensor Card¡aco àptico 2¦ Generaci¢n y Sensor Card¡aco El‚ctrico - Sensor de Ox¡geno en la sangre - Alt¡metro - Aceler¢metro - Sensor de Luz Ambiente . Resistente al agua: 5 ATM . Duracion de Bateria: Aproximadamente 18 horas, puede variar seg£n las configuraciones de uso . ;23;23005;3151000;4411400
1007220;AURICULAR APPLE AIRPODS 2ÿ;Auriculares Inal mbricos Apple AirPods 2 MV7N2AM / A con Chip H1 - Blanco;26;Modelo : AirPods 2 A2032 - A2031 - A1602 MV7N2AM/A . Color: Blanco . Compatibilidad: iPhone, iPad, iPod Touch con iOS 13 o version superior, Apple Watch con watchOS 6, Mac con MacOS 10.15 o version superior . Caracteristicas: El chip H1 mejora la conexion y la usabilidad, tanto para escuchar reproducciones como para atender o realizar llamadas telefonicas - Optimiza la activacion de los sensores que identifican cuando los auriculares son removidos del oido y los apaga . Bateria: Recargable, compatible con recarga r pida . ;7;7002;1218500;1705900
1061185;AURICULAR APPLE AIRPODS PRO;Auriculares Inal mbricos Apple AirPods Pro MWP22AM / A con Chip H1 - Blanco;27;Modelo : AirPods Pro MWP22AM/A (A2083, A2084, A2190) . Color: Blanco . Compatibilidad: Compatible con dispositivos iOS e iPadOS, Apple Watch y Mac con la versi¢n m s reciente del software . Caracteristicas: Con Chip H1 - Acceso r pido a la asistente Siri - Soporta cargadores con est ndar Qi . Conectividad: Cable USB integrado . Bateria: Recargable, compatible con recarga r pida . ;7;7002;2015000;2821000
1061185;AURICULAR APPLE AIRPODS PRO;Auriculares Inal mbricos Apple AirPods Pro MWP22AM / A con Chip H1 - Blanco;27;Modelo : AirPods Pro MWP22AM/A (A2083, A2084, A2190) . Color: Blanco . Compatibilidad: Compatible con dispositivos iOS e iPadOS, Apple Watch y Mac con la versi¢n m s reciente del software . Caracteristicas: Con Chip H1 - Acceso r pido a la asistente Siri - Soporta cargadores con est ndar Qi . Conectividad: Cable USB integrado . Bateria: Recargable, compatible con recarga r pida . ;7;7002;2015000;2821000
1144727;SPEAKER APPLE HOMEPOD ;SPEAKER APPLE HOMEPOD MIN MY5G2LL/A BT C;22;Modelo : HomePod mini MY5G2LL/A A2374 . Color: Space Gray . Conectividad: Wi-Fi 802.11 - Bluetooth 5.0 - Chip UltraWide para proximidad . Compatibilidad: iPhone SE, 6S, iPod Touch 7th Gen con iOS m s reciente, iPad 5th Gen, iPad Air 2, iPad Mini, o versiones superiores de estos modelos . Caracteristicas: Con controle Touch para reproducciones, ajuste de volumen y para activar a asistente virtual - Soporta servicios de Streaming Apple Music, Apple Podcasts y comandos de voz a trav‚s de la asistente virtual Siri - Posee gu¡a de onda ac£stica en 360ø;21;21002;994000;1391600
1166958;APPLE TV MXGY2 4K 32GB;APPLE TV MXGY2 4K 32GB;22;;23;23003;2140000;2996000
1044263;"CELULAR IPHONE 11 6.1"" 4+64GB";"CELULAR IPHONE 11 6.1"" 4+64GB A2111 ";29;"Modelo : IPhone 11 A2111 . Memoria Interna: 64G . Memoria Ram: 4G . Procesador Cpu: Neural Engine 3¦ Generaci¢n, Chip A13 Bionic . Sistema Operativo: IOS . Pantalla: Liquid Retina de 6.1"" HD, Multi Touch con Tecnolog¡a IPS y True Tone . Camara: Principal Dual de 12MP: Ultra Wide de f/2.4 con lente de 5 elementos y FOV 120ø, y Wide de f/1.8 y lente de 6 elementos + C mara Frontal TrueDepth de 12MP f/2.2 . Frecuencia: 4G . Conectividad: Wi-Fi 6 802.11ax con MIMO 2 x 2 - Bluetooth 5.0 - NFC . Video: Calidad m xima de captura: 4K a 24, 30 y 60 fps, Full HD 1080p a 30 y 60 fps, HD 720p a 30 fps - Time-Lapse - Slow Motion 1080p a 120 y 240 fps - Video de QuickTake con seguimiento de sujeto - Estabilizaci¢n cinematogr fica (1080p y 720p) . Sensor: Face ID (reconocimiento facial a trav‚s de la c mara TrueDepth) - Bar¢metro - Giroscopio - Aceler¢metro - Proximidad - Sensor de Luz Ambiente . Formato de Video: Reproduce: HEVC, H.264, MPEG-4 Part 2 e Motion JPEG, HDR con contenido Dolby Vision y HDR10";7;7001;5660000;7924000
1183429;"CEL IPHONE 11 PRO 5.8""4+512";"CEL IPHONE 11 PRO 5.8""4+512 A2160";27;"Modelo : IPhone iPhone 11 Pro A2160 . Memoria Interna: 512G . Memoria Ram: 4G . Procesador Cpu: Neural Engine 3¦ Generaci¢n, Chip A13 Bionic . Sistema Operativo: IOS . Pantalla: Super Retina XDR de 5.8"", OLED Multi Touch con Tecnolog¡a True Tone . Camara: Principal Triple de 12MP: Ultra Wide de f/2.4 con lente de 5 elementos y FOV 120ø, Wide de f/1.8 y Telephoto de f/2.0, ambas con lente de 6 elementos + C mara Frontal TrueDepth de 12MP f/2.2 . Frecuencia: 4G . Conectividad: Wi-Fi 6 802.11ax con MIMO 2 x 2 - Bluetooth 5.0 - NFC . Video: Calidad m xima de captura: 4K a 24, 30 y 60 fps, Full HD 1080p a 30 y 60 fps, HD 720p a 30 fps - Time-Lapse - Slow Motion 1080p a 120 y 240 fps - Video de QuickTake con seguimiento de sujeto - Estabilizaci¢n cinematogr fica (1080p y 720p) . Sensor: Face ID (reconocimiento facial a trav‚s de la c mara TrueDepth) - Bar¢metro - Giroscopio - Aceler¢metro - Proximidad - Sensor de Luz Ambiente . Formato de Video: Reproduce: HEVC, H.264, MPEG-4 Part 2 e Motion JPEG, HDR con contenido Dolby Vision y HDR10";7;7001;8425000;11795000
1137279;CELULAR IPHONE 12 128GB ;"CELULAR IPHONE 12 6.1"" 4+128GB A2403 ";24;"Modelo : IPhone 12 A2403 . Memoria Interna: 128G . Memoria Ram: 4G . Procesador Cpu: Neural Engine, Chip A14 Bionic . Sistema Operativo: IOS 14 . Pantalla: Super Retina XDR de 6.1"", OLED Hepatic Touch con Tecnolog¡a True Tone y revestimiento oleof¢bico . Camara: Principal Dual 12MP, Ultra Wide f/2.4, lente de 5 elementos y campo de visi¢n de 120ø, y Wide f/1.6 con lente de 7 elementos y estabilizaci¢n ¢ptica de imagen + C mara Frontal TrueDepth de 12MP f/2.2 . Frecuencia: 5G . Conectividad: Wi-Fi 6 802.11ax con MIMO 2 x 2 - Bluetooth 5.0 - NFC . Video: Calidad m xima de captura: 4K a 24.30 y 60 fps, HDR con Dolby Vision a hasta 30 fps, Slow Motion 1080p a 120 y 240 fps - Permite capturar fotos de 8MP mientras graba video en 4K . Sensor: Face ID - Bar¢metro - Giroscopio - Aceler¢metro - Proximidad - Sensor de Luz Ambiente . Formato de Video: Reproduce: HEVC, H.264, MPEG-4 Part 2 e Motion JPEG, HDR con contenido Dolby Vision y HDR10";7;7001;8186000;11460400
1134704;CELULAR IPHONE 12 PRO 128GB ;"CELULAR IPHONE 12 PRO 6.1"" 6+128GB A2341 ";28;"Modelo : IPhone 12 Pro A2341 . Memoria Interna: 128G . Memoria Ram: 6G . Procesador Cpu: Neural Engine, Chip A14 Bionic . Sistema Operativo: IOS 14 . Pantalla: Super Retina XDR de 6.1"", OLED Hepatic Touch con Tecnolog¡a True Tone y revestimiento oleof¢bico . Camara: Principal Dual 12MP, Ultra Wide f/2.4, lente de 5 elementos y campo de visi¢n de 120ø, y Wide f/1.6 con lente de 7 elementos y estabilizaci¢n ¢ptica de imagen + C mara Frontal TrueDepth de 12MP f/2.2 . Frecuencia: 5G . Conectividad: Wi-Fi 6 802.11ax con MIMO 2 x 2 - Bluetooth 5.0 - NFC . Video: Calidad m xima de captura: 4K a 24.30 y 60 fps, HDR con Dolby Vision a hasta 30 fps, Slow Motion 1080p a 120 y 240 fps - Permite capturar fotos de 8MP mientras graba video en 4K . Sensor: Face ID - Bar¢metro - Giroscopio - Aceler¢metro - Proximidad - Sensor de Luz Ambiente . Formato de Video: Reproduce: HEVC, H.264, MPEG-4 Part 2 e Motion JPEG, HDR con contenido Dolby Vision y HDR10";7;7001;9278000;12989200
1135107;CELULAR IPHONE 12 PRO 256GB ;"CELULAR IPHONE 12 PRO 6.1"" 6+256GB A2341 ";28;"Modelo : IPhone 12 Pro A2341 . Memoria Interna: 128G . Memoria Ram: 6G . Procesador Cpu: Neural Engine, Chip A14 Bionic . Sistema Operativo: IOS 14 . Pantalla: Super Retina XDR de 6.1"", OLED Hepatic Touch con Tecnolog¡a True Tone y revestimiento oleof¢bico . Camara: Principal Triple de 12MP, Ultra Wide f/2.4, lente de 5 elementos, y campo de visi¢n de 120§, Wide f/1.6 lente de 7 elementos, y Telephoto f/2.0 con lente de 6 elementos + C mara Frontal TrueDepth de 12MP f/2.2 . Frecuencia: 5G . Conectividad: Wi-Fi 6 802.11ax con MIMO 2 x 2 - Bluetooth 5.0 - NFC . Video: Calidad m xima de captura: 4K a 24, 30 fps y a 60 fps, HDR con Dolby Vision de hasta 60 fps, Slow Motion 1080p a 120 fps o en 240 fps - Permite capturar fotos de 8MP encuanto graba video en 4K . Sensor: Face ID - Bar¢metro - Giroscopio - Aceler¢metro - Proximidad - Sensor de Luz Ambiente . Formato de Video: Reproduce: HEVC, H.264, MPEG-4 Part 2 e Motion JPEG, HDR con contenido Dolby Vision y HDR10";7;7001;10121000;14169400
1137507;CELULAR IPHONE 12 PRO MAX 256;"CELULAR IPHONE 12 PRO MAX 6.7""6+256G A2342 ";29;"Modelo : IPhone 12 Pro Max A2342 . Memoria Interna: 256G . Memoria Ram: 6G . Procesador Cpu: Neural Engine, Chip A14 Bionic . Sistema Operativo: IOS 14 . Pantalla: Super Retina XDR de 6.1"", OLED Hepatic Touch con Tecnolog¡a True Tone y revestimiento oleof¢bico . Camara: Principal Triple de 12MP, Ultra Wide f/2.4, lente de 5 elementos, y campo de visi¢n de 120§, Wide f/1.6 lente de 7 elementos, y Telephoto f/2.0 con lente de 6 elementos + C mara Frontal TrueDepth de 12MP f/2.2 . Frecuencia: 5G . Conectividad: Wi-Fi 6 802.11ax con MIMO 2 x 2 - Bluetooth 5.0 - NFC . Video: Calidad m xima de captura: 4K a 24, 30 fps y a 60 fps, HDR con Dolby Vision de hasta 60 fps, Slow Motion 1080p a 120 fps o en 240 fps - Permite capturar fotos de 8MP encuanto graba video en 4K . Sensor: Face ID - Bar¢metro - Giroscopio - Aceler¢metro - Proximidad - Sensor de Luz Ambiente . Formato de Video: Reproduce: HEVC, H.264, MPEG-4 Part 2 e Motion JPEG, HDR con contenido Dolby Vision y HDR10";7;7001;11008000;15411200
1134704;CELULAR IPHONE 12 PRO 6+256GB;"CELULAR IPHONE 12 PRO 6.1"" 6+256GB A2341";29;"Modelo : iPhone 12 Pro A2341 . Memoria Interna: 256G . Memoria Ram: 6GB . Procesador Cpu: Neural Engine, Chip A14 Bionic . Sistema Operativo: iOS 14 . Pantalla: Super Retina XDR de 6.1"", OLED Hepatic Touch con Tecnolog¡a True Tone y revestimiento oleof¢bico . Camara: Principal Triple de 12MP, Ultra Wide f/2.4, lente de 5 elementos, y campo de visi¢n de 120§, Wide f/1.6 lente de 7 elementos, y Telephoto f/2.0 con lente de 6 elementos + C mara Frontal TrueDepth de 12MP f/2.2 . Conectividad: Wi?Fi 6 802.11ax con 2x2 MIMO - Bluetooth 5.0 - NFC . Video: Calidad m xima de captura: 4K a 24, 30 fps y a 60 fps, HDR con Dolby Vision de hasta 60 fps, Slow Motion 1080p a 120 fps o en 240 fps - Permite capturar fotos de 8MP encuanto graba video en 4K . Sensor: Face ID - LiDAR Scanner - Bar¢metro - Giroscopio - Aceler¢metro - Proximidad - Sensor de Luz Ambiente . Formato de Video: Reproduce: Reproduce: HEVC, H.264, MPEG-4 Part 2 y Motion JPEG, HDR con contenido Dolby Vision, HDR10 y HLG";23;23006;10121000;14169400
1137446;CELULAR IPHONE 12 PRO MAX 128G;"CEL IPHONE 12 PRO MAX 6.7""6+128G A2342 P";30;"Modelo : IPhone 12 Pro Max A2342 . Memoria Interna: 128G . Memoria Ram: 6GB . Procesador Cpu: Neural Engine, Chip A14 Bionic . Sistema Operativo: iOS 14 . Pantalla: Super Retina XDR de 6.1"", OLED Hepatic Touch con Tecnolog¡a True Tone y revestimiento oleof¢bico . Camara: Principal Triple de 12MP, Ultra Wide f/2.4, lente de 5 elementos, y campo de visi¢n de 120§, Wide f/1.6 lente de 7 elementos, y Telephoto f/2.0 con lente de 6 elementos + C mara Frontal TrueDepth de 12MP f/2.2 . Conectividad: Wi?Fi 6 802.11ax con 2x2 MIMO - Bluetooth 5.0 - NFC . Video: Calidad m xima de captura: 4K a 24, 30 fps y a 60 fps, HDR con Dolby Vision de hasta 60 fps, Slow Motion 1080p a 120 fps o en 240 fps - Permite capturar fotos de 8MP encuanto graba video en 4K . Sensor: Face ID - LiDAR Scanner - Bar¢metro - Giroscopio - Aceler¢metro - Proximidad - Sensor de Luz Ambiente . Formato de Video: Reproduce: HEVC, H.264, MPEG-4 Part 2 y Motion JPEG, HDR con contenido Dolby Vision, HDR10 y HLG";23;23006;10165000;14231000
1137514;CELULAR IPHONE 12 PRO MAX 256G;"CEL IPHONE 12 PRO MAX 6.7""6+256G A2342 P";30;"Modelo : IPhone 12 Pro Max A2342 . Memoria Interna: 256G . Memoria Ram: 6GB . Procesador Cpu: Neural Engine, Chip A14 Bionic . Sistema Operativo: iOS 14 . Pantalla: Super Retina XDR de 6.1"", OLED Hepatic Touch con Tecnolog¡a True Tone y revestimiento oleof¢bico . Camara: Principal Triple de 12MP, Ultra Wide f/2.4, lente de 5 elementos, y campo de visi¢n de 120§, Wide f/1.6 lente de 7 elementos, y Telephoto f/2.0 con lente de 6 elementos + C mara Frontal TrueDepth de 12MP f/2.2 . Conectividad: Wi?Fi 6 802.11ax con 2x2 MIMO - Bluetooth 5.0 - NFC . Video: Calidad m xima de captura: 4K a 24, 30 fps y a 60 fps, HDR con Dolby Vision de hasta 60 fps, Slow Motion 1080p a 120 fps o en 240 fps - Permite capturar fotos de 8MP encuanto graba video en 4K . Sensor: Face ID - LiDAR Scanner - Bar¢metro - Giroscopio - Aceler¢metro - Proximidad - Sensor de Luz Ambiente . Formato de Video: Reproduce: HEVC, H.264, MPEG-4 Part 2 y Motion JPEG, HDR con contenido Dolby Vision, HDR10 y HLG";23;23006;11009000;15412600
1132854;IPAD 8 MYLA2 WIFI 32GB ;"IPAD 8 MYLA2 WIFI (20) 32GB 10.2"" SIL";23;"Modelo : IPad 8 MYLA2LL/A A2270 (2020) . Memoria Interna: 32G . Procesador Cpu: Chip A12 Bionic, Neural Engine . Sistema Operativo: IPadOS 14 . Pantalla: Retina LED Multi Touch de 10.2"", con Tecnolog¡a IPS, 500 Nits de brillo y revestimiento oleof¢bico . Camara: Principal de 8MP f/2.4 con Lente de 5 elementos, filtro infrarrojo h¡brido, Auto Focus, HDR, modo Burts, estabilizaci¢n autom tica de imagen y detector de rostro y cuerpo + FaceTime de 1.2MP f/2.4 . Caracteristica: Compatible con Apple Pencil (1¦ generaci¢n) . Conectividad: Wi-Fi 802.11 a/b/g/n/ac, doble banda (2.4GHz y 5GHz), HT80 con MIMO - Bluetooth 4.2 . Video: Calidad m xima de captura: HD 1080p a 30 fps, y c mara lenta en 720p a 120 fps . Sensor: Touch ID - Giroscopio de tres ejes - Aceler¢metro - Bar¢metro - Sensor de Luz Ambiente . Formato de Video: Reproduce: H.264, AAC-LC, MPEG 4, JPEG (M JPEG) y AVI";23;23006;3231000;4523400
1132892;IPAD 8 MYLE2 WIFI 128GB;"IPAD 8 MYLE2 WIFI (20) 128GB 10.2"" SIL";23;"Modelo : IPad 8 MYLA2LL/A A2270 (2020) . Memoria Interna: 32G . Procesador Cpu: Chip A12 Bionic, Neural Engine . Sistema Operativo: IPadOS 14 . Pantalla: Retina LED Multi Touch de 10.2"", con Tecnolog¡a IPS, 500 Nits de brillo y revestimiento oleof¢bico . Camara: Principal de 8MP f/2.4 con Lente de 5 elementos, filtro infrarrojo h¡brido, Auto Focus, HDR, modo Burts, estabilizaci¢n autom tica de imagen y detector de rostro y cuerpo + FaceTime de 1.2MP f/2.4 . Caracteristica: Compatible con Apple Pencil (1¦ generaci¢n) . Conectividad: Wi-Fi 802.11 a/b/g/n/ac, doble banda (2.4GHz y 5GHz), HT80 con MIMO - Bluetooth 4.2 . Video: Calidad m xima de captura: HD 1080p a 30 fps, y c mara lenta en 720p a 120 fps . Sensor: Touch ID - Giroscopio de tres ejes - Aceler¢metro - Bar¢metro - Sensor de Luz Ambiente . Formato de Video: Reproduce: H.264, AAC-LC, MPEG 4, JPEG (M JPEG) y AVI";23;23006;4119000;5766600
1144277;IPAD AIR MYFP2 WIFI 64GB ;"IPAD AIR MYFP2 WIFI (20) 64GB 10.9"" ROS";25;"Modelo : IPad Air 4th Generation A2316 MYFP2LL/A (2020) . Memoria Interna: 64G . Procesador Cpu: Chip A14 Bionic, Neural Engine . Sistema Operativo: IPadOS  . Pantalla: Retina L¡quida de 10.9"", con Tecnolog¡a IPS y revestimiento oleof¢bico . Camara: Wide de 12MP f/1.8, con Lente de 5 elementos, Smart HDR, Filtro Infrarrojo h¡brido, modo Burst, Temporizador y Geotagging + FaceTime HD de 7MP f/2.2 . Caracteristica: Compatible con Apple Pencil (2¦ generaci¢n) . Conectividad: Wi-Fi 802.11ax, doble banda (2.4GHz y 5GHz), HT80 con MIMO - Bluetooth 5.0 . Video: Calidad m xima de captura: 4K a 24 y 60 fps, Slow Motion en 1080p a 120 y 240 fps . Sensor: Touch ID - Giroscopio de tres ejes - Aceler¢metro - Bar¢metro - Sensor de Luz Ambiente . Formato de Video: Reproduce: H.264, AAC-LC, MPEG 4, JPEG (M JPEG) y AVI";23;23006;5087000;7121800
1164671;IPAD AIR MYFW2 WIFI 256GB ;"IPAD AIR MYFW2 WIFI (20) 256GB 10.9"" SIL";26;"Modelo : IPad Air 4th Generation A2316 MYFW2LL/A (2020) . Memoria Interna: 256G . Procesador Cpu: Chip A14 Bionic, Neural Engine . Sistema Operativo: IPadOS  . Pantalla: Retina L¡quida de 10.9"", con Tecnolog¡a IPS y revestimiento oleof¢bico . Camara: Wide de 12MP f/1.8, con Lente de 5 elementos, Smart HDR, Filtro Infrarrojo h¡brido, modo Burst, Temporizador y Geotagging + FaceTime HD de 7MP f/2.2 . Caracteristica: Compatible con Apple Pencil (2¦ generaci¢n) . Conectividad: Wi-Fi 802.11ax, doble banda (2.4GHz y 5GHz), HT80 con MIMO - Bluetooth 5.0 . Video: Calidad m xima de captura: 4K a 24 y 60 fps, Slow Motion en 1080p a 120 y 240 fps . Sensor: Touch ID - Giroscopio de tres ejes - Aceler¢metro - Bar¢metro - Sensor de Luz Ambiente . Formato de Video: Reproduce: H.264, AAC-LC, MPEG 4, JPEG (M JPEG) y AVI";23;23006;6463000;9048200
1139136;NOTEBOOK APPLE AIR MGN63LL;"NOTEBOOK APPLE AIR MGN63LL(20)M1 8C 8/256/13""C";26;"Modelo : MacBook Air A2337 MGN63LL/A (2020) . Pantalla:Retina LED Multi Touch de 12.9"", con Tecnolog¡a IPS, 600 Nits de brillo y revestimiento oleof¢bico . Procesador : Chip Apple M1 Octa Core . Sistema Operativo: MacOS  . Memoria Ram: 8GB LPDDR4X-4266 . SSD: 256GB . Conectividad: Wi-Fi 6 802.11ax - Bluetooth 5.0 . Camara: FaceTime HD . Sensor: Touch ID . Microfonos: Sistema de tres micr¢fonos con Tecnolog¡a Beamforming Direccional . Teclado: Retroiluminado por LED y con Sensor de Luz Ambiente . Alto Parlante: Integrados - Compatible con audio Dolby Atmos";31;31004;9189000;12864600
1139150;NOTEBOOK APPLE AIR MGN93LL;"NOTEBOOK APPLE AIR MGN93LL(20)M1 8C 8/256/13""S";26;"Modelo : MacBook Air A2337 MGN93LL/A (2020) . Pantalla:Retina Retina LED de 13.3"" con Tecnolog¡a True Tone . Procesador : Chip Apple M1 Octa Core . Sistema Operativo: MacOS  . Memoria Ram: 8GB LPDDR4X-4266 . SSD: 256GB . Conectividad: Wi-Fi 6 802.11ax - Bluetooth 5.0 . Camara: FaceTime HD . Sensor: Touch ID . Microfonos: Sistema de tres micr¢fonos con Tecnolog¡a Beamforming Direccional . Teclado: Retroiluminado por LED y con Sensor de Luz Ambiente . Alto Parlante: Integrados - Compatible con audio Dolby Atmos";31;31004;9082000;12714800
1139112;NOTEBOOK APPLE AIR MGND3LL;"NOTEBOOK APPLE AIR MGND3LL(20)M1 8C 8/256/13""D";26;"Modelo : MacBook Air A2337 MGND3LL/A (2020) . Pantalla:Retina Retina LED de 13.3"" con Tecnolog¡a True Tone . Procesador : Chip Apple M1 Octa Core . Sistema Operativo: MacOS  . Memoria Ram: 8GB LPDDR4X-4266 . SSD: 256GB . Conectividad: Wi-Fi 6 802.11ax - Bluetooth 5.0 . Camara: FaceTime HD . Sensor: Touch ID . Microfonos: Sistema de tres micr¢fonos con Tecnolog¡a Beamforming Direccional . Teclado: Retroiluminado por LED y con Sensor de Luz Ambiente . Alto Parlante: Integrados - Compatible con audio Dolby Atmos";31;31004;9038000;12653200
1139198;NOTEBOOK APPLE PRO MYDA2LL;"NOTEBOOK APPLE PRO MYDA2LL(20)M1 8C 8/256/13""S";26;Modelo : MacBook Pro A2338 MYDA2LL/A (2020) . Pantalla: Retina LED de 13.3?, con Tecnolog¡a IPS y Tecnolog¡a True Tone . Procesador : Chip Apple M1 Octa Core . Sistema Operativo: MacOS  . Memoria Ram: 8GB  . SSD: 256GB . Conectividad: Wi-Fi 802.11 ac - Bluetooth 4.0 . Camara: FaceTime HD . Sensor: Touch ID - Touch Bar . Microfonos: Sistema de tres micr¢fonos con calidad de estudio y Tecnolog¡a Beamforming Direccional . Teclado: Retroiluminado por LED y con Sensor de Luz Ambiente . Alto Parlante: Integrados - Compatible con audio Dolby Atmos;31;31004;10933000;15306200
1139204;NOTEBOOK APPLE PRO MYDC2LL;"NOTEBOOK APPLE PRO MYDC2LL(20)M1 8C 8/512/13""S";26;Modelo : MacBook Pro A2338 MYDC2LL/A (2020) . Pantalla: Retina LED de 13.3?, con Tecnolog¡a IPS y Tecnolog¡a True Tone . Procesador : Chip Apple M1 Octa Core . Sistema Operativo: MacOS  . Memoria Ram: 8GB  . SSD: 512GB . Conectividad: Wi-Fi 6 802.11ax - Bluetooth 5.0 . Camara: FaceTime HD . Sensor: Touch ID - Touch Bar . Microfonos: Sistema de tres micr¢fonos con calidad de estudio y Tecnolog¡a Beamforming Direccional . Teclado: Retroiluminado por LED y con Sensor de Luz Ambiente . Alto Parlante: Integrados - Compatible con audio Dolby Atmos;31;31004;12785000;17899000
1171020;NOTEBOOK APPLE AIR FGN63LL;NOTEBOOK APPLE AIR FGN63LL(20)M1 8/256 (CPO)CI;26;"Modelo : MacBook Air A2337 FGN63LL/A (2020) CPO . Pantalla: Retina LED de 13.3"" con Tecnolog¡a True Tone . Procesador : Chip Apple M1 Octa Core . Sistema Operativo: MacOS  . Memoria Ram: 8GB  . SSD: 256GB . Conectividad: Wi-Fi 6 802.11ax - Bluetooth 5.0 . Camara: FaceTime HD . Sensor: Touch ID . Microfonos: Sistema de tres micr¢fonos con Tecnolog¡a Beamforming Direccional . Teclado: Retroiluminado por LED y con Sensor de Luz Ambiente . Alto Parlante: Integrados - Compatible con audio Dolby Atmos";31;31004;8479000;11870600
798778;NOTEBOOK APPLE AIR MQD32LL;"NOTEBOOK APPLE AIR MQD32LL(17) 1.8 8G/128/13""S";26;"Modelo : Air A1466 MQD32LL/A (2017) . Pantalla: LCD Widescreen de 13.3"" retroiluminada por LED . Procesador : Intel Core i5 Dual Core de 1.8GHz (puede llegar hasta 2.9GHz en el modo Turbo Boost) - Cache L3 de 3MB . Sistema Operativo: MacOS  . Memoria Ram: 8GB  . SSD: 128GB . Conectividad: Wi-Fi 6 802.11ax - Bluetooth 5.0 . Camara: FaceTime HD . Sensor: Sensor de luz ambiente . Teclado: Retroiluminado por LED y con Sensor de Luz Ambiente . Alto Parlante: Integrados";31;31004;7218000;10105200
1134322;RELOGIO APPLE S6 40MM ;RELOGIO APPLE S6 40MM GPS MG283 SI/BR;22;Modelo : Series 6 MG283LL/A A2291 . Tama¤o: 40mm . Visor: Always-On Retina LTPO OLED, con 1.000 Nits de brillo . Procesador : Dual Core S6 SiP, 64 bits . Sistema Operativo: watchOS 7 . Memoria Ram: 32GB  . Compatibilidad: iPhone 6S o modelo superior, con iOS 14 o versiones posteriores. . Caracteristica: Posee Chip Wireless W3 - Con asistente virtual Siri - Tiene vidrio reforzado en el visor y cer mica y cristal de zafira en la parte posterior . Conectividad: Wi-Fi 802.11 b/g/n, doble banda 2.4GHz y 5GHz - Bluetooth 5.0 . Sensor: Sensor Card¡aco àptico 2¦ Generaci¢n y Sensor Card¡aco El‚ctrico - Sensor de Ox¡geno en la sangre - Alt¡metro - Aceler¢metro - Sensor de Luz Ambiente . Resistente al agua: 5 ATM . Duracion de Bateria: Aproximadamente 18 horas, puede variar seg£n las configuraciones de uso . ;23;23005;3267000;4573800
1133042;RELOGIO APPLE S6 44MM ;RELOGIO APPLE S6 44MM GPS M00H3 CI/PR;22;Modelo : Series 6 M00H3LL/A A2292 . Tama¤o: 44mm . Visor: Always-On Retina LTPO OLED, con 1.000 Nits de brillo . Procesador : Dual Core S6 SiP, 64 bits . Sistema Operativo: watchOS 6 . Memoria Ram: 32GB  . Compatibilidad: iPhone 6S o modelo superior, con iOS 14 o versiones posteriores. . Caracteristica: Posee Chip Wireless W3 - Con asistente virtual Siri - Tiene vidrio reforzado en el visor y cer mica y cristal de zafira en la parte posterior . Conectividad: Wi-Fi 802.11 b/g/n, doble banda 2.4GHz y 5GHz - Bluetooth 5.0 . Sensor: Sensor Card¡aco àptico 2¦ Generaci¢n y Sensor Card¡aco El‚ctrico - Sensor de Ox¡geno en la sangre - Alt¡metro - Aceler¢metro - Sensor de Luz Ambiente . Resistente al agua: 5 ATM . Duracion de Bateria: Aproximadamente 18 horas, puede variar seg£n las configuraciones de uso . ;23;23005;3720000;5208000
