product_code;nombre ;nombre largo ;detalle ;familia ;clase;Costo;lista 
GIMEVOAB-N;Abdominalera Evolution Evo;Abdominalera Evolution Evo Ab Coaster Monitor Digital Peso Max 110Kgs;Monitor Digital  . Peso Max 110Kgs . Ancho 38 Cm . Alto 38 Cm . Largo 128 Cm;3;3001;999238;1260000
GIMEVOAB50-N;Abdominalera Evolution Crunch;Abdominalera Evolution Total Crunch Ab50;Abdominales Inferiores Y Superiores  . Brazos Y Espalda  . Gluteos Y Muslos  . Pantorrilla;3;3001;706984;891000
272;Split Tokyo Extense 36000Btu;Split  Tokyo Extense 36000Btu;Modo Frio Y Modo Calefaccion .  Enfriamiento De Alto Poder .  Con Control Remoto Inalambrico .  Con Gas Ecologico (R410A) .  Filtro Lavable Y Desmontable .  Con Filtro Lavable . Funcion Auto Restart . Medidas An 109 Cm Alt 50 Cm Prof 87,5 Cm . Monofasico;25;25007;7264944;9154000
267;Split  Tokyo Ext Ionic 36000Bt;Split Tokyo Extense Ionic Eae20 36Chr1 36000Btu;Modelo: Ionic Eae20-36Chr1 . Ancho 55 Cm . Alto 1335 Cm . Largo 2445 Cm . Peso 87000 Gr;25;25007;7264944;9154000
274;Split Tokyo Piso Tech 36000Btu;Split Tokyo Piso/Techo Ech20 Pt 36Chr1 36000Btu F/C 220V/1P/50Hz;Techo Piso . Ancho 190 Cm . Alto 146 Cm . Largo 90 Cm . Peso 102800 Gr . Ech20-Pt-36Chr1;25;25004;8174938;10301000
262;Split  Tokyo Ext 24000Btu;Acondicionadores  De Aire Extense Eae20 24Chr1 24000Btu Con Control Kit Incluido;Tension Electrica 220-240 Voltios . Frecuencia Electrica 50 Hertz . Ancho 82 Cm . Alto 1042 Cm . Largo 1992 Cm . Peso 66000 Gr;25;25007;4690000;5910000
261;Split Tokyo Ext Ionic 24000Btu;Split  Tokyo Extense Ionic Cae20 24Chr1 24000Btu Con Control Kit Incluido;Modelo Cae20-24Chr1 . Tension Electrica 220-240 Voltios . Frecuencia Electrica 50 Hertz . Ancho 82 Cm . Alto 1042 Cm . Largo 1992 Cm . Peso 66000 Gr;25;25007;4741724;5975000
255;Aire Inverter Lg 48000 Btu;Split Lg Inverter 48000 Btu/H F/C 220 240V 1F 50/60Hz;Ancho 2042 Cm . Alto 2364 Cm . Largo 816 Cm . Peso 134000 Gr;25;25004;13275381;16727000
224;Aire Cassette Tokyo 12000Btu;Split Tokyo Cassette 4 Vias F/C12000Btu Ech18 C 12Chr1 Desc Horiz 2200V/50Hz;Modelo Ech18-C-12Chr1  . Ancho 101 Cm . Alto 96 Cm . Largo 1665 Cm . Peso 61500 Gr;25;25004;4365051;5500000
227;Aire Cassette Tokyo 48000Btu;Split Tokyo Cassette Round Flow Slim F/C48000Btu Ech18 Cs 48Chr1 Desc Vert 220V/50Hz;Modelo Ech18-Cs-48Chr1 . Ancho 168 Cm . Alto 125 Cm . Largo 168 Cm . Peso 127500 Gr;25;25004;10650053;13420000
242;Split Tokyo Ext 12 Mts 24000Bt;Split Tokyo Extense 12 Mts 24000Btu Cafh19 24Chr1 Kit Incluido; Modo Frio Y Modo Calefaccion . Enfriamiento De Alto Poder .  Con Control Remoto Inalambrico .  Con Gas Ecologico (R410A) .  Filtro Lavable Y Desmontable .  Con Filtro Lavable . Funcion Reinicio Automatico . Flujo De Aire Bidireccional (Movimiento Horizontal Y Vertical De Las Aletas);25;25007;4001910;5043000
245;Split Tokyo Extense 18000Btu;Split Tokyo Extense Cae19 18Chr1 18000Btu Con Control Kit Incluido;Modo Frio Y Modo Calefaccion .  Enfriamiento De Alto Poder .  Con Control Remoto Inalambrico .  Con Gas Ecologico (R410A) .  Filtro Lavable Y Desmontable .  Con Filtro Lavable . Funcion Auto Resta . Flujo De Aire Bidireccional  . ;25;25007;3023174;3810000
257;Split Tokyo 60000Btu Piso Tech;Split Tokyo Mod 60Chr1 60000Btu/H Piso/Techo Gas Ecologico R410A Fc/C Desc Superior;Piso Techo . Frio Calor  . Ancho 153 Cm . Alto 120 Cm . Largo 251 Cm . Peso Gr;25;25004;10819965;13634000
254;Split  Tokyo Inverter 12000Btu;Split Tokyo Optima Inverter 12000Btu Ctfh18 12Chcon Control Kit Incluido;Ancho 172 Cm . Alto 74 Cm . Largo 902 Cm . Peso 344 Kg;25;25007;2800064;3529000
256;Split  Tokyo Inverter 18000Btu;Split Tokyo Optima Inverter 18000Btu Ctfh18 18Chcon Control Kit Incluido;Enfriamiento De Alto Poder .  Filtro Lavable Y Desmontable . Con Compresores Inverter  . Auto Restart . Modo Frio Calor . R410A Gas Eco;25;25007;4299926;5418000
195;Split Tokyo Piso Tech 36000Btu;Split Tokyo Piso/Techo Inverter Cch18 Pti 36Chr1 36000Btu F/C 380V/3P/50Hz;Frio Calor . Control Remoto . Auto Restar . Modo Sleep . Gas Eco . FrioCalor (Trifasico);25;25004;10000019;12601000
189;Split Tokyo Piso Techo 48000Bt;Split Tokyo Piso/Techo Inverter Ech18 Pti 48Chr1 48000Btu F/C 220V/1P/50Hz;Los Acondicionadores De Aire Tokyo Combinan La Ultima Tecnologia Con Las Mas Alta Eficiencia Y El Respaldo De La Marca Lider En Climatizacion . Ancho 2714 Cm . Alto 221 Cm . Largo 732 Cm . Peso 162 Kg;25;25004;11500015;14491000
198;Split Tokyo Piso Techo 60000Bt;Split Tokyo Piso/Techo Inverter Ech18 Pti 60Chr1 60000Btu F/C 220V/1P/50Hz;Marca Tokyo . Segmento Climatizacion . Peso 162000 Gr . Ancho 2714 Cm . Alto 191 Cm . Largo 732 Cm;25;25004;12399959;15624000
183;Split Tokyo Swing Sway 12000Bt;Split Tokyo Swing Sway 12000Btu Etfh18 12Chr1;12000 Btu . Monofasico . Modo Frio Y Modo Calefaccion . Enfriamiento De Alto Poder . Flujo De Aire Bidimencional(Movimiento Horizontal Y Vertical De Las Aletas) . Control Remoto . Gas Ecolologico . Filtro Lavable Y Desmontable . Funcion Auto Restar;25;25007;1743876;2198000
EDRAPF7200-N;Afeitadora Remington Pf7200;Afeitadora Remington Mod Pf7200 Comfort Series Tecnologia Flex Foil + Adaptador;Ideal Para Pieles Sensibles, La Afeitadora Comfort Series De Remington Proporciona Un Apurado Comodo Los Cortadores De Doble Lamina Flexibles Siguen Cuidadosamente El Contorno Del Rostro Y Proporcionan Un Excelente Afeitado Ademas, Con El Practico Cortapatillas Extensible Podras Retocar Con Precision El Bigote, La Perilla O Las Patillas;28;28002;192357;243000
EDRPS1305-N;Alisador Remington Mod S1305;Alisador De Pelo Remington Mod S1305;Equipada Con Tecnologia Ceramica Antiestatica . Calentamiento Rapido En 30 Segundos . Temperatura Maxima 210 C . Cable Giratorio . Bivoltaje;28;28004;126295;160000
EDRPS7710-N;Alisador Remington Mod S7710;Alisador De Pelo Remington Mod S7710 Placas De Ceramica 150 230Nc 220V;La Plancha Ionica Pro-Ion De Remington Te Ayudara A Crear Peinados Absolutamente Lisos Y Brillantes, Sin Encrespamiento Ni Electricidad Estatica Gracias A La Tecnologia Ionica Triple Que Genera Iones Negativos Que Envuelven El Cabello De La Raiz A La Punta;28;28004;272355;344000
EDRAS8607-N;Alisador Remington S8607;Alisador De Pelo Remington S8607 Advanced Theraty Con Coco;"Medida De Las Placas: 2,54Cm  1"" . Ajustes De Temperatura 160 C - 230 C . Calentamiento En 15 Segundos . Sensor De Calor . Sensor Inteligente De Temperatura . Boton De Encendido Y Apagado . Pantalla Digital . Placas Recubiertas De Ceramica Avanzada Con Coco . Luz Indicadora De Encendido . Bloqueo De Placas";28;28004;459017;579000
EDRPS9600-N;Alisador Remington S-9600;Alisador De Pelo Remington S 9600 Silk 46W 240Nc Ceramica Avanzada Con Seda;Ceramica Avanzada Con Seda . Ancho 15 Cm . Alto 85 Cm . Largo 345 Cm . Peso 4250 Gr;28;28004;466722;589000
EDRPS2412-N;Alisador Remington Mod S2412;Alisador Remington Mod S2412 (Bv) Compact Airplates + Adaptador;Placas Extralargas De 100 Mm . Tecnologia Cool Touch: La Parte Exterior Se Mantiene Mas Fria Para Que Sea Mas Facil Peinarse . 1 Ajuste De Temperatura optima A 200  C . Ceramica Negra Con Titanio . Deslizamiento 2 Veces Mas Suave* . 10 Veces Mas Ceramica* . Suspension De Placa Exclusiva . Mayor Control Del Moldeado . Calentamiento Rapido En 30 Segundos . Indicador Led . Dispositivo De Cierre Para Que Sea Mas Facil De Guardar . Mango Con Proteccion De Silicona . Voltaje Universal . Cable Giratorio De 1,8 M;28;28004;245220;309000
EDRWASF75-N;Alisador Rowenta 200C Sf75;Alisador Rowenta Brush And Straight 200C Sf75;Premium Care Brush&Straight De Rowenta Proporciona Un Alisado Natural Espectacular Con Proteccion Hasta Una Temperatura De 170  C . El Cepillo Natural Integrado Ayuda A Mantener El Volumen Natural Para Un Alisado Flexible Lleno De Movimiento, Mientras Que El Recubrimiento Exclusivo De Cashmere Keratin Y El Generador De Iones Producen Un Brillo Extraordinario . Una Pantalla De Lcd Proporciona Un Control De La Temperatura De Alta Precision Desde 130 Hasta 200  C;28;28004;227465;287000
EDRWASF62-N;Alisador Rowenta Liss & Curl;Alisador Rowenta Liss & Curl Ultimate Shine Doble Ion;Tecnologia De Dobles Iones Con Resultados 2 Veces Mas Brillantes . Funcion 2 En 1: Liso Y Rizado . Recubrimiento De Nano Ceramic Para Conseguir Un Cabello Brillante . Doble Salida Ionica Para Evitar Encrespamiento Y Un Mayor Brillo . Calentamiento Rapido (15S) . Placas Flotantes (2,5 Cm X 9 Cm) Para Un Mejor Contacto Con El Pelo Y Asi Conseguir Un Resultado Perfecto;28;28004;213998;270000
COARHR611CA-N;Anafe Ariston Elect 4H Vitro;Anafe Ariston Electrico Hr611Ca 4Hor Vitroceramico Touch;Ancho 60 Cm . Alto 13 Cm . Largo 67 Cm . Peso 9000 Gr . Electrico Hr611Ca 4Hor Vitroceramico Touch;15;15004;2965018;3736000
COTOK2V2I-N;Anafe Tokyo 4H 2Vitro 2Induc;Anafe Electrico Combinada Tokyo 4 H 2 Vitroceramica 2 Induccion Md Tok2V2I;Potencia: 4500W .  4 Zonas De Coccion .  Bloqueo De Seguridad .  Panel De Control Tactil Y Pantalla .  2 Zonas De Coccion De 15 Cm .  2 Zonas De Coccion De 19 Cm . Medidas An 60 Cm Alt Profundidad 8 Cm 52 Cm . Medidas (Base) An 58 Cm Prof 50 Cm . Sin Cable Ni Enchufe;15;15004;1500800;1892000
COTOK4HVC-N;Anafe Electrico Tokyo 4Hvitro;Anafe Electrico Tokyo 4 Hornallas Vitroceramica Mod Tok4Hvc;Potencia: 4500W . 4 Zonas De Coccion .  Bloqueo De Seguridad .  2 Zonas De Coccion De 15 Cm .  2 Zonas De Coccion De 19 Cm;15;15004;1250019;1576000
COTOCOOK5;Anafe Tokyo Gas Cook 5H Vidrio;Anafe Tokyo A Gas Cook 5 Hornallas Sabaf Vidrio Templado;5 Hornallas (3 Diferentes Tamanhos) . Potencia Termica: 8700W . Con Encendido Electrico . Med (Base) An 61 Cm Alt 12 Cm Prof 35 Cm;15;15004;900011;1135000
COWHAKM9010NE-N;Anafe Whirlpool 4H Vitroperill;Anafe Whirlpool Electrico Akm9010Ne 4Horn Vitroceramico C/ Perillas;Ancho 59 Cm . Alto 13 Cm . Largo 655 Cm . Peso 9500 Gr;15;15004;2990009;3768000
COWHAKT8090LX-N;Anafe Whirlpool 4H Vitrotouch;Anafe Whirlpool Electrico Akt8090Lx 4Hor Vitroceramico Touch;Ancho 675 Cm . Alto 14 Cm . Largo 60 Cm . Peso 9 Kg;15;15004;2794101;3521000
COWHACM806BA-N;Anafe Whirlpool Induc 4H Vitro;Anafe Whirlpool Induccion Acm806Ba 4Hor Vitroceramico Touch;4 Hornallas . Placas A Induccion . Indicador De Placa Caliente ?H . Vitroceramica Schott Ceran   . Panel Touch . Timer Sonoro Hasta 99 Min . Potencia: 6580 W .  Bloqueo De Seguridad .  Procedencia Italiana;15;15004;4070585;5129000
EDTASCFORTE2-N;Aspiradora Tokyo Compact 30L;Aspiradora Tokyo Compact Forte 1400W Cap 30Lts 220V/50Hz;Aspiradora Tokyo Compact Forte  . 1400W Cap 30Lts  . 220V 50Hz;35;35001;619013;780000
ELSWS623;Auricular Mp3 Sony Nw-Ws623;Auricular Mp3 Sony Nw Ws623 4Gb Negro;Conexion: Bluetooth Y Nfc . Memoria Interna: 4 Gb . Microfono: Incorporado Para Manos Libres . Resitente Al Agua: 20 M (Ipx5 Ip6X);23;23002;829996;1046000
ELPHSHB2505BK/10-N;Auricular Philips In Ear Shb25;Auricular Philips In Ear Shb2505Bk/10 Negro Mic Bt 15Hs Bat;Auricular Philips In Ear  . Modelo Shb2505Bk 10  . Negro Mic Bt  . 15Hs Bat;23;23002;479988;605000
ELPHSHE1405BK/10-N;Auricular Philips In Ear She;Auricular Philips In Ear She1405Bk/10 Mic Cable 12M;Auricular Philips In Ear  . Modelo: She1405Bk 10 Mic  . Cable 12M;23;23002;49982;63000
ELPHSHQ1405BL/00-N;Auricular Philips In Ear Sport;Auricular Philips In Ear Sport Shq1405Bl/00 Mic Res Agua Cable Kevlar;Auricular Philips In Ear Sport  . Modelo Shq1405Bl 00 Mic  . Resistente Agua  . Cable Kevlar;23;23002;119997;152000
ELPHSHL5005WT/00-N;Auricular Philips On Ear;Auricular Philips On Ear Shl5005Wt/00  Blanco Mic Cable 12M;Auricular Philips On Ear  . Modelo Shl5005Wt 00   . Blanco Mic  . Cable 12M;23;23002;100031;127000
ELPHTAH4105BK/00;Auricular Philips Over Ear;Auricular Philips Over Ear Tah4105Bk/00 Negro Mic Cable 12Mp;Auricular Philips Over Ear  . Modelo Tah4105Bk ,00  . Negro Mic  . Cable 12Mp;23;23002;140030;177000
ELSXB650BT-BLACK;Auricular Sony Mdr-Xb650Bt Ng;Auricular Sony Mdr Xb650Bt Negro;Siente El Poder De Extra Bass Disenhada Para La Musica Dance, La Innovadora Tecnologia Extra Bass Ofrece Unos Graves Profundos Y Potentes;23;23002;749998;945000
ELSWHCH510;Auricular Sony Wh-Ch510;Auricular Sony Wh Ch510 Bt ;Tecnologia Inalambrica Bluetooth Para Disfrutar De Un Movimiento Sin Restricciones . Funcion De Carga Rapida Y Hasta 35 Horas De Duracion De Bateria Para Utilizarlos Durante Todo El Dia . Sencillas Funciones De Llamadas Con Manos Libres Y Comandos Del Asistente De Voz Con Microfono . Cascos Giratorios, Compactos Y Ligeros Para Facilitar El Transporte . Escucha Mas Matices Gracias A La Unidad De Diafragma De 30 Mm . Colores disponibles Blanco Negro ;23;23002;399990;504000
ELSWI-C200-BL;Auricular Sony Wi-C200 Ng;Auricular Sony Wi C200 C/Bluetooth Negro Y Blanco ;Udio Inalambrico Con Tecnologia Bluetooth . Hasta 15 Horas De Duracion De Bateria . Unidades De Diafragma De 9 Mm Para Un Sonido Claro Y Nitido . Cables Flexibles Y Ligeros . Compatible Con Llamadas Con Manos Libres Y Asistente De Voz;23;23002;220028;278000
GBLT-ACSP2NV;Balanza Comer Tokyo Ind Acsp2 ;Balanza Comercial Tokyo Ind Acs P2 Con Impresora 10Gr A 30Kg Para 5 Digitos 220;Ancho 33 Cm . Alto 185 Cm . Largo 425 Cm . Peso 6000 Gr;36;36001;1165000;1468000
GBLT-ACSL2NV;Balanza Comer Tokyo Ind Acs-L2;Balanza Comercial Tokyo Ind Mod Acs L2 Con Torre Led Display 5Gr A 30Kg 220V/50;Cap Max 30 Kg . Cap Min 100 G . Division 5 G . Funciones: Peso Por Kilo Precio Total Tara . Memoria Sumativa Para 99 Items . Torre Con Pantalla Led . Bateria Para 30 Hs De Trabajo Con Torre;36;36001;385000;486000
GBLT-ACS-C;Balanza Tokyo Ind Acsc 10K;Balanza De Precision Tokyo Industrial Mod Acs C 2 10Kgs 220V Y Bateria;Balanza Tokyo 10Kg . Precision . Mod Acs-C 2-10Kg . 220V Y Bateria Industrial;36;36001;315000;397000
GBTK-ACSC30;Balanza Elect Tokyo Ind Acs-C ;Balanza Electronica Tokyo Industrial Mod Acs C 30Kgs C/Bateria 220V;Color Blanco Color . Ancho 39 Cm . Alto 37 Cm . Largo 14 Cm . Peso 4500 Gr;36;36001;320000;404000
EDTBTOK8012-N;Balanza Tokyo P Pers Tok8012;Balanza Tokyo P/Personas Mod Tok8012 Top Cap Max 150Kgs Negro;Capacidad:  150 Kilos . Con Display Lcd . Apagado Automatico . Indicador De Sobrecarga De Peso . Indicador De Bateria Baja . Unidad De Medida: Kilos Libras . Alimentacion: 2 Pilas Aa;28;28001;117786;149000
EDTBTOK926-N;Balanza Tokyo P Pers Tok926;Balanza Tokyo P/Personas Tok926 Slim Cap Max 180Kgs Verde;Visor Lcd  .  Hasta 180 Kg  .  Sensor De Calibre De Alta Presion  .  Reajuste A Cero Automatico  .  Apagado Automatico  .  Indicador De Sobrecarga  .  Indicador De Pila Baja ;28;28001;126228;160000
GBARTI-LRFM5;Batidora Tokyo Ind Cap 5L Lrf5;Batidora Alta Rotacion Tokyo Industrial Cap 5Lts Mod Lrfm5 220V 50Hz;Batidora Alta Rotacion  . Marca Tokyo Industrial  . Capacidad 5Lts  . Modelo Lrfm5  . 220V 50Hz;36;36001;2185500;2754000
EDABSX15;Batidora Arno Facilita-Sx15 4L;Batidora Arno Facilita Sx15 Blanca 4Lts 3Vel 220V;Batidora Arno  . Modelo Facilitasx15  . Blanca 4Lts 3Vel 220V;1;1004;255538;322000
EDABPDSX88;Batidora Arno Pl Deluxe Sx88;Batidora Arno Planetaria Deluxe Sx88 1 Bowl 8V;Batidora Arno  . Planetaria Deluxe Sx88  . 1 Bowl 8V;1;1004;967145;1219000
EDABPCISX71;Batidora Arno Pl Inspirar Sx71;Batidora Arno Planetaria Inspirart Sx71 Ng;Batidora Arno  . Planetaria Inspirart Sx71  . Negro;1;1004;550003;694000
EDABPDSX32;Batidora Arno Pl Sx32;Batidora Arno Planetaria Roja Sx32 8 Veloc 600W 2 Bols;Batidora Arno Planetaria  . Roja Sx32  . 8 Veloc 600W 2 Bols;1;1004;847282;1068000
EDABPSX30;Batidora Arno Pl Sx30 4L ;Batidora Arno Planetaria Sx30 8Vel 4Lts 500W Blanca Dos Bols;Batidora Arno Planetaria Sx30 . 8Vel 4Lts 500W  . Blanca Dos Bols;1;1004;854853;1078000
EDXBMHT41-N;Batidora Moulinex Prepline;Batidora De Mano Moulinex Prepline 5V 450W;Batidora De Mano  . Moulinex Prepline 5V 450W;1;1004;258017;326000
EDABSX16;Batidora Facilita Arno Sx16;Batidora Facilita Arno Sx16 3 Veloc Negro 220V;Batidora Facilita Arno  . Modelo Sx16  . 3 Veloc Negro 220V;1;1004;257749;325000
EDTBMAX5-N;Batidora Tokyo Batimax 3L;Batidora Tokyo Batimax Blanca 5 Velocidades 1 Bowl Inox 3 Lts 220V/50Hz;Potencia: 250W . 5 Velocidades . 2 Modos De Uso . Bol Inox De 3 Litros  . Color: Blanco . Funcion De Batido Y Amasado;1;1004;197650;250000
EDTBTOK208PR-N;Bebedero Tokyo De Pie Tok208Pr;Bebedero Tokyo De Pie C/Refrigerador Agua Fria/Caliente Tok208Pr;Bebedero Tokyo De Pie  . Con Refrigerador Agua Fria Caliente  . Modelo: Tok208Pr;5;5003;1000042;1261000
EDTBTOKBE801M-N;Bebedero Tokyo Frio Caliente;Bebedero Tokyo Frio Caliente Tokbe801M Blanco  De Mesa 500W 220 240V/50Hz;Agua Fria Y Caliente . Para Uso Con Bidon . De Mesa . 638W . Cpacidad De Enfriamineto: 2,8 Lts H . Con Compresor . MedAn31 CmAlt53 CmProf40 Cm;5;5003;599985;756000
EDTMTOKBE1634S-N;Bebedero Tokyo Tokbe1634S F C;Bebedero Tokyo Tokbe1634S C/Deposito P/Bidon Frio Caliente 520W 220V 50Hz;Cap De Enfriamiento 2,5 Lts H . Bebedero Tokyo conDeposito ParaBidon FrioCaliente Tokbe1634S 520W 220V 50Hz . Potencia: 520W .  Frio Tropicalizado .  Uso Con Bidon    . Invertido . Provee Agua Natural,   Caliente Y Fria;5;5003;1415978;1785000
GIMSPTRB300-N;Bicicleta Horizontal Magnetica;Bicicleta Horizontal Magnetica Sportop Mdl Rb300;Bicicleta Horizontal, Usocomercial, Asiento Conregulacion De La Distanciay Altura En 9 Posiciones, Seadecua A Cualquier Tamanho DepersonaDisco De Inercia 9 Kgs2 Tonos De IluminacionFuncion De Ajuste Automatico De Intensidadproducto Montado 1260 X 710 X 1095 MmPeso Bruto 615 KgsPeso Maximo Del Usuario 150 Kgs;3;3001;3769755;4750000
EDPBM1000P;Bordeadora Trapp Master 1000;Bordeadora Trapp Master 1000 Plus 1000W S/ Ruedas;1000 W .  Rango De Corte: 25 Cm .  Empunhadura De Sustentacion Con Ajuste Regulable .  Recomendado Para El Acabado De Jardines, Borde De Canteros Y Para Corte De Cesped De areas Hasta 50M;35;35009;304247;384000
EDPBM800P;Bordeadora Trapp Master 800;Bordeadora Trapp Master 800 Plus 800W S/ Ruedas; Potencia De 800 Watts . Motor Electrico . Faja De Corte De 29 Cm . Nylon De 1,8 Mm De Grosor . Manija Ajustable . Sistema Automatico De Avance Y Corte Del Hilo De Nylon;35;35009;255806;323000
EDPBMAT1500;Bordeadora Trapp Master 1500;Bordeadora Trapp Master At 1500 1500W S/ Ruedas;Posee El Motor Mas Potente Del Mercado . Empunhadura De Sustentacion Con Ajuste Regulable . Traba De Extension Electrica . Hilo De Nylon Para El Corte Del Cesped Con Avance Automatico . Motor Universal (Carbones) Con Doble Rodamiento Blindado . Livianos, Practicos Y Funcionales;35;35009;325821;411000
EDPBTM1500;Bordeadora Trapp Turbo 1500W;Bordeadora Trapp Turbo Master 1500W C/ Ruedas;Potencia 1500 Watts . Ancho 22 Cm . Alto 35 Cm . Largo 131 Cm . Peso 4424 Gr;35;35009;389404;491000
EDPBTM1800;Bordeadora Trapp Turbo 1800W;Bordeadora Trapp Turbo Master 1800W C/ Ruedas;1800W . 29 Cm De Corte . Con Ruedas ;35;35009;398717;503000
EDXCDGPV24-N;Cafetera Dolce Gusto Moulinex;Cafetera Dolce Gusto Moulinex Genio S Basico + Adaptador;La Maquina Automatica Y Ultracompacta De Cafe En Capsulas Nescafe  Dolce Gusto Genio S By Moulinex Ha Sido Disenhada Pensando En La Creatividad Y La Simplicidad Su Funcionalidad Xl Te Permite Personalizar El Tamanho De Tu Bebida Segun Tus Preferencias Personales ­Simplemente Desliza Una Capsula, Personaliza El Tamanho De Tu Bebida Con El Play&Select Y Disfruta! . Tipo De Cafe: Capsulas . Presion En Bares: 15 Bares . Capacidad (Lt): 08 Lt . Apagado Automatico;1;1016;1145968;1444000
EDKCEAXP341-N;Cafetera Krups Calvi Espresso;Cafetera Krups Calvi Xp341 Espresso Compacta 1450 W 1L Corte Automatico;Potencia: 1460W . Compatible Con Cafe Molido . Presion De Trabajo: 15 Bares . Cuenta Con Tecnologia Termobloque Y Con Regulacion Automatica De Temperatura . Ideal Para Preparar Un Autentico Expreso . Tamanho Compacto Y Peso Reducido . Deposito De Agua: 1 L;1;1016;1225899;1545000
EDXCDGPXSB-N;Cafetera Moulinex Piccolo Xs;Cafetera Moulinex Dg Piccolo Xs Blanca;Tipo De Cafe: Capsulas . Presion En Bares: 15 Bares . Capacidad (Lt): 08 Lt . Espumador De Leche . Apagado Automatico . Alto: 28 Cm  Ancho:14 Cm  Profundidad: 27 Cm  ;1;1016;684941;864000
EDXCFG381A10-N;Cafetera Moulinex Fg381 Soleil;Cafetera Moulinex Mod Fg381A10 Soleil;Numero De Tazas: 15 . Interruptor (Encendido Apagado): Luminoso . Funcion Mantener Caliente . Funcion Antigoteo . Apagado Y Desconexion Automatica . Almacenamiento Del Cable . Cantidad De Cafe Max: 1,25L . Jarra Recipiente: Cristal . Soporte De Filtro Giratorio . Soporte De Filtro Extraible;1;1016;357110;450000
GIMEVO800-N;Caminadora Evolution Evo800;Caminadora Evolution Fitness Evo800 110Kg;Ancho 30 Cm . Alto 75 Cm . Largo 148 Cm . Peso 32 Kg;3;3001;3286484;4141000
GIMEVO201-N;Caminadores Evolution Evo201;Caminadores Evolution Fitness Evo201 110Kg;Motor 1,5 Hp . Inclinacion Electronica 12  . 9 Programas De Entrenamiento . Velocidad De 0 A 12 Km H . Sensor De Ritmo Cardiaco . Sistema De Amortiguacion . Superficie Plegable . Peso Max De Usuario 120 Kg;3;3001;3995009;5034000
ELELGK22PLUS-N;Celular Lg K22+ 64Gb;Celular Lg K22+Pantalla 62 Hd 64Gb 3Gb Ram Triple Cam 2+1 Bateria 3000Mah;Celular Lg K22+  . Pantalla 62 Hd  . 64Gb 3Gb Ram  . Triple Cam 2+1  . Bateria 3000Mah;7;7001;1184024;1492000
ELELGK41S-N;Celular Lg K41S 32Gb;Celular Lg K41S Pantalla 65 Hd 32Gb 3Gb Ram Penta Cam 4+1 Bat 4000Mah;Celular Lg K41S  . Pantalla 65 Hd  . 32Gb 3Gb Ram  . Penta Cam 4+1  . Bateria 4000Mah;7;7001;1310051;1651000
ELELGK51S-N;Celular Lg K51S 64Gb;Celular Lg K51S Pantalla 65 Hd 64Gb 3Gb Ram Penta Cam 4+1 Bat 4000Mah;Celular Lg K51S  . Pantalla 65 Hd  . 64Gb 3Gb Ram  . Penta Cam 4+1  . Bateria 4000Mah;7;7001;1699991;2142000
ELELGK71;Celular Lg K71 128Gb;Celular Lg K71 Pantalla  68'' Fhd+ 128Gb 4Gb Ram Quad Cam 3+1 Bat 4000Mah;Celular Lg K71  . Pantalla  68'' Fhd+  . 128Gb 4Gb Ram  . Quad Cam 3+1  . Bateria 4000Mah;7;7001;2499971;3150000
ELEREDMI9;Celular Xiaomi Redmi 9 32Gb Gr;Celular Xiaomi Redmi 9 Grey Pantalla 653 Fhd+ 32Gb Rom 3Gb Ram Quad Cam Bateria;Celular Xiaomi Redmi 9 Grey  . Pantalla 653 Fhd+  . 32Gb Rom 3Gb Ram  . Quad Cam Bateria;7;7001;1287003;1622000
EDASCRA55;Centrifuga De Ropas Arno 52Kg;Centrifuga De Ropas Arno Mod Cra55 52Kgs Blanca Tambor Inox;Centrifuga De Ropas Arno  . Mod Cra55  . 52Kgs  . Blanca Tambor Inox;13;13002;707252;892000
GCHVC80-NV;Chapa A Gas Venancio Mod C80;Chapa A Gas Venancio Mod C80;"Placa Superior En Acero Al Carbono Con Un Espesor De 1 4 ""(6,35 Mm); . Modelo De Gas Lpg De Baja Presion; . Quemadores Bien Distribuidos Con Sistema De Cajones Colocados Debajo De La Placa; . Control Industrial Ustrialividual De Quemadores; . Mantenimiento Sencillo Y Economico; . Cuerpo Externo En Acero Inoxidable 430; . Pies Con Ajuste De Altura; . Prensa Adaptativa Opcional (Para Todos Los Modelos)";36;36001;1740000;2193000
GCHP-CHPMS;Chapa Bifera Progas Mod Pms;Chapa Bifera Progas Mod Pms;A Gas . Especial Para Todo Tiipo De Comida Raoida . Base De Hierro Resistente;36;36001;825000;1040000
GCPMH-ICF1C;Choppera Memo 1C Icefort 28Kg;Choppera Memo 1 Canilla Mod Icefort A Hielo 30L X Hora 28Kg Hielo;Ancho 495 Cm . Alto 40 Cm . Largo 24 Cm . Peso 42 Kg;36;36001;2193500;2764000
GCPMH-ICF2C;Choppera Memo 2C Icefort 28Kg;Choppera Memo 2 Canillas Mod Icefort A Hielo 60L X Hora 28Kg Hielo;Ancho 48 Cm . Alto 15 Cm . Largo 15 Cm . Peso 35000 Gr;36;36001;3192875;4024000
GT-LREG36L;Churrasquera Tokyo Ind Lreg36L;Churrasquera Tokyo Ind Mod Lr Eg 36L 8Kw 92*62*35Cms 220V;Plancha Lisa . Estructura En Acero Inoxidable . Termostato . Colector De Grasas;36;36001;3410000;4297000
COTOBRA4HECP-RE;Cocina Tokyo Bravo 4H Calienta;Cocina A Gas Tokyo Bravo Con Encendido 4H Calienta Platos Mesa Inox Con Luz;4 Hornallas A Gas . Tapa De Vidrio . Mesada De Acero Inoxidable . Horno Autolimpiante;15;15006;890028;1122000
COTODA5-RE;Cocina Tokyo Dallas 5H Mesa;Cocina A Gas Tokyo Dallas 5H Mesa Acero Inox;5 Hornallas A Gas . Mesada De Acero Inoxidable  . Temperatura Maxima 270 . C,2 Tamanhos De Hornallas . Horno Visor Con Doble Vidrio . Horno Autolimpiante ;15;15006;1149988;1449000
COTODA4HL-RE;Cocina Tokyo Dallas 4H;Cocina A Gas Tokyo Dallas Blanco 4H Mesa Inox Tapa De Vidrio Horno Limpia Facil En Blanco Y En Negro ;Esta Cocina A Gas Modelo Dallas Tiene 4 Hornallas . Mesada De Acero Inoxidable . Con Tapa De Vidrio Para Una Mayor Higiene  . Horno Autolimpiante . Horno Y Hornallas A Gas . Blanco - Negro;15;15006;598980;755000
COTOEU4HITE-RE;Cocina A Gas Tokyo Euro 4H;Cocina A Gas Tokyo Euro 4H Frente Inox Top Control Encendido Luz Y Parrilla Aut;Inox . 4 Hornallas A Gas . Mesada De Acero Inox . Temp Maxima Del Horno: 300 C . Quemadores De Aluminio . Con Luz Y Parrilla Autodeslizante;15;15006;1332563;1680000
COTOPET4H-RE;Cocina A Gas Tokyo Petit 4H ;Cocina A Gas Tokyo Petit 4H Mesa Inox Con Respaldo Horno Limpia Facil;4 Hornallas A Gas . Mesada De Acero Inox . Temp Maxima Del Horno: 270 C . Quemadores De Aluminio . Tapa Del Horno Con Vidrio Doble . Limpia Facil;15;15006;497207;627000
COTOKESSE31BB-N;Cocina Comb Tokyo Essencial 3H;Cocina Combinada Tokyo Blanca Essencial 3Horn Gas 1Elect Horno Electrico 50X50Cm;3 Hornallas A Gas Y 1 Placa Electrica . Tapa De Vidrio . Mesada De Acero Inoxidable . Encendido Electrico . Horno Electrico Con Luz Temperatura De Horno 240   C . Medidas An 50Cm Alt 87 Cm Prof 58 Cm;15;15006;1340000;1689000
COTOEU4HHEN-RE;Cocina Comb Tokyo Euro 4H ;Cocina Combinada Tokyo Euro 4H A Gas Neg Horno Electrico Con Encendido Mesa Inox;4 Hornallas A Gas . Mesada De Acero Inox . Temperatura Maxima Del Horno 300 C . Quemadores De Aluminio . Con Encendido Electrico . Tapa De Horno Con Vidrio Doble . Hprno Eletrico Con Grill . Material Del Horno:Antiadherente . Con Tapa Superior De Vidrio . Con Luz Interior . Medidas: An49CmAlt 87 CmProf55Cm;15;15006;1045267;1318000
COTOK19-N;Cocina Electrica Tokyo 1Placa;Cocina Electrica Tokyo 1Placa Mod Tok19 1500W;1 Placa . Regulador De Temperatura  . Termostato  . 5 Niveles De Potencia;15;15004;140030;177000
COTOK20-N;Cocina Electrica Tokyo 2Placa;Cocina Electrica Tokyo 2Placas Mod Tok20 1500 750W;2 Placas . 5 Niveles De Potencia . Luz Piloto . Indicador De Encendido Y Apagado . Termostato Automatico . Ideal Para Todo Tipo De Coccion . Potencia 1500 W - 750 W;15;15004;220028;278000
GCVM6D;Cocina Maxi 6H Venancio M6D;Cocina Maxi 6Hornallas Venancio Mod M6D;Tipo: A Gas  . Material: Acero  . Quemadores: En Hierro Fundido . Cantidad De Hornallas: 6;36;36001;5660000;7132000
GCP-PM200;Cocina Progas 2H Pm-200;Cocina Progas 2Hornallas Mod Pm 200;Estructura En Hierro Fundido Con Acabado En Pintura Negra Epoxi .  Rejillas De Hierro Fundido . Perfil 3 Cm Y Rejilla En Hierro Fundido 30 X 30 Cm .  Bandeja Para Juntar La Grasa .  Disponible En Baja Presion .  Llama Simple . Profundidad:400 Mm . Largo:700 Mm . Quemadores:2;36;36001;950000;1197000
GCOPG-PMS400;Cocina Progas Pms-400 4H;Cocina Progas Mod Pms 400 4H 30*30Cm Sin Horno;Cocina Industrial 4 Hornallas Sin Horno4 Hornallas De 30X30 CmsQuemadores De 12Mm De DiametroHornallas En Hierro FundidoFabricado En Chapa De Acero Con Pintura EpoxiEstructura Desmontable;36;36001;1750000;2205000
COVO85852P;Cocina Volcan 85852P Acer Inox;Cocina Volcan Mod 85852P Acero Inoxidable;Ancho 63 Cm . Alto 90 Cm . Largo 60 Cm . Peso 45000 Gr;15;15006;3749990;4725000
COWFD5NARRUW;Cocina Whirlpool 5H Inx Dobhor;Cocina Whirlpool Wfd5Narruw 5H Inox Doble Horno;Doble Horno . Horno Cleartch . Vidrio Easy Open . Perillas Removibles . Rejillas Robustas;15;15006;4680017;5897000
COWFS5NARUUW;Cocina Whirlpool 5H Inox;Cocina Whirlpool Wfs5Naruuw 5H Inox;Alxanxprof: 97,6 X 77,8 X 68,1 Cm . Horno Cleartech .  Vidrio Facil De Abrir .  Perillas Removibles .  Rejillas Robustas . Encendido Electrico: Si . Color: Acero Inoxidable . Cantidad De Quemadores: 5;15;15006;3119989;3932000
GCEMC4PCG;Congelador Ecosilkon Mc4Pcg 4P;Congelador Ecosilkon Mod Mc4Pcg 4Ptas Temp  15Nc 800Lts 220V/50Hz;Congelador Ecosilkon Mod Mc4Pcg  . 4Ptas Temp -15Nc  . 800Lts 220V 50Hz;36;36001;19600000;24696000
CGTCONP400;Congelador Helados Tokyo Np400;Congelador P/Helados Tokyo Mod Tconp400 333 Net 2T/Vid Desliz;Tapa Corrediza . 7 Niveles De Temperatura . Perilla Encendido Apagado . Regulador De Temp . Clase Climatica  . Con Canastilla . Luz Indicadora . Funciones . Refrigerador . Mantenedor . Congelador . Interior Recubierto De Epoxi . Gas Ecologico . Con Llave Y Cerradura . Rueditas ;5;5002;3496998;4407000
CGTCONH220R;Congelador Helados Tokyo H220R;Congelador P/Helados Tokyo Tconh220R 132 Net VidCurvo Desliz;Con 2 Tapas Corredizas De Vidrio Curvo . Con Perilla De Regulacion . Funcion Refrigerador (Heladera) Y Congelador . Frio Humedo Tropicalizado . 7 Niveles De Temperatura . Interior De Epoxi . Llave Y Cerradura . Ruedas . Ancho 61 Cm . Alto: 90 Cm . Prof: 65 Cm;5;5002;2162492;2725000
CGTCONH350R;Congelador Helados Tokyo H350R;Congelador P/Helados Tokyo Tconh350R 263 Net 2T/VidCurvo Desliz;Capacidad 263 Lts . 2Tapas Vidrio Curvo Deslizable . 7 Niveles De Temperatura . Gas Ecologico . Perilla De Regulacion: Funcion Refrigerador Y Congelador . Canastilla . Con Llave Y Cerradura . Rueditas . Congelador Para Helados;5;5002;3445006;4341000
CGTOK157L;Congelador Tokyo Vert F C 157L;Congelador Tokyo Vertical Frio Humedo 5 Cajones Neto 157 Lts 220V;Capacidad: 157 Litros .  3 Niveles De Temperatura .  6 Cajones Internos Individuales .  Con Puerta Reversible . R600A Gas Eco;5;5002;2403491;3029000
CGWVG28HKDWX;Congelador Vert Whirlpool 280L;Congelador Vertical Whirlpool Wvg28Hk 280L Evox Frio Seco;Este Congelador Cuenta Con Funcion De Congelado Rapido Que Acelera El Enfriamiento Y Conserva Mejor Tus Alimentos, Ademas De Multiples Compartimientos Para Lograr Una optima Organizacion;5;5002;4252356;5358000
EDPCM2001;Cortacesped Trapp Master 2001;Cortacesped Manual Trapp Master 2001;3 Alturas De Corte . Cabo Plegable  . Franja De Corte De 38 Cm . Sistema De Laminas De Corte Rotativas (Autoafilables);35;35011;476705;601000
EDPCLF600G;Cortacesped Trapp Lf-600g;Cortacesped Trapp Lf 600G Naftero 65Hp S/ Bolsa;"Puede Ser Usado En Terrenos Accidentados Con Inclinacion Hasta 15  Por Tiempo Indeterminado Y En 30 Para Movimientos Intermitentes; . Mango Ergonomico Para Mayor Comodidad Del Operador, Plegable Que Facilita El Transporte Y  Almacenamiento; . Base En Chapa De Acero De 1,9Mm De Espesura Ruedas De Polietileno De Alta Densidad Revestidas Con Neumaticos De Pvc; . Consumo De Combustible Aprox 1 Litro H; . Lubricante Aceite Sae 20W50; . Lamina En Acero Especial De 3Mm De Espesura, Templado Por Induccion En La Lamina De Corte; . Realizar El 1  Cambio De Aceite, Despues De Las Primeras 5 Horas De Trabajo Y Las Otras Despues De 25 Horas De Servicio, Con Mantenimiento Del Filtro De Aire; . Salida Lateral;";35;35011;2245103;2829000
EDPCLF80G;Cortacesped Trapp Lf-80G Naft;Cortacesped Trapp Lf 80G Naftero 35Hp S/ Bolsa;Potencia: 3,5 Hp . Rango De Corte: 48 Cm . Regulacion De Altura: 5 Posiciones . Mango Ergonomico Y Plegable . Rendimento Aproximado De 800Mý H . Chasis De Metal;35;35011;2065610;2603000
EDPCLF80RM;Cortacesped Trapp Lf-80Rm Naft;Cortacesped Trapp Lf 80Rm Naftero 35Hp S/ Bolsa;3,5 Hp . 48 Cm De Corte . Salida Lateral . Ruedas Traseras Mas Grandes Que Permiten Un Mejor Desplazamiento;35;35011;2192039;2762000
EDPCLF90G;Cortacesped Trapp Lf-90G Naft;Cortacesped Trapp Lf 90G Naftero 35 Hp C/Bolsa;Con Este Cortacesped Podras Tener El Jardin Que Siempre Sonhaste  . Equipado Con Ahogador Manual Y Valvula De Combustible Para Facilitar El Arranque Del Motor  . Cuenta Con Chasis De Metal Y Tratamiento Anticorrosivo En Todas Las Piezas Para Mayor Durabilidad  . Recomendado Para Realizar Cortes De areas Medianos Y Mayores Que 800M;35;35011;2350427;2962000
EDPCMB51E;Cortacesped Trapp Mb-51E Elect;Cortacesped Trapp Mb 51E Electrico 2500W C/ Bolsa;Cortadora De Cesped Electrica Adecuada Para El Corte Y La Recoleccion De Pastos En Las Zonas Medianas Y Grandes  . Productos De ultima Generacion, Eficiente Y Segura  . Sistemas De Arranque Manual Y Aceleracion  . Ruedas Recubierto De Neumaticos De Caucho  . 9 Alturas De Corte  . Gama De Corte De 51 Cm  . Hoja De Acero Con La Induccion De Endurecimiento De La Vanguardia  . Tratamiento Anticorrosivo En Todas Las Partes;35;35011;2743784;3458000
EDPC1HP;Cortacesped Trapp Mc40L Elect;Cortacesped Trapp Mc40L Electrico 1300W C/ Bolsa;1 Hp De Potencia . Faja De Corte De 35 Cm . Incluye Bolsa . 5 Niveles De Corte . 1300 W . 3600 Rpm . Ruedas De Polietileno De Alta Densidad Revestida Con Pvc;35;35011;1499527;1890000
EDPC50E;Cortacesped Trapp Mc-50E Elect;Cortacesped Trapp Mc 50E Electrico 2500W S/ Bolsa;2500W . Salida Lateral . 5 Posiciones De Corte . 48 Cm De Corte . 20 Mts De Cable . Monofasico;35;35011;2029698;2558000
EDPC60E;Cortacesped Trapp Mc-60E Elect;Cortacesped Trapp Mc 60E Electrico 2500W C/ Bolsa;Cortadora De Cesped Electrica Adecuada Para El Corte Y La Recoleccion De Hierbas En Los Huertos Familiares, Parques, Campos De Futbol Y Otros . Productos De ultima Generacion, Eficiente Y Segura . 5 Alturas De Corte . Ruedas Recubiertas Con Neumaticos De PvcHoja De Acero Con La Induccion De Endurecimiento De La Vanguardia . Establecer Para La Fijacion De La Cuchilla De Corte Muy Resistente;35;35011;2335888;2944000
EDPCSL30S1050;Cortacesped Trapp Sl30S Elect;Cortacesped Trapp Sl30S Electrico 1050W S/ Bolsa;Funcionamiento Electrico .  1050W .  Sin Bolsa .  Medida De Corte De 30 Cm .  3 Niveles De Corte .  3600 Rpm .  Motor Weg .  10 Mts De Cable;35;35011;1038098;1309000
EDPCSL350;Cortacesped Trapp Sl350 Elect;Cortacesped Trapp Sl350 Electrico 1300W S/ Bolsa;Ancho 435 Cm . Alto 30 Cm . Largo 655 Cm . Peso 20515 Gr;35;35011;1294306;1631000
EDPWM350;Cortacesped Trapp Wm350 Elect;Cortacesped Trapp Wm350 Electrico 1300W C/ Recolector;1 Hp . Funcionamiento Electrico . Carcaza Totalmente De Polipropileno . 3 Alturas De Corte . Facil Montaje Y Limpieza . Base Termoplastica . Ruedas De Polipropileno . Con Recolector Rigido . Medida De Corte 33 Cms . Altura Ajustable En 3 Niveles;35;35011;1153539;1454000
GCMM-529;Cortador Manual Malta-Mod529;Cortador Manual Malta Mod529 De Papas Legumbres Y Frutas 10X10Mm;Ancho 255 Cm . Alto 43 Cm . Largo 18 Cm . Peso 195900 Gr;36;36001;358300;452000
EDTCA10Y2S;Cortina de Aire Tokyo Fm3010;Cortina De Aire Tokyo Con Control Mod Fm3010 Y 2 S 1 M;Marca Tokyo . Segmento . Peso: 14600 Gr . Ancho: 225 Cm . Alto: 25 Cm . Largo: 105 Cm;25;25006;624038;787000
EDTCA12Y2S;Cortina de Aire Tokyo Fm3012;Cortina De Aire Tokyo Con Control Mod Fm3012 Y 2 S 12M;Disenho Compacto .  Ahorro De Espaciocarcasa Metalica  . Instalacion Simple Y Facil Limpiezaturbina De Plastico Rigido  . Bajo Nivel De Ruidoventilador Optimizado Para Gran Volumen De Aire Y Estabilidad2 Velocidades  . Doble Metodo De Control Manual;25;25006;797568;1005000
EDTCA15Y2S;Cortina De Aire Tokyo Fm3015;Cortina De Aire Tokyo Con Control Mod Fm3015 Y 2 S 15M;Disenho Compacto, Ahorro De Espaciocarcasa Metalica, Instalacion Simple Y Facil Limpiezaturbina De Plastico Rigido, Bajo Nivel De Ruidoventilador Optimizado Para Gran Volumen De Aire Y Estabilidad2 Velocidades, Doble Metodo De Control Manual . Ancho 25 Cm . Alto 23 Cm . Largo 155 Cm . Peso 202 Kg;25;25006;980411;1236000
EDTCA20Y2S;Cortina De Aire Tokyo Fm3020;Cortina De Aire Tokyo Con Control Mod Fm3020 Y 2 S 2 M;Ideal Para Puertas Con Aberturas Permanentes .  2 Velocidades .  Con Carcasa Metalica .  Con Soporte Para Instalacion .  2 Modos De Manejo: Manual Y A Control Remoto  . Largo: 200Cm (2 M);25;25006;1414437;1783000
GEMT-EL10;Embutidora Chorizo Metvisa 10K;Embutidora De Chorizo Metvisa 10 Kg  El 10;Embutidora De Chorizo  . Metvisa 10 Kg- El-10;36;36001;2050000;2583000
EDTCSFOGO;Encendedor De Carbon Tokyo;Encendedor De Carbon Tokyo Para Cocina De Uso Domestico;Agiliza El Encendido Del Carbon Para El Asado . Encendedor De Carbon Tokyo Para Cocina Uso Domestico Edtcsfogo . Potencia 450W . Temperatura: 350 C  . Proporciona Segurida Y Practicidad Con Ek Rapido Encendido Del Carbon;15;15007;79998;101000
EEVSYM-SILVER;Enfriador Evap Symphony Silver;Enfriador Evaporativo Symphony Mod Silver S/Control;El Sistema De Enfriamiento Por Aire Evaporativo Silver Es Una Forma Inteligente Y Elegante De Obtener Aire Fresco De Forma Natural Disenhado Para Integrarse Perfectamente En Cualquier Espacio Interior, Este Acondicionador De Aire Evaporativo Incluye Una Serie De Caracteristicas Que Hacen Que Su Vida Sea Mas Saludable Y Mas Comoda;25;25003;698810;881000
EEVSYM-HCSI;Enfriador Evap Symphony New Hi;Enfriador Evaporativo Symphony New Hi Cool Smart I Con Control Remoto;Caudal De Aire 1200 M H  .  Area De Cobertura 28 Metros Cuadrados  . 175W  . Capacidad Del Tanque De Agua 25 Litros  . 3 Velocidades  . Oscilador Automatico .  Deposito Para Hielo  . Panel Digital  . Timer Hasta 7 Horas  .  Control De Humedad  . Bomba Especial Dura Pump Que Se Desactiva Al Estar El Tanque Vacio  .  Alarma Que Indica Cuando El Tanque Esta Vacio  .  Medidas Del Producto Ancho 50 Cm Alto 90 Cm Profundidad 31 Cm;25;25003;1164661;1468000
EDXEJU550D-N;Extractor Jugo Moulinex  800W;Extractor De Jugo Moulinex Ju550D10 800W;Potencia 800W . Filtro De Acero Inox, Con 2 Cuchillas Centrales Para Un Corte Optimo . Accesorios: Colector De Pulpa, Jarra, Tapa, Empujador Y Filtro . Accesorios Apto Para Lavavajillas;1;1003;670000;845000
EDTEFMAX2-N;Extractor De Jugos Tokyo Fruit;Extractor De Jugos Tokyo Fruit Max 600W 2 Veloc Cap Para Pulpa 15L;Extractor De Jugos Tokyo Fruit Max 600W 2 Veloc Cap Para Pulpa 15L;1;1003;260965;329000
GFHE-ZBP22;Fabricador Hielo Ecosilkon Bal;Fabricadora De Hielo Ecosilkon Bala Md Zbp22 13/22Kg/24H Cap Deposito 7K Inx Fil;Fabricadora De Hielo  . Ecosilkon Bala  . Md Zbp22 13 22Kg 24H  . Cap Deposito 7K Inx Fil;36;36001;4275000;5387000
GFHE-ZBL90;Fabricador Hielo Ecosilkon Zbl;Fabricadora De Hielo Ecosilkon Mod Zbl9 40/90Kg/24H Cap Deposito 48Kg Ac Inox Fi;Fabricadora De Hielo  . Ecosilkon Mod Zbl9  . 40 90Kg 24H  . Cap Deposito 48Kg Ac Inox Fi;36;36001;9255000;11662000
EDPTRITRF30;Forrajera Trapp Trf-300;Forrajera Trapp Trf 300 2Hp C/ Correa;2 Hp . 10 Martillos Moviles . 2 Cuchillas . Produccion Forraje: 700 1400 Kg H . Produccion Maiz: 50 80 Kg H . Tratamiento Anticorrosivo En Todas Las Piezas;35;35012;3699070;4661000
EDPTRF400;Forrajera Trapp Trf-400 ;Forrajera Trapp Trf 400 2Hp;2 Hp . 3600 Rpm . Monofasico .  2 Cuchillas Y 10 Martillos Moviles . Produccion 800 1200 Kg H .  Interruptor De  EnconApag ;35;35012;2896879;3651000
GFRPG-PR310G;Freidora A Gas Progas Pr-310G;Freidora A Gas Progas Pr 310G;Estructura De Acero Inoxidable . Con Cesta Incluida . Kit De Gas De Alta Presion . Patas Estabilizadoras . Altura:250 Mm . Profundidad:400 Mm . Largo:320 Mm;36;36001;395000;498000
GFRMT-TFE6;Freidora Elect Metvisa Tfe-6;Freidora Electrica Metvisa Tfe 6;Exterior En Acero Inoxidable .  Bajo Consumo De Energia .  Pies Estabilizadores  .  Canasto En Acero Inoxidable . Capacidad: 6 Lts;36;36001;885000;1116000
GFRPG-PR310E;Freidora Electr Progas- Pr310E;Freidora Electrica Progas  Pr 310E 1 Can 35 Ltrs;La Freidora Electrica Pr-310 E De Progas De 3 De Litros, Es Ideal Para Uso En Diversos Establecimientos Comerciales, Indicada Para Uso Profesional En La Fritura De Diversos Alimentos . Practica Y De Facil Manejo . Estructura En Acero Inoxidable . Resistencia En Acero Inoxidable . Termostato Para Control De Temperatura Automatico . area De Fritura: Diametro 285Mm . Con Cesta Incluida . Capacidad: 0,5 Kg Cesto;36;36001;880000;1109000
GFRPG-PR70E;Freidora Electr Progas Pr-70E;Freidora Electrica Progas Pr 70E;Freidora Electrica Pr-70E De Progas, Posee Una Capacidad De 7 Litros, Resistencia Y Estructura De Acero Inoxidable Potencia De 2500 W, Consumo De 35 Kwh Dimensiones: Altura De 025, Profundidad De 040, Ancho De 040 Metros Y Peso De 35 Kg;36;36001;950000;1197000
GFT-EF17;Freidora Electr Tokyo Ind 10L;Freidora Electrica Tokyo Industrial 10Lts 3000W Ef 17L; Capacidad 10 Lts .  Termostato Regulable  . 1 Canasta . Totalmente En Acero Inox ;36;36001;1242300;1566000
EDXFMFR33-N;Freidora Moulinex Easy Am33807;Freidora Moulinex Easy Pro 3L Mod Am338070;Ajuste De Termostato . Base Antideslizante . Zona Fria: Los Restos No Se Queman, El Aceite Dura Mas . Tazon Extraible De Acero Inoxidable Ultra Resistente . Totalmente Desmontable Y Apto Para Lavavajillas . Ventana De Vision Que Permite Controlar El Nivel De Fritura Y Obtener Resultados Perfectos . Capacidad Aceite De 3 Litros . Potencia De 2200W;1;1002;649029;818000
HEWHWRA08BVDWX;Frigobar Whirlpool Vintage 80L;Frigobar Whirlpool Vintage Wra08Bvd Rojo 80L Frio Humedo + Adaptador;Frigobar Whirlpool Vintage  . Modelo: Wra08Bvd  . Color: Rojo  . 80L Frio Humedo + Adaptador . Ancho 51 Cm . Alto 65 Cm . Largo 56 Cm . Peso 29000 Gr;5;5001;2608444;3287000
HEWHWRA12BKDWX;Frigobar Whirlpool 120L F H;Frigobar Whirlpool Wra12Bkdwx 120L Evox Frio Humedo;Ancho 482 Cm . Alto 862 Cm . Largo 519 Cm . Peso 28 Kg;5;5001;2315185;2918000
EDPFSX-LK16;Fumigador Mochila Trapp 16L;Fumigador Pulverizador Mochila Trapp Mod Sx Lk16 16 Lts;4 Tipos De Boquilla: Ducha, Abanico, Cono Y Doble Cono . Reversible: Puede Ser Utilizado Por Diestros Y Zurdos . Tapa Con Valvula Anti-Goteo . Recipiente De Gran Capacidad, Muy Resistente A La Presion . Sello De Goma . Capacidad: 16 Litros;35;35012;220028;278000
EDPFSX-LK20C;Fumigador Mochila Trapp 20L;Fumigador Pulverizador Mochila Trapp Mod Sx Lk20 20 Lts;Ancho 195 Cm . Alto 63 Cm . Largo 465 Cm . Peso 400 Kg;35;35012;249977;315000
EDPFSX-CS5;Fumigador Trapp 5L;Fumigador Pulverizador Trapp Mod Sx Cs5 5 Lts;Ancho 19 Cm . Alto 45 Cm . Largo 19 Cm . Peso 135 Kg;35;35012;92996;118000
UTIG0383700-N;Grill Imusa Ad Talent;Grill Imusa Ad Talent Mod 0383700;Ancho 265 Cm . Alto 8 Cm . Largo 45 Cm . Peso Gr;15;15007;106865;135000
GG-LR813;Grill Tokyo Industrial Lr-813;Grill Tokyo Industrial Mod Lr 813 2Tapas Temp 50N A 300N;Grill Electrico Una Placa, Placa Superior Movil .  Base Y Estructura En Acero Manija Cromada . Lampara Piloto .  Llave De Encendido Y Apagado . Temperatura De 50 A 300 C;36;36001;1815000;2287000
EDGFGR2144P-N;Grillera George Foreman Gr2144;Grillera George Foreman Gr2144 9 Porciones + Adaptador;Es El Aparato De Cocina Que Cambio El Juego De Parrillas Para Siempre Ofrece Parrilladas Rapidas Y Deliciosos Resultados Para Bistec, Hamburguesas, Pollo, Verduras Y Mas La Superficie Inclinada Patentada Ayuda A Eliminar La Grasa Durante La Coccion, Y El Revestimiento AntiadherenteEl Calentamiento Por Contacto Dual De La Parrilla Compacta Acelera La Parrilla Para Obtener Comida En La Mesa En Un Tiempo Record;1;1005;515096;650000
GHP-PR700GN;Hamburguesera Progas Pr-700Gn;Hamburguesera Progas Con Tapa Mod Pr 700Gn;Estructura De Acero Inoxidable Cepillado .  Sistema De Quemadores Tubulares De Cajones  . Alimentacion De Gas En Baja Presion .  Con Media Tapa . Altura: 212 Mm . Profundidad:425 Mm . Largo: 652 Mm;36;36001;585000;738000
HETOKMM257;Heladera Tokyo Magna Hd-350;Heladera Tokyo Magna Blanca Hd 350 Fh 2Puertas;Alimentos Siempre Frescos, Disenho Interior Practico Que Permite Mantener Por Mas Tiempo Las Verduras Y Frutas, Posee Una Alta Resistencia Que Facilita Limpieza . Ancho 585 Cm . Alto 1674 Cm . Largo 605 Cm . Peso 51 Kg;5;5001;2300043;2899000
HETOKMAGNA264;Heladera Tokyo Magna Plus 300;Heladera Tokyo Mod Magna Plus 300 Frio Humedo 2Puertas Blanca;Heladera Tokyo  . Modleo Magna Plus 300  . Frio Humedo  . 2Puertas  . Blanca . Tension Electrica 220 Voltios . Frecuencia Electrica 50 Hertz . Ancho 58 Cm . Alto 167 Cm . Largo 73 Cm . Peso 44400 Gr;5;5001;2099981;2646000
HEWRE80BKDWA;Heladera Whirlpool Big Foot;Heladera Whirlpool Big Foot Wre80Bkdwa 586/573L Evox Frio Seco Panel Touch + Ada;Heladera Whirlpool Big Foot  . Modelo: Wre80Bkdwa 586 573L  . Evox Frio Seco Panel Touch + Ada . Capacidad 586 Litros . Color Inox Color . Ancho 777 Cm . Alto 1905 Cm . Largo 86 Cm . Peso 108000 Gr;5;5001;8950061;11278000
HEWHWRE57BKDWX;Heladera Whirlpool Wre57Bk;Heladera Whirlpool Combi Wre57Bk 480/443L Evox Inverter Frio Seco Panel Touch;" Modos Especiales: Fiesta, Compras, Vacaciones .  Xpert Flow: Mantiene Una Temperatura Homogenea En Toda La Heladera . Turbo Freezer: Permite Enfriar Alimentos Y Bebidas; Y Te Avisa Cuando Estan Listos Para Disfrutarlos . Eficiencia Energetica: A . Turbo Hielo . Medidas: An: 70,1 Cm Alt: 184 Cm Prof: 72,5 Cm";5;5001;7017379;8842000
HEWHWRM45ABDWC;Heladera Whirlpool 400L Bl F C;Heladera Whirlpool Wrm45Ab 400/375L Blanco Frio Seco Panel Touch;La Nueva Generacion De Heladeras Whirlpool Poseen Una Gran Flexibilidad Y Movilidad De Compartimentos Para Mejorar El Almacenamiento Y La Conservacion De Tus Alimentos Y Bebidas Ademas Cuenta Con Varias Funciones Que Haran Tu Dia A Dia Mucho Mas Sencillo .  . Ancho 180 Cm . Alto 652 Cm . Largo 747 Cm . Peso 595000 Gr;5;5001;4050820;5105000
HEWHWRM45AKDWC;Heladera Whirlpool 400L Evox;Heladera Whirlpool Wrm45Ak 400/375L Evox Frio Seco Panel Touch;"Heladera Whirlpool Inox 400 Lts  . Mod: Wrm45Ak  . No Frost Con Freezer, La Combinacion Perfecta Entre Almacenamiento Y Disenho . Frio Seco  . Panel Touch  . Funciones Especiales: Vacaciones   Compras   Fiestas . Espacio Adapt: Estantes Y Bandejas Completamente Flexibles Para Adaptar El Espacio De Guardado A Las Diferentes Necesidades Podras Regularlos Y Realizar Multiples Combinaciones Sin Necesidad De Removerlos . Espacio Fresh: Conserva La Frescura Original De Tus Frutas Y Verduras Toda La Semana Y Evita Que Se Resequen Gracias Al Espacio Fresh . Turbo Freezer: Permite Aumentar La Potencia Del Freezer Por Hasta 3 Horas Para Enfriar Mas Rapido ¨Lo Mejor? Te Avisa Cuando Estan Listos Para Consumirlos . 10 Anhos De Garantia En El Compresor; 3 Anhos De Garantia En La Puerta, Contra Corrosion Y Oxidacion  . Cajon Para Frutas Y Verduras  . Luz Led Interior ";5;5001;4152057;5232000
HEWHWRM54ABDWC;Heladera Whirlpool 426L Bl;Heladera Whirlpool Wrm54Ab 426/400L Blanco Frio Seco Panel Touch;Estantes Y Bandejas Completamente Flexibles Para Adaptar El Espacio De Guardado A Las Diferentes Necesidades Podras Regularlos Y Realizar Multiples Combinaciones Sin Necesidad De Removerlos . Retirar El Hielo Nunca Fue Tan Sencillo Con Este Efectivo Sistema Puedes Hacerlo Con Solo Girar Una Perilla . Conserva La Frescura Original De Tus Frutas Y Verduras Toda La Semana Y Evita Que Se Resequen Gracias Al Espacio Fresco . Funciones Especiales: Vacaciones   Compras   Fiesta . Compartimiento Especial Para Conservar Tus Alimentos A La Temperatura Ideal: Carnes Hasta Por 5 Dias Sin Congelar, Bebidas O Lacteos . Espacio Adapt . Espacio Fresco . Congelar Control . Gira El Hielo;5;5001;4557139;5742000
HEWHWRM54AKDWC;Heladera Whirlpool 426L Evox;Heladera Whirlpool Wrm54Ak 426/400L Evox Frio Seco Panel Touch;Espacio Adapt . Espacio Fresh . Freeze Control . Twist Ice . Funcion Turbo . Control De Temperatura . Dimensiones (Altoxanchoxprof) 184,7 X 62,1 X 74,5 Cm . 3 Estantes De Vidrio Templado . Cajon Para Frutas Y Veduras . Eficiencia Energetica: A .  . ;5;5001;4607791;5806000
HEWHWRM56BB;Heladera Whirlpool 492L Bl;Heladera Whirlpool Wrm56Bb 492/462L Blanco Inverter Frio Seco Panel Touch;Heladera Whirlpool  . Modelo: Wrm56Bb 492 462L  . Color:  . Blanco Inverter Frio Seco  . Panel Touch . Ancho 801 Cm . Alto 194 Cm . Largo 85 Cm . Peso 82000 Gr;5;5001;6495985;8185000
HEWHWRM56BKDWX;Heladera Whirlpool 492L Evox;Heladera Whirlpool Wrm56Bk 492/462L Evox Inverter Frio Seco Panel Touch; . Heladera Whirlpool  . Modelo: Wrm56Bk 492 462L  . Evox Inverter Frio Seco  . Panel Touch . Ancho 801 Cm . Alto 194 Cm . Largo 85 Cm . Peso 82000 Gr;5;5001;6602649;8320000
HEWHWRM57BKDWX;Heladera Whirlpool 530L Evox;Heladera Whirlpool Wrm57Bk 530/500L Evox Inverter Frio Seco Panel Touch;Heladera Whirlpool  . Modelo: Wrm57Bk 530 500L Evox Inverter Frio Seco  . Panel Touch . Ancho 801 Cm . Alto 204 Cm . Largo 85 Cm . Peso 84 Kg;5;5001;7127058;8981000
EDAHKCHA-N;Hervidora Para Mate Arno 17L;Hervidora Para Mate Arno Negra Mod Kcha 2000W 17Lts 220V;Capacidad De 1,7 L . Selector De Temperatura: Ideal Para Preparacion De Mate (Hasta 85   C) Y Otros Preparados (Hasta 100   C) . Apagado Automatico A La Temperatura Seleccionada . Indicador Del Nivel De Agua: Para Siempre Colocar La Medida Ideal . Tapa Con Bloqueo De Seguridad Para Evitar Accidentes . Moderna Y Practica: Con Jarra Portatil Inalambrica, Pudiendo Ser Llevada A Cualquier Lugar;1;1011;263913;333000
EDTHTOK2AZ-N;Hervidora Tokyo 2T 2L;Hervidora Tokyo 2 Temperaturas Azul Y Rojo 2 Lts 1800W 220V/50Hz;Potencia 1800W . Capacidad 2Litros . 2 Opciones De Temperatura . Tapa Con Boton De Temperatura . Luces Indicadores De Funcionamiento . Bese Con Enrollador De Cable Incorporado . Apagado Automatico Segun La Temperatura;1;1011;96614;122000
EDTHTOKVI-N;Hervidora Tokyo Glass Led 17L;Hervidora Tokyo Glass Led 17 Lts 1800W 220V/50Hz;La Hervidora Electrica Tokyo Glass Con Jarra De Vidrio Trasparente Cuenta Con Capacidad De 1,7 Litros . Con Una Potencia De 1800W Es Capaz De Calentar El Agua En Cuestion De Segundos . Tambien Esta Disenhada Para No Causar Ningun Tipo De Incendios, Esto Gracias A Su Sistema De Encendido Manual Y Apagado Automatico;1;1011;136636;173000
EDMILMPX16E;Hidrolavadora Michelin Mpx16E;Hidrolavadora Michelin Mpx16E 1600W /125Bar /Manguera 5M C/ Accesorios;Hidrolavadora Michelin  . Modelo Mpx16E  . 1600W  125Bar  Manguera 5M con Accesorios . La Hidrolavadora Michelin Cuenta Con Un Disenho Compacto, Ocupa Poco Espacio Y Es Muy Facil De Manejar Es Apta Para La Limpieza De Senderos, Parrillas, Chimeneas, Cercas, Bicicletas, Motocicletas Y Coches;35;35013;748792;944000
EDMILMPX19EHDS;Hidrolavadora Michelin Mpx19Eh;Hidrolavadora Michelin Mpx19Ehds 2Vel 1900W /140Bar /Manguera 6M C/ Accesorios;Hidrolavadora Michelin  . Modelo Mpx19Ehds  . 2Vel 1900W  140Bar  Manguera 6M Con Accesorios . La Hidrolavadora Michelin Cuenta Con Un Disenho Compacto, Ocupa Poco Espacio Y Es Muy Facil De Manejar Es Apta Para La Limpieza De Senderos, Parrillas, Chimeneas, Cercas, Bicicletas, Motocicletas Y Coches;35;35013;1352060;1704000
COARFA3530HIXA-N;Horno Elect Ariston Fa3530 66L;Horno Electrico Ariston Fa3530Hixa 66L Inox Multifuncion;Ancho 65 Cm . Alto 67 Cm . Largo 64 Cm . Peso 28400 Gr;15;15002;3199987;4032000
COARFA3540HIXA-N;Horno Elect Ariston Fa3540 66L;Horno Electrico Ariston Fa3540Hixa 66L Inox Digital;Ancho 65 Cm . Alto 67 Cm . Largo 64 Cm . Peso 26300 Gr;15;15002;5130056;6464000
EDAHOFOR4-N;Horno Elect Arno Airfry 40Lts;Horno Electrico Arno Airfry 6 En 1 40Lts + Adaptador;Espacioso, Versatil Y Saludable, Suficientemente Grande Para Asar 2 Pollos Al Mismo Tiempo Y Una Variedad De Recetas Para La Familia . Temporizador De 4 Horas Con Apagado Automatico . Capacidad 40 Litros . Tecnologia Conveccion Airfry .  Distribuye El Aire Caliente Uniformemente;15;15002;989992;1248000
EDXHOX495-N;Horno Elect Moulinex Ox495 60L;Horno Electrico Moulinex Optimo Ox495 60L Negro 2200W;Ancho 489 Cm . Alto 497 Cm . Largo 69 Cm . Peso 161 Kg;15;15002;1330553;1677000
EDTHFOTTIAT;Horno Electrico Tokyo 50L;Horno Electrico Tokyo Fottia300 50L C/Limpia Facil Y Timer 300A?A C/1700W;Mejor Tecnologia Para Preparar Las Mejores Recetas En Tu Hogar .  .  Capacidad Interna De 50 Litros .  Rejilla Y Bandeja Removibles .  Termostato (Control Automatico De Temperatura) .  Timer Sonoro (Control De Tiempo) .  Luz Interna .  Dorador   Grill .  Interior Autolimpiante .  Interior Easy Clean;15;15002;660017;832000
GHT-YXD20;Horno Elect Tokyo Ind Yxd20;Horno Electrico Tokyo Industrial Mod Yxd20 2Bandejas De 40X60 Cms 220V/50Hz;Mod Yxd20 . 2Bandejas De 40X60 Cms . 220V 50Hz;36;36001;4168000;5252000
EDTHEISA-N;Horno Electrico Tokyo Isa 60L;Horno Electrico Tokyo Mod Isa 60Lts Inox;Potencia: 2300W . Temperatura Hasta 240C .  Con Convector . 4 Modos De Coccion .  Frente De Acero Inox Y Tapa De Doble Vidrio . 60 Lts Capacidad . 90 Min Timer . Medidas An 60 Cm Alto 60 Cm Prof 57 Cm;15;15002;1694497;2136000
EDTHSMART;Horno Electrico Tokyo 60L ;Horno Electrico Tokyo Smart300  60L Con Timer Y Limpia Facil 300A?A C 1750W;Potencia: 1750W . Temperatura Hasta 300C . Con Grill Y Spiedo . Medidas Ancho 58 Cm Altura 41 Cm Prof 45 Cm;15;15002;870062;1097000
COWHAKZM656IX-N;Horno Elec Whirlpool 67L Touch;Horno Electrico Whirlpool Akzm656Ix 67L Inox 6To Sentido Panel Touch;Capacidad 67 Litros . Controles Digitales Tactiles . Puerta Full Cristal . Pre-Calentamiento Rapido . Funciones Especiales Temporizador;15;15002;5862969;7388000
COWHAKZM756IX-N;Horno Elect Whirlpool 67L Mult;Horno Electrico Whirlpool Akzm756Ixl 67L Inox Multifuncion;Capacidad 67 Litros . Digital Controles Touch . Puerta Full Cristal . Pre-Calentamiento Rapido . Funciones Especiales Timer;15;15002;4770534;6011000
GHCT-ASSIST-N;Horno Tokyo Indus Assist 28L;Horno Tokyo Industrial Assist 28L Inoxidable 1600W Resitencia Adic Halogena;Ancho 575 Cm . Alto 435 Cm . Largo 39 Cm . Peso 13250 Gr;15;15002;549000;692000
EDTHEXGP100-N;Horno Tokyo Xg Plus 100L 2700W;Horno Tokyo Xg Plus 100L 2700W Convector Interior Antiadherente;Mejor Tecnologia Para Preparar Las Mejores Recetas En Tu Hogar . Potencia: 2700W . Temperatura: 100C A 250C . Con Convector Y Spiedo . Interior Antiadherente;15;15002;1340536;1690000
EDTHTOK3C;Humidificador Digit Tokyo 45L;Humidificador Digital Tokyo 3En1 Ioniza Purifica Y Aromatiza 45Lts Indicador L;Bandeja:ÿRecolectora De Residuos En Chapa Galvanizada;25;25008;295001;372000
EDTHTOK3A;Humidificador Manual Tokyo 45L;Humidificador Manual Tokyo 2En1 Purifica Y Aromatiza 45Lts;Tapa:ÿVidrio;25;25008;235036;297000
EDRKAPG6020B;Kit Cortapelo Remington Pg6020;Kit Cortapelo Facial Remington Mod Pg6020B 220V + Adaptador;Laminas Recubiertas De Titanio Mas Afiladas, Y Duras . - Cuchillas Auto-Afilables Para Un Corte Superior Y De Larga Duracion . - Cortadora Recargable Para Uso Sin Cable . - 35 Minutos De Corte Sin Cable . - Indicador LED . Disenho Lavable Para Una Limpieza Facil Y Rapida . Cuchillas Lubricadas De Por Vida . Cortador Para Detalles . Cortador Curvo . Mini Afeitadora . Cortador De Vellos De Nariz Y Oidos . Peine Para Cortar Barba De Tres Dias Y Para Barba Normal . Cabezal Para Cortar El Cabello . Base De Carga;28;28002;158924;201000
EDRKAPG181;Kit Remington 5 En 1 Pg181;Kit Remington 5 En 1 Para Vello Facial Mod Pg181;Este Compacto Modelo, Con Cuchillas De Acero Avanzado Y Que Funciona Con Pilas, Consta De 5 Cabezales Versatiles Para Conseguir El Mejor Look Y Cubrir Todas Tus Necesidades De Afeitado Y Corte En La Zona Facial . Kit De Corte Avanzado 5 En 1 . Cuchillas De Acero Autoafilables De Alta Duracion . Cabezal De Lineal De Precision . Cabezal Miniafeitadora . Cortador Cicular Para Nariz Y Orejas . Cortador De Detalles . Peine Guia Para Longitudes De Pelo De 0,5 A 5 Mm . Lavable, Para Una Limpieza Facil;28;28002;102845;130000
EDTLMCECILIACMAS8-N;Lavarropa Tokyo Cecilia 8Kg;Lavarropa Automatica Tokyo Cecilia Clean Mas 8Kg 1400Rpm;Capacidad: 8 Kilos . Panel: Digital . Velocidad: 1200 Rpm . Programa Especial Para: Ropa De Bebe . Dispenser Removible De: Jabon Y Suavizante;13;13001;2259977;2848000
EDTLACECILIAI105;Lavarropa Tokyo Cecilia 105Kg;Lavarropa Automatica Tokyo Cecilia Inverter Next 105Kg 1200Rpm;Potencia: 1600W . 15 Programas . Velocidad Maxima: 1200 Rpm . Temperatura Max Del Agua: 60 C . Motor Inverter . Apertura De La Puerta Hasta 180 . Medidas Ancho 60 Cm Altura 85 Cm Prof 65 Cm;13;13001;2750015;3466000
EDTLMTOK8CHILINE-N;Lavarropa Tokyo Hiline 8Kg;Lavarropa Tokyo Automatica Carga Superior Clean Hiline 8Kgs 220V/50Hz;Lavarropas Tokyo Automatica  . Carga Superior Clean Hiline  . 8Kgs 220V 50Hz . Eficiencia Y Tecnologia Combinadas Para El Mejor Cuidado De Tus Prendas;13;13001;2029095;2557000
EDTLMTOK6HILINE-N;Lavarropa Tokyo Tok6Hilin 6Kg;Lavarropa Tokyo Automatica Carga Superior Mod Tok6Hiline 6Kgs 220V/50Hz;Potencia: 360W . 8 Programas . Lavado A Turbina . Con Funcion De Retraso Y Bloqueo De Seguridad . Con 3 Niveles De Temperatura . Con Selector De Enjuague;13;13001;1699991;2142000
EDWLWWG16BB9;Lavarropa Whirlpool 16K 750Rpm;Lavarropa Whirlpool Wwg16Bb9La 16Kg Carga Sup Blanco 750Rpm;Dimensiones (Altoxanchoxprof): 114 X 64 X 67 Cm . Niveles De Agua: 4 . Peso: 41,2 Kg . Revoluciones Por Minuto: 750 . Tapa Vidrio . Voltaje: 220V   50Hz . Color: Blanco . Garantia (Meses): 12 . Numero De Temperaturas: 1 . Panel: Panel Posterior . Empanadas: Niveladores . Sisistema De Lavado: Impellertipo .  (Abertura De Tapa): Carga Superior;13;13001;3964055;4995000
EDWWH13AB;Lavarropa Whirlpool  13Kg;Lavarropa Whirlpool Wwh13Ab 13Kg Carga Sup Blanco 750Rpm C/ Agua Calie;Lavarropas Whirlpool 13Kg . Carga Superior . 750Rpm Con Agua Caliente . 5 Niveles De Carga Mas Modo Automatico;13;13001;3489963;4398000
EDWLWI10;Lavarropa Whirlpool 101Kg;Lavarropa Whirlpool Wwi10Aw 101Kg Carga Sup Blanco 850Rpm;Nueva Whirlpool Eficiente Compacta Por Fuera Grande E Inteligente Por Dentro . Mas Capacidad, Hasta 10 Jeans En Cada Lavado Cuenta Con Una Capacidad De 10,1 Kg . Ciclo Rapido . Panel Digital . Ciclo Inteligente . Lavado Diferido;13;13001;2695008;3396000
EDWLWI12;Lavarropa Whirlpool 12Kg 850Rp;Lavarropa Whirlpool Wwi12Aw 12Kg Carga Sup Blanco 850Rpm;Lavarropas Whirlpool  . Modelo: Wwi12Aw  . 12Kg Carga Superior  . Blanco 850Rpm;13;13001;2935002;3699000
GLBLT767;Licuadora Tokyo Bl-767;Licuadora Alta Rotacion Tokyo Ind Mod Bl 767 Power 15Kw;Modelo: Bl-767 . Potencia: 1,5W . Voltaje: 220V . Capacidad: 2L . Capacidad Del Tarro: 2000Cc . Peso: 280Kg . Funcion: Batidora De Alimentos, Mezclador De Alimentos, Batidora De Leche, Etc;36;36001;595000;750000
EDALLN541W;Licuadora Arno Ln54 ;Licuadora Arno Ln54 Power Max 1000W 220V Negro Y Rojo ;Potencia: 1000W . Cuchilla De 6 Laminas, No Deja Pedazos, Mezcla Homogenea Y Lisa . Mezcla Total De Todos Los Tipos De Ingredientes, Incluyendo Cubo De Hielo . Efecto Ciclon . Velocidades: 15 . Capacidad Total: 3,1L . Capacidad util 1,75L . Jarra De Acrilico . Negro - Rojo ;1;1003;493790;623000
EDALLQ12;Licuadora Arno Lq12;Licuadora Arno Lq12 Power Mix 220V Blanca 550W;Licuadora Arno Lq12 Power Mix 220V Blanca .  Potencia: 550W . Capacidad Neta: 1,25 Litros . 2 Velocidades + Pulsar . Jarra De Plastico ;1;1003;202608;256000
EDALLQ20;Licuadora Arno Lq20;Licuadora Arno Lq20 Powermix Plus Negra Y Roja 3Veloc 550W 220V;Potencia: 550W . Capacidad Neta: 1,25 Litros . 3 Velocidades + Pulsar;1;1003;250781;316000
EDALLN517W;Licuadora Arno Power Max 700W;Licuadora Arno Power Max 700W Blanca 220V;Ancho 208 Cm . Alto 326 Cm . Largo 28 Cm . Peso 2140 Gr;1;1003;416941;526000
GLIMT-LQL25;Licuadora Basc Metvisa Lql25;Licuadora Basculante Metvisa 25Lts 1 1/2Hp Mod Lql25 220V 50Hz;Altura (Mm): 1150 . Longitud (Mm): 550 . Ancho (Mm): 385 . Peso Bruto (Kg): 23 . Peso Neto (Kg): 205 . Metro Cubico: 0278 . Potencia Del Motor (Cv): 15 . Consumo (Kw G): 11 . Voltaje (V): 127 Ou 220 . Capacidad (L): 25 . Rpm (Rpm): 3400 . ;36;36001;2525000;3182000
GLAVS-LI20N;Licuadora Comerc Skymsen Li20N;Licuadora Comercial Inox Alta Rotacion Mod Li20N Inox 2L 18000Rpm 800W 220V 50Hz;Licuadora Comercial Inox  . Alta Rotacion Mod Li20N Inox  . 2L 18000Rpm 800W 220V 50Hz;36;36001;1013725;1278000
GLCS-LAR04MB;Licuadora Comerc Skymsen Lar04;Licuadora Comercial Skymsen Inox Mod Lar04Mb Baja Rotacion 4L 3500Rpm 1/2Hp 220V;Licuadora Comercial Skymsen Inox  . Mod Lar04Mb  . Baja Rotacion 4L  . 3500Rpm 1 2Hp 220V;36;36001;1870625;2357000
GLCS-LC4;Licuadora Comerc Skymsen 4L ;Licuadora Comercial Skymsen Inox Mod Lc4 Baja Rotacion 4L 4500Rpm 1/2Hp 220V 50H;Licuadora Comercial Skymsen Inox  . Mod Lc4  . Baja Rotacion 4L  . 4500Rpm 1 2Hp 220V 50H;36;36001;1346850;1698000
GLIMT-LQL4;Licuadora Ind Metvisa 4L Lql-4;Licuadora Industrial Metvisa 4L Baj Rot MdLql 4 1/2Cv;Licuadora Industrial Metvisa  . 4L Baj Rot  . MdLql-4-1 2Cv;36;36001;1435000;1809000
GLIMT-LQL15;Licuadora Ind Metvisa Lql19;Licuadora Industrial Metvisa Lql19 19L 220V 50Hz 15Cv;Licuadora Industrial Metvisa  . Lql19 19L  . 220V-50Hz 15Cv;36;36001;2585000;3258000
EDXLM811-N;Licuadora Moulinex Perfectmix;Licuadora Moulinex Perfectmix Mod Lm811 Vaso Cristal 2 Lts 1200W;Licuadora Moulinex Perfectmix Mod Lm811 Vaso Cristal 2 Lts  . 6 Cuchillas De Acero Inoxidable . Potencia: 1200W . 3 Programas Automaticos . Con Una Jarra De Cristal Termorresistente Y De Gran Capacidad 2Lts . Es La Batidora Ideal Para Toda La Familia;1;1003;677772;854000
EDTLMAX4-N;Licuadora Tokyo Licua 1,5L;Licuadora Tokyo Licua Max4 Velocidades 15 Lts 450W 220V/50Hz;Licuadora Tokyo Licua  . 4 Velocidades  . 15 Lts 450W 220V 50H;1;1003;158991;201000
EDTLMAXP2-N;Licuadora Tokyo Licuamax Plus ;Licuadora Tokyo Licuamax Plus 2 Velocidades 900W Negro;Potencia: 900W . Capacidad: 1,5 Litros . Jarra Acrilica . 2 Velocidades + Pulsar . Cuchilla Desmontable  Material: Plastico;1;1003;158991;201000
EDTLTERMIX2-N;Licuadora Tokyo Termix 2 300W;Licuadora Tokyo Termix 2 300W Vaso Extraible Como Hoppie 600Ml;Potencia De 300W . Capacidad De 600Ml . Con Vaso Portatil De Plastico . Voltage 220 240 -50 60Hz . Velocidad De Pulso;1;1003;141504;179000
EDXMPOW61-N;Maquina Pan Moulinex Ow61;Maquina De Pan Moulinex Baguette Ow61 15K;Potencia: 1600W . 750G, 1000G Y 1500G De Pan . Con 16 Programas . 3 Niveles De Tostado . Con Inicio Programado . Con Accesorios Para Baguettes;1;1015;1095048;1380000
EDXMPOW210130-N;Maquina Pan Moulinex Dore;Maquina De Pan Moulinex Pain Dore 1K 12 Prog;12 Programas De Preparacion . Tamanhos De Pan: 500 G   750 G   1000 G . Interfaz Lcd . 3 Niveles De Tostado . Inicio De Programado Hasta 15 Horas . Mantenimiento De Calor Hasta 1 Hora . Senhal Para Anhadir Ingredientes . Recubrimiento Antiadherente De La Cubeta Panificadora . Potencia: 720 W . Numero De Cuchillas: 1 (Una);1;1015;798104;1006000
EDXSPY31-N;Mbeju Maker Moulinex Crepparty;Mbeju Maker Moulinex Crepparty 4 Unidades 720W;Fabricante De Mbeju Moulinex Crep Party 4 . Placa Antiadherente 11,5 Cm De Diametro . Potencia 720W  . Incluye 4 Espatulas;1;1005;303845;383000
EDTM20ES-N;Microonda Tokyo 20L 1250W;Microonda Tokyo 20Es Vidrio Espejado Con Grill 20L 1250W;Ancho 38 Cm . Alto 488 Cm . Largo 291 Cm . Peso 13380 Gr;15;15003;592816;747000
EDWMS20C-N;Microonda Whirlpool Wms20 20L;Microonda Whirlpool Wms20Czwds 20L S/ Grill Blanco;Permite Cocinar De Manera Sencilla Y Rapida Gracias A Sus Programas Predefinidos Y Su Pantalla Con Disenho Intuitivo . Disenho Intuitivo . Respetuoso Del Medio Ambiente . Facil Limpieza . La Seguridad;15;15003;572850;722000
ELPHNTX800;Equipo Sonid Hifi Philips 3800;Minisistema Hifi Philips C/Bluetooh Nfc Potencia 3800W Ntx800Mu/55 Ntx800Sb/55;Minisistema Hifi Philips Con Bluetooh Nfc Potencia .  3800W Ntx800Mu 55 Ntx800Sb 55 . Ancho 42 Cm . Alto 1175 Cm . Largo 110 Cm . Peso 5913 Kg;21;21001;6360109;8014000
EDAMDDJ3-N;Mixer Arno Ddj3 Turbomix Plus;Mixer Arno Mod Ddj3 Turbomix Plus Con Miniprocesador 300W;Potencia 300W .  Boton Ergonomico . Vaso Medidor De 800 Ml, Especial Para Hacer Mayonesa, Sopas Y Diferentes Preparaciones Accesorio Multiprocesador . Anillo Para Colgar: Practica Que Permite Guardar Facilmente . Base Removible: Facilita La Limpieza Del Producto;1;1008;249575;315000
GMIPG-PR500E;Mixtera Elect Progas Pr-500E;Mixtera Electrica Progas 6 Panes Pr 500E;Marca: Progas . Sandwichera Doble Con Media Prensa . Estructura De Acero Inoxidable . Para 6 Panes;36;36001;1450000;1827000
GMT-HC600;Moledor Cafe Tokyo Hc600;Moledor De Cafe Tokyo Ind Mod Hc600 035Kw 220V;Moledor De Cafe Tokyo Industrial Mod Hc600 035Kw 220V;36;36001;2587100;3260000
EDXMHV4-N;Moledor De Carne Moulinex;Moledor De Carne Moulinex Mod Hv4 2000W;Molino De Carne Moulinex Mod-Hv4 2000W Edxmhv4-N .  Cuchilla Autoafilable .  Sistema De Seguridad Secure Lock .  7 En 1  . 3 Conos Ralladores Salchicha - Kebbe .  3 Discos De Acero Inoxidable Para Picar Fino,    Medio Y Grueso .  2000 W ;1;1008;988049;1245000
GMT-TC8;Molino Carne Tokyo Ind Tc-8;Molino De Carne Tokyo Industrial Mod Tc 8 Boca 8;Molino De Carne  . Tokyo Industrial  . Mod Tc-8 Boca 8;36;36001;2450000;3087000
GMM-MPAM;Multiprocesador Metvisa Mpam;Multiprocesador Metvisa 6 Discos Tipo Mpam 220V/50 Hz;Altura (Mm): 490 . Longitud (Mm): 470 . Ancho (Mm): 340 . Peso Bruto (Kg): 385 . Peso Neto (Kg): 354 . Metro Cubico: 0159 . Potencia Del Motor (Cv): 1 2 . Consumo (Kw H): 037 . Voltaje (V): 127 Ou 220 . Produccion (Kg H): 180 . Rpm (Rpm): 1740 . Discos (Und): 6 . Diametro De La Boquilla Mas Grande (Mm): 120 . Diametro De La Boquilla Menor (Mm): 4;36;36001;5150000;6489000
EDTPRMICHEFPRO-N;Multiprocesador Tokyo Michef;Multiprocesador Tokyo Michef Pro 10 Accesorios 6 Funciones En 1 500W;Potencia: 500W .  2 Velocidades + Pulsar .  6 Funciones En 1 .  Incluye Diversos Accesorios;1;1008;373458;471000
EDTNFRESHAIRT;Nebulizador Tokyo Ultrasonico;Nebulizador Tokyo Ultrasonico Mod Fresh Air Top C/ Alarma Y Termometro;El Nebulizador Ultrasonico Familiar Fresh Air De Tokyo Es Un Dispositivo Medico Que Convierte Los Medicamentos En Estado Liquido En Particulas Finas Que Son Absorbidas Por Las Vias Respiratorias Con Mayor Facilidad Y Rapidez . De Esta Manera, El Tratamiento Es Mucho Mas Eficiente, El Paciente Reacciona Mas Rapidamente A Las Terapias Respiratorias . Recomienda Para Tratar Problemas Respiratorios, Diversas Alergias O Asma . Funcionamiento Ultra Silencioso;28;28007;310009;391000
UTIOP0305300-N;Olla A Presion Imusa 6L Smart;Olla A Presion Imusa 6L Smart Mod 0305300;Ancho 378 Cm . Alto 16 Cm . Largo 213 Cm . Peso 1790 Gr;15;15007;230815;291000
UTIO381900-N;Olla Imusa Ad 20Cm 3L Tv 38190;Olla Imusa Ad 20Cm 3L Tv Talent Mod 381900;Ancho 205 Cm . Alto 35 Cm . Largo 10 Cm . Peso 34 Kg;15;15007;96480;122000
UTIO0375100-N;Olla Imusa Ad 24Cm 46L 03751;Olla Imusa Ad 24Cm 46L Tv Talent Master Mod 0375100;Ancho 355 Cm . Alto 144 Cm . Largo 255 Cm . Peso 1580 Gr;15;15007;144519;183000
UTIO0127800-N;Olla Imusa Ad 24Cm Tv I+R 1278;Olla Imusa Ad 24Cm Tv I+R Mod 127800;Ancho 32 Cm . Alto 17 Cm . Largo 25 Cm . Peso 1590 Gr;15;15007;159058;201000
UTIO8043500-N;Olla Imusa Caldero Af 26Cm Yv;Olla Imusa Caldero Af 26Cm Yv Orig N7 Mod 8043500;Ancho 34 Cm . Alto 166 Cm . Largo 27 Cm . Peso 1560 Gr;15;15007;190012;240000
ELPHBT60BK94-N;Parlante Port Philips Bt60Bk94;Parlante Portatil Philips Bt60Bk94 Negro Bt Radio Fm 3W;Parlante Portatil Philips  . Modelo Bt60Bk94  . Negro  . Bt Radio Fm 3W;21;21001;119997;152000
ELTPPARTY2500-N;Parlante Tokyo Extr Party 2500;Parlante Tokyo Extreme Party 2500 Luz Led Bluetooh Fm/Usb/Sd 2 Mic Inal Con Co;Parlante Tokyo Extreme Party 2500  . Luz Led  . Bluetooh  . Fm Usb Sd  . 2 Microfonos Inal;21;21001;596970;753000
EDGFO3320S-N;Parrilla Fam George Foreman;Parrilla Electrica Familiar George Foreman Gfo3320S Cl 15 Porciones 2000W + Adap;Parrilla Electrica Familiar George Foreman Gfo3320S-Cl  . 15 Porciones 2000W;1;1017;835021;1053000
EDXPAD6021CL-N;Picadora Moulinex Ad6021Cl;Picadora Moulinex 1 2 3 + Vaso Licuadora Mod Ad6021Cl 220V 50Hz;Potencia 750 W  . Capacidad 300 Gr  . Vaso De Plastico Con Capacidad De 1 Litro  . Pica Todo Tipo De Alimento, Incluso Carne Cruda En Tan Solo 3 Pulsos  . Sistema 1, 2, 3 Sencillo, Solo Presiona El Bowl  . Cuchillas Super Afiladas En Acero Inoxidable  . Sistema De Seguridad Electronico Que Evita Que El Motor Funcione Si El Vaso No Se Coloca Correctamente  . Contenedor Y Cuchillas Engranables Y Desmontables;1;1008;401933;507000
EDXPDP81-N;Picadora Moulinex Dp81;Picadora Moulinex Dp81 1 2 3 Ultimate Chopper 6 En 1 1000Wa?Aÿ;Puesta En Narcha Con El Sistema 1,2,3 . Bol Y Tapa Transparente . Color: Negro . Almacen De Cable . 1000 W;1;1008;676834;853000
EDXPDP810855-N;Picadora Moulinex Mod Dp810 ;Picadora Moulinex Mod Dp810 1 2 3 La Moulinette Xxl 1000W;Picadora Moulinex Mod Dp810 1-2-3 La Moulinette . Bol Y Tapa Transparente Para Mayor Supervision . Tapa Para Liquidos . Almacenaje De Cable;1;1008;571979;721000
EDXPAD6011CL-N;Picadora Moulinex Pica Ad6011C;Picadora Moulinex Pica Todo 1 2 3 Mod Ad6011Cl 750W 300Grs 220V 50Hz;Capacidad: 300 Gr  .  Funciones: Picar Y Moler  .  Potencia: 750 Watts  .  Material Cuchillas: Acero Inoxidable  .  Cierre De Seguridad  .  Sistema 1,2,3 Sencillo, Solo Presiona El Bowl  .  Pica Toda Clase De Alimentos Incluso Carne Cruda  .  Sistema De Seguridad Mecanico Que Ofrece Mayor Estabilidad  .  Potente, Compacta Y Rapida ;1;1008;319858;404000
EDRPCI11A19-N;Pinza Rizos Remington Ci11A19;Pinza Para Rizos Remington Mod Ci 11A19 Bivolt;Ondulador Para Rizos Suaves Y DefinidosCilindro De 19 MmControl De TemperaturaIndicador De EncendidoAgarre Frio Al TactoCable Giratorio;28;28004;83616;106000
COTITOK150I-N;Placa Induc Tokyo +Olla Tok150;Placa A Induccion Tokyo + Olla Mod Tok150I Borde De Plastico Sin Timer 2200W;Cocinar Es Un Placer, Disenhos Unicos Que Permiten Cocinar Tus Alimentos De Manera Rapida Y Sencilla .  . Ancho 315 Cm . Alto 165 Cm . Largo 41 Cm . Peso 2770 Gr;15;15004;169979;215000
COTITOK19CB-N;Placa Induc Tokyo +Olla Tok19C;Placa A Induccion Tokyo + Olla Tok19Cb Touch Con Timer 2200W 220V 50Hz;Cocina Tokyo A Induccion Tok19Cb+Olla 2200W . 1 Hornalla  . Panel Tactil . Con Timer . 2200W . 220V 50Hz ;15;15004;239994;303000
GPIT-BT700D3;Placa Inducc Tokyo Ind Bt700D3;Placa De Induccion Tokyo Industrial 3500W Bt 700D3 220V/50Hz;Placa De Induccion  . Tokyo Industrial-3500W  . Bt-700D3 220V 50Hz;36;36001;2649607;3339000
COTOK3105-N;Placa Infrar Tokyo Della Tok31;Placa Infrarroja Tokyo Della Mod Tok3105 2000W 220V/50Hz;Base Inoxidable . Potencia: 2000 W . Timer . Perilla Ajustable De Encendido Y Tiempo;15;15004;316039;399000
COTOK3115C-N;Placa Infrar Tokyo Dot Tok3115;Placa Infrarroja Tokyo Dot Tok3115C 900W Con Olla 220V/50Hz;900 W De Potencia . Panel Con Ajuste Digital De Temperatura . Manijas Para Facil Manejo . Timer De Hasta 120 Minutos ;15;15004;179962;227000
COTOK3106-N;Placa Infrar Tokyo Tok3106 1H;Placa Infrarroja Tokyo Mod Tok3106 1Hornalla 1200W 220V/50Hz;1Hornalla Infrarroja  . 1200W 220V 50Hz;15;15004;168974;213000
COTOK3206-N;Placa Infrar Tokyotok3206 2H;Placa Infrarroja Tokyo Mod Tok3206 2Hornallas 2100W 220V/50Hz;Placa Inflarroja 1200 W  . Regulador De Temperatura  . Med An 24 Cm Alt 9 Cm Profundidad 27 Cm . ;15;15004;295001;372000
COTOKINFRA19O-N;Placa Infrar Tokyo Tokinfra19;Placa Infrarroja Tokyo Mod Tokinfra19 Mas Olla 2000W 220V 50Hz;Cocinar Es Un Placer, Disenhos Unicos Que Permiten Cocinar Tus Alimentos De Manera Rapida Y Sencilla .  . Ancho 315 Cm . Alto 165 Cm . Largo 39 Cm . Peso 2970 Gr;15;15004;210782;266000
COTOK3116-N;Placa Infrar TokyoTok3116;Placa Infrarroja Tokyo Tok3116 2000W Con Timer;Placa Infrarroja Tokyo-Tok3116 2000W Con Timer;15;15004;260027;328000
EDAPFV1741B2-N;Plancha A Vapor Arno Ecogliss;Plancha A Vapor Arno Ecogliss Mod Fv1741B2 220V;Hasta 60  Mas Vapor . Spray Para Humedecer Ropas . Extravapor De 50 Gramos . Vapor Vertical . Sistema De Autolimpieza Del Reservorio . 220 V;13;13003;176612;223000
EDAPFSX1;Plancha Vapor Supergliss Fsx1;Plancha A Vapor Supergliss Fsx1 1200W Base Xglide;1200 W . Base Xglide . Vapor 85G Min . Vapor Vertical ;13;13003;392687;495000
GCHP-PR650GI;Plancha Churrasq Progas Pr650G;Plancha Churrasquera Progas Mod Pr 650G Inox A Gas;Plancha Churrasquera  . Progas Mod Pr-650G  . Inox A Gas;36;36001;1065000;1342000
EDTPTOK507B-N;Plancha Tokyo Facilita Tok507B;Plancha Seca C/Spray Tokyo Facilita Tok507B;Tokyo Facilita Tok507 con Spray . Potencia: 1200W . Con Spray . Temperatura Regulable;13;13003;57687;73000
EDTPVVERTI-N;Plancha Tokyo Eleg Vapor 15L;Plancha Tokyo Elegant Vapor Vertical 15L 1500W 220V;A Vapor Vertical . 15Lts . Edtpvverti . T1915 . 1500W   . 220V;13;13003;379555;479000
EDTPTOKSOLIDA-N;Plancha Tokyo Mod Toksolida;Plancha Tokyo Mod Toksolida;1000 Watts . Base De Aluminio . 6 Niveles De Temperatura;13;13003;79663;101000
EDPPHT700;Podador Cerca Viva Trapp Ht700;Podador Cerca Viva Trapp Ht 700 700W;700 W . 51 Cms;35;35012;587456;741000
EDXPFREXP-N;Procesador Moulinex Fresh Exp;Procesador Moulinex Fresh Express 3 En 1 Mod Dj753500/Dj753510 150 Watts;Procesador Moulinex Fresh Express  3 En 1 . Compacto . Almacenamiento De Cable Integrado . Tubo De Alimentacion Ancho . Sirve Directamente;1;1008;371180;468000
EDPS140UV;Purificador De Aire S140Uv;Purificador De Aire Y Desinfectante De Superficies Mod S140Uv;Ancho 21 Cm . Alto 245 Cm . Largo 20 Cm . Peso 2 Kg;25;25003;1330017;1676000
ELSICF-19;Radio Portatil Sony Icf-19;Radio Portatil Sony Icf 19;Am Fm Horizontal  . Potencia De Salida: 500 Mw . Diametro De La Unidad De Parlante: 10 Cm . Conector Para Auriculares . Con Correa De Transporte . Funciona Con 3 Pilas D . Sintonizador Analogico;21;21007;194032;245000
ELSICF-P26;Radio Portatil Sony Icf-P26;Radio Portatil Sony Icf P26;Am Fm Vertical . Potencia De Salida: 100 Mw . Conector Para Auriculares . Con Correa De Mano Para Mayor Portabilidad . Funciona Con 2 Pilas Aa . Indicador De Estado De Carga Y Sintonizacion;21;21007;177014;224000
EDXOHF8-N;Robot De Cocina Moulinex;Robot De Cocina Moulinex Mod Hf800A13 1550W;Posibilidades Infinitas: . Cuece   Guisa   Cuece Al Vapor   Dora  Mezcla   Amasa Sin Tener Que Estar Pendiente . 6 Programas Automaticos Y Un Modo Manual . Incluye Un Conjunto De Accesorios Eficientes . Capacidad 4,5 Lts ( 6 Personas) . Tapa Tranparente Para La Vision De La Preparacion . Modo Manual Configurar Velocidad 1 Al 12 . Temperatura De 30  A 130  . Pulso Y Turbo  . Regulador De Velocidad,Temperatura Y Tiempo;1;1017;5552759;6997000
GR-LRHD07;Salchichera Tokyo Ind Lr-Hd-7;Salchichera Tokyo Ind 7Rodillos 220W Lr Hd 7;Salchichera Tokyo Industrial  . 7Rodillos-220W Lr-Hd-7;36;36001;1060000;1336000
EDASACB-N;Hervidora Tokyo 2T Rojo 2L;Sandwicheras Arno Compact Negro 700W 2Panes;Capacidad: 2 Panes . Placas Antiadherentes Para Facil Limpieza . Luz Indicadora . Compacta . 640W De Potencia;1;1005;139762;177000
UTIS0374100-N;Sarten Imusa Ad 20Cm Talent;Sarten Imusa Ad 20Cm Talent Master Mod 0374100; . Ancho 204 Cm . Alto 345 Cm . Largo 105 Cm . Peso 410 Gr;15;15007;63382;80000
UTIS0127100-N;Sarten Imusa Ad 20Cm 0127100;Sarten Imusa Ad 20Cm Tv I+R Mod 0127100;Ancho 21 Cm . Alto 41 Cm . Largo 114 Cm . Peso 930 Gr;15;15007;126027;159000
UTIS0374200-N;Sarten Imusa Ad 24Cm Talent ;Sarten Imusa Ad 24Cm Talent Master Mod 0374200;Ancho 245 Cm . Alto 41 Cm . Largo 126 Cm . Peso 550 Gr;15;15007;78725;100000
UTIS0127300-N;Sarten Imusa Ad 24Cm 0127300;Sarten Imusa Ad 24Cm Tv I+R Mod 0127300; . Ancho 255 Cm . Alto 45 Cm . Largo 12 Cm . Peso 1260 Gr;15;15007;151018;191000
EDRSD1500-N;Secador Remington D1500 ;Secador De Pelo De Viaje Remington Mod D1500 2000W Bivoltaje;Secador De Pelo Para Viaje .  Bivoltaje Para Usar Aquið Y En El Extranjero . Compacto Y Ligero . Filtro Removible .  2000W En 240V  . 1200W En 120V;28;28003;121471;154000
EDRSAC8607-N;Secador Remington Ac8607 Adv;Secador De Pelo Remington Ac8607 Advanced Therapy Con Coco;3 Ajustes De Temperatura . 2 Velocidades . Boton De Aire Frio . Filtro De Aire Removible . Concentrador De Calor 7Mm Y 11Mm . Generador De Iones . Difusor . Motor Ac . Anillo Recubierto En Ceramica Avanzada Con Iones Y Proteccion De Aceite De Coco & Filtros Uv;28;28003;429001;541000
EDRSD3019-N;Secador Remington D3019Pro Tit;Secador De Pelo Remington D3019(Gris) Pro Titanium C/Difusor 2000W 2Vel 220V;3 Ajustes De Temperatura . 2 Velocidades . Boton De Aire Frio . Filtro De Aire Removible . Concentrador De Calor . Motor Dc . Rejilla Delantera Infundida De Ceramica, Turmalina Y Titanio . Gancho Para Colgar . 1875 Watts;28;28003;161604;204000
EDRSD5216-N;Secador Remington D521 Therapy;Secador De Pelo Remington D5216 Shine Therapy 3 Temp 2 Veloc 2300W;2300W  .  Rejilla Cubierta En Aguacate Y Macadamia Para Un Peinado Mas Sedoso . Generador De Iones, 90  Mas De Iones Para Un Brillo Libre De Frizz .  Motor Poderoso Dc ;28;28003;237984;300000
EDRSAC9096-N;Secador Remington Ac9096;Secador De Pelo Remington Mod Ac9096 1875W 220V;Secador Profesional Con Motor Ac, 2400 W, . Acondicionamiento Ionico, Funcion Turbo;28;28003;404881;511000
EDRWSCV78-N;Secador Rowenta Signature Pro;Secador De Pelo Rowenta Signature Pro Beauty 2Velocidades 2200W Cv78;El Motor De Nivel Profesional Ac Ofrece Una Larga Vida Y Durabilidad, Mientras Que La Gran Velocidad Del Aire De Hasta 100 Km H Ofrece Resultados De Alta Calidad . 2 Velocidades Y 3 Ajustes De Temperatura Regulables Para Conseguir El Cabello Brillante Y Facil De Peinar . Las Boquillas Concentradoras Fina Y Ultra Fina, De 9 Mm Y 7 Mm De Ancho Respectivamente, Ofrece Una Mayor Precision De Secado Y Un Acabado optimo . Difusor Para Conseguir Un Volumen Natural En El Cabello Rizado Y Golpe De Aire Frio Para Fijar El Peinado Al Final De La Sesion De Secado . Rejilla Extraible Para Una Limpieza Sencilla Que Ofrece Un Rendimiento De Larga Duracion . ;28;28003;136345;172000
EDTSEC5C;Secarropas Tokyo Kondeza 8K;Secarropas Tokyo Kondeza 8K Por Condensacion 15 Prog;Ancho 70 Cm . Alto 865 Cm . Largo 66 Cm . Peso 40 Kg;13;13002;3000059;3781000
EDWSR07SB;Secarropas Whirlpool 7Kg;Secarropas Whirlpool Wsr07Sb 7Kg Rack P/ Calzados;Capacidad 7 Kg  . unico Con Rack Para Secar Calzados  . 15 Ciclos De Secado Para Cada Tipo De Prenda   . Ciclo Rapido De 15 Minutos  . Media Carga  . Anti Arrugas  . Display Informativo  . Luz Led Interior;13;13002;2974197;3748000
GSMEM-165;Selladora Manual Malta 25C 165;Selladora Manual De Embalajes Malta 25 Cms Mod 165;Selladora Manual De Embalaje . Ancho 41 Cm . Alto 29 Cm . Largo 215 Cm . Peso 4300 Gr;36;36001;637000;803000
GSVSGF2-NV;Spiedo 20 Pollos Venancio Sgf2;Spiedo P/ 20 Pollos Venancio Mod Sgf2 220V 50Hz;Spiedo Para 20 Pollos  . Venancio Mod Sgf2  . 220V 50Hz;36;36001;6540000;8241000
GSVSGF3-NV;Spiedo 30 Pollos Venancio Sgf3;Spiedo P/ 30Pollos Venancio Mod Sgf3 220V 50Hz;Spiedo Para 30Pollos  . Venancio Mod Sgf3  . 220V 50Hz;36;36001;7735000;9747000
GSPPG-PR621;Spiedo Progas 20 Pollo Pr621;Spiedo P/20 Pollos Progas 4 Espadas Pr621;Spiedo Para20 Pollos  . Progas 4 Espadas Pr621;36;36001;5095000;6420000
GCHP-PRR051;Spiedo Progas Pollo Rot Prr051;Spiedo P/Pollos Rotativa Progas Mod Prr 051 5 Espadas;Spiedo ParaPollos Rotativa  . Progas Mod Prr-051  . 5 Espadas;36;36001;2250000;2835000
GEP-PR631;Spiedo Progas 30 Pollo Pr-631;Spiedo Progas 30Pollos 6Espadas Mod Pr 631;Spiedo Progas 30Pollos  . 6Espadas Mod Pr-631;36;36001;6450000;8127000
GCHP-PRR051EN;Spiedo Progas Rotativo Prr051;Spiedo Rotativo Prr051En Electrico Progas 5 Espetos 220/50;Spiedo Rotativo Prr051En  . Electrico Progas  . 5 Espetos 220 50;36;36001;1845000;2325000
EDTD3015F3-NV;Termocalefon Tokyo 30L;Termocalefon Tokyo Mod 3015F3 Nv Vertical 30Lts 1500W 220V 50Hz; . Ancho 101 Cm . Alto 96 Cm . Largo 1665 Cm . Peso 61500 Gr0;25;25001;801990;1011000
EDTD10015F3-NV;Termocalefon Tokyo 100L;Termocalefon Tokyo Mod D10015F3 Nv Vertical 100Lts 1500W 220V 50Hz;Ancho 505 Cm . Alto 465 Cm . Largo 94 Cm . Peso 32600 Gr;25;25001;1419998;1790000
EDTD10-20VD;Termocalefon Tokyo 10L;Termocalefon Tokyo Mod D10 20Vd 10Lts 2000W 220V 50Hz;Certificacion Ce .  Abs Cuerpo De Plastico . Tanque Recubierto De Esmalte . Varilla De Magnesio De Larga Duracion . Sobre Proteccion Contra El Sobre Calentamiento . Max Presion De Trabajo .  Grado A Prueba De Agua .  Potencia 2000 W . Temperatura Maxima 65 C . Ancho: 38 Cm . Alto: 34,5 Cm . Largo: 32,5 Cm;25;25001;566016;714000
EDTD80-15VH;Termocalefon Tokyo 80L;Termocalefon Tokyo Mod D80 15Vh Vert/Horiz 80Lts 1500W 220V 50Hz;Capacidad: 80 Lts . Enlozado . 1500 W . Dimensiones: 508Mm X 493Mm X 805 Mm;25;25001;1449947;1827000
HETOKK170-T1;Torre Choppera Tokyo 1 Can;Torre Choppera Tokyo 1 Canilla Mod Kegerator Inox 170L Con Compresor;Torre Con 1 Canilla . Bandeja De Goteo . Cpacidad De 170 L . Incluye Kit Completo Para Instalacion . Facinh De Trasportar;5;5007;3811630;4803000
HETOKK170-T2;Torre Choppera Tokyo 2 Can;Torre Choppera Tokyo 2 Canilla Mod Kegerator Inox 170L Con Compresor;Chopera Cervecera . Para Tomar Chopp Bien Helados . Instalacion Rapida Y Sencilla . Carcasa De Acero Inoxidable . 2 Grifos;5;5007;4331550;5458000
EDPTRITR200;Triturador Trapp Tr-200 125Hp;Triturador Trapp Tr 200 125Hp;Ideal Para Triturar Residuos Organicos, 1,25 Cv, Motor 2 Polos, Monofasico;35;35012;2325905;2931000
GTRC-MP240;Trituradores Robot Mini Mp240V;Trituradores Robot Coupe Mod Mini Mp240VvA 220/50;Ancho 78 Cm . Alto 78 Cm . Largo 535 Cm . Peso 25000 Gr;36;36001;3157000;3978000
TV50PUD6654/55-N;Tv Philips 50 Smart 4K Uhd;Tv Philips Smart 4K Uhd 50 Hdmi Usb +Netflix;Ancho 124 Cm . Alto 80 Cm . Largo 26 Cm . Peso 161 Kg;9;9001;3530029;4448000
TV65PUD6794/55-N;Tv Philips 65 Smart 4K Uhd;Tv Philips Smart 4K Uhd 65 Hdmi Usb +Netflix;Tv Philips Smart 4K Uhd 65  . Hdmi Usb +Netflix . Ancho 160 Cm . Alto 995 Cm . Largo 174 Cm . Peso 32 Kg;9;9001;5599994;7056000
TVSOKD55S4K-N;Tv Sony 55 Smart 4K Linux;Tv Sony 55 Smart 4K Linux Mod Kd55X725F;Todas Las Imagenes Con Asombrosa Nitidez Y Claridad Comprueba Como Nuestra Tecnologia De Conversion De Senhales Y 4K Hdr Se Unen Para Ofrecer Una Visualizacion Atractiva Repleta De Texturas Y Detalles . Ancho 19 Cm . Alto 83 Cm . Largo 134 Cm . Peso 25 Kg;9;9001;4900045;6175000
TVSOXBR85X4K-N;Tv Sony 85 Smart 4K Android;Tv Sony 85 Smart 4K Android Mod Xbr 85X805H;85?? .  Android Tv .  Pantalla Lcd Triluminos? .  Retroiluminacion Led Directo .  4K Hdr10, Hlg Y Dolby Vision .  Procesador De Imagen 4K Hdr X1?- .  Mejora De Claridad 4K X-Reality? Pro .  Mejora De Movimiento Motionflow? Xr 240  (60 Hz Originales) .  Mejora De Color Live Colour? .  Mejora De Contraste Dinamico .  Wi-Fi .  Entrada Ethernet .  Bluetooth;9;9001;24999978;31500000
TVTOKTCL75S4K-N;Tv Tokyo 75 Smart 4K Uhd;Tv Tokyo Smart 4K Uhd 75 Hdmi*3Usb* 1(Multi)+Netflix+Soporte;La Mejor Resolucion Y Calidad De Imagen Pensada Para Vos . Tv Tokyo Smart 4K Uhd 75  . Hdmi*3Usb* 1(Multi)+Netflix+Soporte . Ancho 49 Cm . Alto 1275 Cm . Largo 191 Cm . Peso 563 Kg . ;9;9001;15000027;18901000
VEAVF22PA-N;Ventilador Arno Pared Air Pro;Ventilador Arno De Pared Air Pro Power Mod Vf22Pa 5 Aspas;Ventilador Arno De Pared Air Pro Power . Modelo Vf22Pa  . 5 Aspas;25;25002;319992;404000
VEAVF22-N;Ventilador Arno Pie Air Pr;Ventilador Arno De Pie Air Pro Power 5 Aspas 3V 95W;Ventilador Arno De Pie Air Pro Power  . 5 Aspas  . 3V 95W;25;25002;391012;493000
VETOKPAI26R-AR;Ventilador Pard Tokyo Ind Fx66;Ventilador De Pared Tokyo Industrial Blow Fx66 1350Rpm Con Control;Ventilador De Pared Tokyo Industrial  . Blow Fx66 1350Rpm  . Con Control;25;25002;494192;623000
VEAVD4C;Ventilador Pie Arno Usf40;Ventilador De Pie Arno Usf40 6 Aspas 3V 126W;Ventilador De Pie Arno  . Modelo Usf40  . 6 Aspas 3V 126W;25;25002;399990;504000
VEAVD52;Ventilador Pie Arno Usf50;Ventilador De Pie Arno Usf50 6 Aspas 3V 126W;Ventilador De Pie Arno  . Modelo Usf50  . 6 Aspas  . 3V 126W;25;25002;435031;549000
VETOFS4010N-N;Ventilador Pie Tokyo Fs40;Ventilador De Pie Tokyo Fs40 16 3Veloc 55W;Ventilador De Pie Tokyo  . Modelo Fs40 16  . 3Veloc 55W;25;25002;240999;304000
VETOKPII26-AR;Ventilador Pie Tokyo Ind Fx66;Ventilador De Pie Tokyo Industrial Blow Fx66 1350Rpm;Ventilador De Pie Tokyo Industrial  . Blow Fx66  . 1350Rpm;25;25002;472216;595000
VETOKPII30-AR;Ventilador Pie Tokyo Ind Fx76;Ventilador De Pie Tokyo Industrial Blow Fx76 1320Rpm;Ventilador De Pie Tokyo  . Industrial Blow  . Modelo Fx76  . 1320Rpm;25;25002;490373;618000
VEBTOKP16BB/AR-N;Ventilador Pie Tokyo Tokp16Bb;Ventilador De Pie Tokyo Tokp16Bb 16 3Aspas Azul 220V 50Hz;Ventilador De Pie Tokyo  . Modelo Tokp16Bb 16  . 3Aspas Azul  . 220V 50Hz;25;25002;92996;118000
VETOPBF2008U;Ventilador De Piso Tokyo 20;Ventilador De Piso Tokyo 20 3Veloc 130W;Ventilador De Piso  . Marca Tokyo  . 20 3Veloc 130W;25;25002;325754;411000
VEKDK56LG-SI;Ventilador Techo Kdk-M56Lg;Ventilador De Techo Kdk M56Lg 56  Silver;Ventilador De Techo  . Modelo Kdk-M56Lg  . 56- Silver;25;25002;509937;643000
VETOT56-7T-N;Ventilador Techo Tokyo 56-7Vel;Ventilador De Techo Tokyo 56 7Vel Caja Metal Motor Pesado;Ventilador De Techo Tokyo  . Modelo 56-7Vel  . Caja Metal Motor Pesado;25;25002;299356;378000
VETOPFB5017H-N;Ventilador Pis Par Tokyo Fb50;Ventilador Piso/Pared Tokyo Fb50 20 3Veloc 180Grados 68W;Ventilador Piso Pared Tokyo  . Modelo Fb50 20  . 3Veloc 180Grados 68W;25;25002;275102;347000
VEKDK56LG-BL;Ventilador Techo Kdk N56Lg 56;Ventilador Techo Kdk N56Lg 56  Blanco;Ventilador Techo-Kdk  . Modelo N56Lg 56  . Blanco;25;25002;444679;561000
VETOP18C-N;Ventilador Tokyo Pared 18 ;Ventilador Tokyo De Pared 18 Top18C Con Control 5Aspas Abs 3Vel 75W 1300Rpm;Ventilador Tokyo De Pared 18  . Top18C Con Control  . 5Aspas Abs 3Vel  . 75W 1300Rpm;25;25002;281467;355000
VETOFS50-11DAN-N;Ventilador Tokyo Pie Ng Brav;Ventilador Tokyo De Pie Negro Bravisimo 3 Vel20 Base Redonda;Ventilador Tokyo De Pie  . Negro Bravisimo  . 3 Vel20 . Base Redonda;25;25002;287966;363000
VETOFRESHNV-N;Ventilador Tokyo Pie20 Super;Ventilador Tokyo De Pie20 Super Fresh Con Control 5Aspas 3Veloc 90W220V50Hz;Ventilador Tokyo De Pie20-Super Fresh . Con Control 5Aspas 3Veloc  . 90W220V50Hz;25;25002;316977;400000
VETOKPAI30R-AR;Ventilador Tokyo Ind Pared 30;Ventilador Tokyo Industrial De Pared 30 Vetokpai30R 1320Rpm Con Control;Ventilador Tokyo Industrial De Pared 30  . Modelo Vetokpai30R  . 1320Rpm  . Con Control;25;25002;559986;706000
VETOKPII30R-AR;Ventilador Tokyo Ind Pie 30;Ventilador Tokyo Industrial De Pie 30 Vetokpii30R 1320Rpm Con Control;Ventilador Tokyo Industrial De Pie 30  . Modelo Vetokpii30R  . 1320Rpm  . Con Control;25;25002;580019;731000
VETOKPII34-AR;Ventilador Tokyo Ind Pie 34;Ventilador Tokyo Industrial De Pie 34 Vetokpii34 1270Rpm;Ventilador Tokyo Industrial De Pie-34  . Modelo Vetokpii34  . 1270Rpm;25;25002;550003;694000
VETOMV10-N;Ventilador Tokyo Mini Mv10;Ventilador Tokyo Mini Mv10 10Cm Carga Por Usb;Ventilador Tokyo Mini  . Modelo Mv10  . 10Cm Carga Por Usb;25;25002;76916;97000
GVSCE-BR125C;Visicooler Ecosilkon Mod Br125;Visicooler Ecosilkon Mod Br125C Para Bebidas Temp 1 A 8C Tempdoble Vidrio 220V;Visicooler Ecosilkon Mod Br125C  . Para Bebidas Temp 1 A 8C  . Tempdoble Vidrio 220V;36;36001;2136160;2692000
GE-LD60A400FS;Visicooler Ecosilkon Ld60A400F;Visicooler P/Beb Ecosilkon Ld60A400Fs 1 A10C Frioseco 400L Digit;Visicooler ParaBeb Ecosilkon  . Ld60A400Fs 1 A10C  . Frioseco 400L Digit;36;36001;3995000;5034000
GE-LD70D540FS;Visicooler Ecosilkon Ld70D540F;Visicooler P/Beb Ecosilkon Ld70D540Fs 1 A 10C Frioseco 540L Dig;Visicooler ParaBeb Ecosilkon  . Ld70D540Fs 1 A 10C  . Frioseco 540L Dig;36;36001;5485000;6912000
CGTOKVSC140CER;Visicooler P Bebidas Dig 140L;Visicooler P/Bebidas Tokyo Tokvsc14 Digital140L Com/120L Neto;Bebidas Siempre Frias, Elegi Tener Lo Mejor Dentro De Casa . Ancho 585 Cm . Alto 1046 Cm . Largo 60 Cm . Peso 43 Kg;5;5004;3414990;4303000
GE-BC60DIG;Visicooler Ecosilkon Bc-60 370;Visicooler P/Cerveza Ecosilkon Mod Bc 60 370 Lts 0 A  6 C No Frost Digital;Visicooler ParaCerveza  . Ecosilkon Mod Bc-60 370 Lts  . 0 A -6 C-No Frost Digital;36;36001;5215000;6571000
GE-BC65DIG;Visicooler Ecosilkon Bc-65 425;Visicooler P/Cerveza Ecosilkon Mod Bc 65 425 Lts 0 A  6 C No Frost Digital;Visicooler ParaCerveza  . Ecosilkon Mod Bc-65 425 Lts  . 0 A -6 C-No Frost Digital;36;36001;5695000;7176000
EDTBTOKABS-N;Balanza De Cocina Tokabs Bowl;Balanza De Cocina Tokabs Bowl De Plastico Funcion Tara Cap 5Kgs;Capacidad de 5 kg.  . Pantalla LCD. .  Higienico y facil de limpiar. . BOWL de plastico;36;36001;54940;70000
ELPHTAB5105/12;Barra De Sonido Philips Tab510;Barra De Sonido Philips Tab510512 Bl, Hdmi Arc;Barra De Sonido Philips Tab510512 Bl, Hdmi Arc;21;21001;499954;630000
GIMEVB802-N;Bicicleta Estat Evolution B802;Bicicleta Estatica Evolution B802 120Kg Disco 4Kg;Bicicleta Estatica Evolution . B802 . 120Kg . Disco 4Kg;3;3001;1150323;1450000
EDTOKCEN55IN;Centrifugador Tokyo Inox 5.5Kg;Centrifugadora Tokyo Inox 5.5Kg Tokcen55In;Capacidad para 5,5 kilogramos . Velocidad de 2800 RPM . Potencia de 50W . Tambor de acero inoxidable . Tapa con traba de seguridad;3;3001;657672;829000
GIMEVEL651-N;Eliptico Evolution Fitness 651;Eliptico Residencial Con Asiento Evolution Fitness Mod El651 4Mancuernas Twister;Eliptico Residencial . Con Asiento Evolution Fitness  . Mod El651  . 4Mancuernas . Twister;3;3001;1379999;1739000
EDTEXPJC2018H-N;Exprimidor Tokyo Inox Citrus;Exprimidor Tokyo Tok Bl Inox Citrus Juicer 180W;Potencia: 180W . Base y filtro INOX . Cable de 1,4 metros . Desmontable: Para limpieza;13;13002;203345;257000
EDTFREI5-N;Freidora Tokyo Frei5 Inox 5L;Freidora Tokyo Frei5 Inox 5L 1830 2180W 220V 50Hz;Capacidad para 5 litros de aceite.  . Temperatura desde 130 a 190 C.  . Apertura automatica.  . Control de temperatura.  . Asas para el transporte.  . Filtro de carbon para evitar olores.  . Laterales de acero inoxidable. ;1;1002;430006;542000
HETOKVM213;Heladera Tokyo Magna Gt-273;Heladera Tokyo Mod Magna Gt 273 Frio Humedo 2 Puertas Blanca 220V/50Hz;Heladera Tokyo  . Mod Magna Gt-273 .  Frio Humedo  . 2 Puertas .  Blanca  . 220V/50Hz;5;5001;1949968;2457000
EDTHTOK2IN-N;Hervidora Tokyo 2T Rojo 2 Lts;Hervidora Tokyo 2 Temperaturas Rojo 2 Lts 1800W 220V/50Hz;Hervidora Tokyo  . 2 Temperaturas .  Rojo .  2 Lts  . 1800W 220V/50Hz;1;1011;89981;114000
EDTHTOK2INX-N;Hervidora Tokyo Inox 2 Lts ;Hervidora Tokyo Inox 2 Lts 1800W 220V/50Hz;Voltaje: 220V/50Hz . Potencia: 1800W . Capacidad: 2L;1;1011;65000;82000
EDTHELI-N;Horno Electrico Tokyo Elisa60L;Horno Electrico Tokyo Elisa 60Lts Inox Digital C/ Rotisserie;Capacidad de 60 litros . Horno de empotrar. . Convector. Timer 90 min. . Frente acero inoxidable. . Selector de temperatura 50 a 250?C. 2300 W. . Ancho 65.5 cm . Alto 65 cm . Largo 62 cm;15;15002;1779989;2243000
EDTHELISTO-N;Horno Electrico Tokyo Listo45L;Horno Electrico Tokyo Mod Listo 45Lts Negro 220V 50Hz;Cap.: 45 lts. . Temperatura de 100 a 250øC. . Luz en el horno. . Timer 120 min. . Sin placa. 1 rejilla. . 1 asadera. . 2000 W. . Med. an. 56 cm. alt. 37 cm. prof. 44 cm.;15;15002;540020;681000
EDALML81;Lavarropa Arno Lavete Eco10Kg;Lavarropa Arno Lavete Eco Ml81 10Kg 400W;Potencia: 400W. . Capacidad: 10 kg .: para lavar hasta 18 sabanas extragrandes. . 5 programas de lavado. . Filtro integrado: sistema de filtracion multiple. . Bajo consumo de energia. . Alta durabilidad.;13;13001;820080;1034000
EDTLACECILIAC6.5;Lavarropa Tokyo Cecilia 6,5Kg;Lavarropa Automatica Tokyo Cecilia Care 6,5Kg 900Rpm;Olvidate de los tediosos procesos de lavado.Tokyo Cecilia te facilita la vida maximiza tu tiempo. . LAVARROPAS TOKYO 6.5KG CECILIA CARE 900RPM EDTLACECILIAC6.5 AUTOMATICA . Capcidad: 6,5 Kg . Consumo de Agua: 52 Lts . Consumo de Energia por Ciclo: 0,42 KWh . Potencia Max Absovida: 1700 w . Tension de Alimentacion: 22OV . Alto: 85 CM . Profundidad: 50 cm . . Ancho: 60 cm;13;13001;1800692;2269000
EDTLAVAMAX13;Lavarropa Tokyo Lavamax 13Kg;Lavarropa Semiautomatica Tokyo Lavamax 13Kg Con Sistema De Drenaje;Capacidad para 13 kilogramos de ropa . Potencia maxima de 415W . Lavado a turbina . Lavarropas semi-automatico . Entrada y salida manual de agu . Seis programas de lavado y tres remojos automaticos;13;13001;766480;966000
EDTLAVIVA7;Lavarropa Tokyo Viva 7Kg;Lavarropa Semiautomatica Tokyo Viva 7Kg;Cap.: 7 kgs . 400 W . 10 programas . 5 niveles de intensidad de lavado . Carga y descarha manual de agua . Con filtro de pelusas . Medidas_An. 49 cm alt. 89 cm. Prof. 54 cm;13;13001;598511;755000
EDTLA55R;Lavarropa Tokyo Facilita 5Kg;Lavarropa Tokyo Facilita 55R 5Kg 270W Panel Control Lateral Inf. Semi Autom; 55R 5KG 270W . Panel Control Lateral . INF. SEMI AUTOMATICA;13;13001;636969;803000
EDTLAVAMAX;Lavarropa Tokyo Lavamax 10Kg;Lavarropa Tokyo Semiautomatico Mod Lavamax Eco 10Kg 220V/50Hz;415 W. . 10 programas. . Con drenaje. . Dispenser de jabon.  . Medidas An. 50 cm. Alt. 95 cm. Prof. 59 cm.;13;13001;650034;820000
EDALLN551W;Licuadora Arno Ln55;Licuadora Arno Ln55 Power Max 1000W 220V Negro;Capacidad total 3,1 litros. . Capacidad util 1,75L. . Potencia de 1000W. . Jarra de Cristal. . 15 velocidades + pulsar. . Cuenta con 6 laminas. . Efecto ciclonico para generar una consistencia homogenea y lisa. . Funcion pulsar + autoclean + triturar hielo.;1;1003;493790;623000
EDALLQ21;Licuadora Arno Lq21;Licuadora Arno Lq21 Powermix Plus Roja 3Veloc 550W 220V; Potencia: 550W  . Capacidad neta: 1,25 litros .  3 velocidades + pulsar .  Con jarra de plastico acrilico;1;1003;250781;316000
EDTLLICI5V-N;Licuadora Tokyo Inox 1,5L;Licuadora Tokyo Licua Inox 1,5 Lts Pica Hielo 5Veloc 500W;5 Velocidades  . 220 v  . Pica Hielo  . Vaso de Acero Inox  . 500W;1;1003;268804;339000
EDWMG25SDS-N;Microonda Whirlpool 25L Silv;Microonda Whirlpool Wmg25Sds 25L C/ Grill Silver;Panel Digital. . Mas espacio para el gratinado perfecto, gratina y cocina a la vez. . Gratinador, grill dorador que te permite gratinar y dorar tus preparaciones. ;15;15003;828991;1045000
EDWMS20GW-N;Microonda Whirlpool 20L Blanc;Microonda Whirlpool Wms20Gwupb 20L C/ Grill Blanco;Capacidad: 20 lts.  . Potencia: 700 W.  . Menu pre-programados.  . 10 niveles de potencia.  . Luces LED.  . Dimensiones: an. 45,5 cm alt. 26,4 cm prof. 35,3 cm. ;15;15003;676231;853000
EDTSEGTOK7CRO;Secarropas Tokyo Cromo 7Kgs Bl;Secarropas Tokyo Cromo Tok7Cro 7Kgs Blanco C/Display Led.15 Prog. Tambor Galvani;Secarropas Tokyo Cromo .  Tok7Cro .  7Kgs  . Blanco  . ConDisplay Led.15  . Prog. Tambor Galvani;13;13002;2045376;2578000
