Codigo Proveedor ;Nombre ;Descripcion Larga;Detalle;Familia;Clase ;Costo AMRS;FCL
SueÒo001;Living Melo Esquinero 13;Living Melo Esquinero 13;"Su sensacion suave con capas de espuma de alta resistencia lo transforman en el living perfecto para quienes disfrutan de pasar tiempo en él con amigos, familiares, mirando la tele o descansando, ya que está conformada por dos piezas de 2 y 3 cuerpos respectivamente, de la cual una es estilo chaise, alargada.
Su color azul, que brinda una sensación de tranquilidad y calma, es perfecto para quienes quieren que su living sea el centro de atención de la sala de estar. 
El Living Esquinero Melo Azul está hecho a partir de madera reforestada 100% de Eucalipto y cuenta con tejido standard de buena calidad.
Sus medidas son: pieza de 2 cuerpos: 162 cm de largo ? / 85 cm de alto ? / 92 cm de profundidad.";2;207;7469000;10457000
Sueño002;Living Melo Esquinero 29;Living Melo Esquinero 29;"Tipo de producto: Sofa
Tono Madera: No Aplica
Cantidad de piezas: Dos
Largo: 252 cms
Alto: 101 cms
Ancho: 150 cms
Espumas: Poliuretano
Tejido: Tapiceria de alta gama
Madera: Eucalipto";2;207;7469000;10457000
Sueño003;Living Puff 1 Cuerpo ;Living Puff 1 Cuerpo;Living Puff 1 Cuerpo Color H;2;207;4204000;5886000
Sueño004;Living Viena 2 Cuerpos Col;Living Viena 2 Cuerpos Col ;Living Viena 2 Cuerpos Col H;2;207;1680000;2352000
Sueño005;Living Viena 3 Cuerpos Col ;Living Viena 3 Cuerpos Col ;Living Viena 3 Cuerpos Col H;2;207;2524000;3534000
Sueño006;Sommier  Pillow Top140X190Comp;Sommier Koala Dormilon Pillow Top Azul Y Bordo 140X190 Completo;"Internamente posee una estructura de resortes fabricada con acero templado.
Está cubierto con tejido “Jacquard” importado, seleccionado especialmente para esta línea.
Sensación Firme
Peso recomendado: 80 Kg.
Cabecera + Mesita";37;37001;1876000;2626000
Sueño007;Sommier  Pillow Top140X190Comp;Sommier Koala Dormilon Pillow  Top140 X 190  Completo ;"Medidas de 1.40 x 1.90
Dormilon con Pillow Top
Peso recomendado 90 kgs.
Cabecera + Mesita

";37;37001;2127000;2977000
Sueño008;Sommier Intense B+C 140X190;Sommier Sueñolar Intense Base Y Colchon 140X190;"Medida: 140x190
Diseño innovador con estructura de resortes pocket.
Altura del colchón: 33 cm.
Altura total del sommier : 68 cm.
Base + Colchón";37;37001;3687000;5161000
Sueño009;Sommier Intense B+C 160X200;Sommier Sueñolar Intense Base Y Colchon 160X200;"Sommier Sueñolar Intense 
Base Y Colchon
Medida: 160X200
Diseño innovador con estructura de resortes pocket.
Altura del colchón: 33 cm.
Altura total del sommier : 68 cm.
Peso recomendado: 90 kg";37;37001;4144000;5802000
Sueño010;Sommier Intense B+C 180X200;Sommier Sueñolar Intense Base Y Colchon 180X200;"Sommier Sueñolar Intense 
Base + Colchon
Altura del colchón: 33 cm.
Altura total del sommier : 68 cm.
Medidas: 1.80x2.00 m";37;37001;4956000;6939000
Sueño011;Sommier Koala  B+C 140 X192;Sommier Koala Dormilon Base Y Colchon 140 X 192;"Bases + colchón
Medidas de 140x190
Dormilon con Pillow Top
Peso recomendado 90kg";37;37001;1356000;1899000
Sueño012;Sommier Koala  Com. 120X190;Sommier Koala Dormilon Com. 120X190;"Internamente posee una estructura de resortes fabricada con acero templado.
Está cubierto con tejido de punto importado, seleccionado especialmente para esta línea.
Medidas: 1,20x1,90 m.
Peso recomendado 85kg";37;37001;1689000;2364000
Sueño013;Sommier Koala  Comp. 140X190 ;Sommier Koala Dormilon Completo 140 X 190 ;"Internamente posee una estructura de resortes fabricada con acero templado.
Está cubierto con tejido “Jacquard” importado, seleccionado especialmente para esta línea.
Sensación Firme.
Peso recomendado: 80 Kg.
Medidas: 1,40x1,90 m.
Cabecera + Mesita";37;37001;1836000;2571000
Sueño014;Sommier Koala  Comp. 160X200 ;Sommier Koala Dormilon Completo 160 X 200 ;"La mejor alternativa para complementar tu dormitorio y lograr el descanso que necesitas
Base con Colchón 160 x 200 Dormilón Koala,
Tendría la calidad, firmeza y resistencia que buscas.
Peso recomendado 80 kg
Cabecera + Mesita";37;37001;2084000;2917000
Sueño015;Sommier Koala B+C 100X190  ;Sommier Koala Dormilon Base Y Colchon 100 X 190  ;"Internamente posee una estructura de resortes fabricada con acero templado.
 Está cubierto con tejido “Jacquard” importado, seleccionado especialmente para esta línea.
Sensación Firme
Peso recomendado: 80 Kg. 
Base + Colchón";37;37001;1146000;1605000
Sueño016;Sommier Koala B+C 120 X 191;Sommier Koala Dormilon Base Y Colchon 120 X 191;"Medida: 120x190
El Sommier Koala Dormilon cuenta con una capa extra de espuma en la superficie (Pillowtop), cubierto con tejido polliester brindando una sensacion de suavidad en el descanso. Tecnologia de Resortes Bonell de acero templado.
Peso recomendado: 85kg
Base + Colchón";37;37001;1264000;1770000
Sueño017;Sommier Koala B+C 160 X 200;Sommier Koala Dormilon Base Y Colchon 160 X 200;"La línea Dormilon ofrece un sommier cuidado en cada detalle, pensado para dormir bien y mejorar la calidad de vida.
Internamente posee una estructura de resortes fabricada con acero templado.
Está cubierto con tejido de punto importado, seleccionado especialmente para esta línea.
Medidas: 1,60x2,00 m.
Peso recomendado 85 kg
Base + Colchón";37;37001;1604000;2245000
Sueño018;Sommier Koala Comp 100X190;Sommier  Koala Juvenil Completo 100 X 190;"Sommier Koala Juvenil 
Cabecera + Mesita
Medida: 100 X 190
Estructura interna con resortes tipo bonell, de acero templado de origen europeo. Cubiertos con espuma progresiva.
Nuestras bases están construidas con maderas nacionales de reforestación, las cuales previamente pasan por distintos tratamientos evitando así agentes dañinos.
Patas roscables lo cual permite ajustar la altura y estabilizar el producto.";37;37001;1538000;2153000
Sueño019;Sommier Koala Comp 100X190  ;Sommier Koala Dormilon Com.100X190  ;"Internamente posee una estructura de resortes fabricada con acero templado.
Está cubierto con tejido de punto importado, seleccionado especialmente para esta línea.
Medidas: 1,00x1,90 m.
Peso recomendado 80kg";37;37001;1571000;2200000
Sueño020;Sommier Koala Juv B+C100 X 190;Sommier  Koala Juvenil Base Y Colchon 100 X 190;"Medida: 1,00 x 1,90.
Base + Colchón
resortes internos de acero templado de origen español.
Utiliza una tela en tejido Jacquard con tejidos laterales en color azul y rosa.
Una base de 30 cm de altura 100% madera de eucalipto reforestada
Patas plásticas reforzadas.";37;37001;1036000;1450000
Sueño021;Sommier Koala Plat 140 X90 Com;Sommier Koala   Platino  140 X 190  Completo;"Sommier cubierto con tejidos estampados importados y estructura con resortes de acero templado de origen español.
Medidas:
1,40x1,90m.
Peso recomendado: 90kg
Cabecera + Mesita";37;37001;3773000;5282000
Sueño022;Sommier Koala Plat 160X200 Com;Sommier Koala  Platino  160 X 200 Completo;"Firmeza y Comodidad
Si te gusta que tu colchón tenga una sensación firme y la comodidad para un descanso reparador, el Platino es para vos. Cubierto por tejido de puntos y con estructura de resortes templados.
Medidas: 160x200.
Peso Recomendado: 90 kg para cada lado.
Cabecera + Mesita";37;37001;4180000;5852000
Sueño023;Sommier Koala Plat 160X200 Com;Sommier  Koala Platino  160 X 200 Base Dividida Completo;"Si te gusta que tu colchón tenga una sensación firme y la comodidad para un descanso reparador, el Platino es para vos. Cubierto por tejido de puntos y con estructura de resortes templados.
Especificaciones: Medidas: 180x200.
Peso Recomendado: 90 kg para cada lado.
Cabecera + Mesita";37;37001;4359000;6102000
Sueño024;Sommier Koala Plat 180X200 com;Sommier Koala  Platino  180 X 200 Completo;"Si te gusta que tu colchón tenga una sensación firme y la comodidad para un descanso reparador, el Platino es para vos. Cubierto por tejido de puntos y con estructura de resortes templados.
Medidas: 180x200.
Peso Recomendado: 90 kg para cada lado.
Cabecera + Mesita";37;37001;4581000;6413000
Sueño025;Sommier Koala Plat B+C 140X190;Sommier Koala Platino  Base Y Colchon140 X 190 ;"Sommier cubierto con tejidos estampados importados y estructura con resortes de acero templado de origen español.
Medidas:
1,40x1,90m.
Peso recomendado: 90kg
Base + Colchón";37;37001;3032000;4244000
Sueño026;Sommier Koala Plat B+C 160X200;Sommier Koala  Platino  Base Y Colchon160 X 200 ;"Este sommier está recubierto con tejidos Jacquard importados, y estructura con resortes de Acero templado de origen español.
Con tejidos de punto estampado
Importado y tejido Jacquard.
Estructura con resortes de acero
templado de origen europeo tipo
bonell.
Anti acaros
Anti Hongos
Sensacion Firme
Medida: 160x200
Peso Recomendado 80kg
Base + Colchón";37;37001;3438000;4814000
Sueño027;Sommier Koala Plat B+C 160X200;Sommier  Koala Platino  Base Y Colchon160 X 200 Base Dividida ;"Sommier Koala Platino
 Base Y Colchon
Medida: 160 X 200
Base Dividida
Base + Colchón";37;37001;3617000;5064000
Sueño028;Sommier Koala Plat B+C 180X200;Sommier  Koala Platino  Base Y Colchon180 X 200 ;"Si te gusta que tu colchón tenga una sensación firme y la comodidad para un descanso reparador, el Platino es para vos. Cubierto por tejido de puntos y con estructura de resortes templados.
Medidas: 180x200.
Peso Recomendado: 90 kg para cada lado.
Base + Colchón";37;37001;3839000;5375000
Sueño029;Sommier Koala Prem 140X190 Com;Sommier Koala Dormilon Premiumtop 140 X 190   Completo ;"Sommier con Pillow Top o capa extra de espuma.
Cubierto con tejidos importados
Estructura con resortes de acero templado.
Sensación Suave.
Color Blanco y Negro
Peso Recomendado: 85 Kgs.
Medidas: 1,40 mts. x 1,90 mts.
Cabecera + Mesita";37;37001;2516000;3522000
Sueño030;Sommier Koala Prem 160X190 Com;Sommier Koala Dormilon Premiumtop160 X 190 Completo ;"Sommier con Pillow Top o capa extra de espuma.
Cubierto con tejidos importados
Estructura con resortes de acero templado.
Sensación Suave.
Color Blanco y Negro
Peso Recomendado: 85 Kgs.
Medidas: 160X200 mts.
Cabecera + Mesita";37;37001;2694000;3772000
Sueño031;Sommier Koala Prem 180X200 Com;Sommier Koala Dormilon Premiumtop180 X 200 Completo ;"Sommier Koala Dormilon 
Premiumtop
Medidas: 160 X 190
Cabecera + Mesita";37;37001;3087000;4321000
Sueño032;Sommier Koala Prem B+C 140X190;Sommier Koala Dormilon Premium Base Y Colchon Top 140 X 190  ;"Koala Dormilon Premium 
Base Y Colchon Top 140 X 190 
Te garantizan la calidad, firmeza y resistencia que buscas.
80 kgs por lado
Base + Colchón";37;37001;1866000;2613000
Sueño033;Sommier Koala Prem B+C 160X200;Sommier Koala Dormilon Premium Base Y Colchontop 160 X 200;"Sommier con Pillow Top o capa extra de espuma.
Cubierto con tejidos importados
Estructura con resortes de acero templado.
Sensación Suave.
Color Blanco y Negro
Peso Recomendado: 85 Kgs.
Medidas: 160X200 mts.
Base + Colchón";37;37001;2045000;2863000
Sueño034;Sommier Koala Prem B+C 180X200;Sommier Koala Dormilon Premium Base Y Colchon Top 180 X 200;"Sommier Koala Dormilon Premium
Base Y Colchon Top
Medida: 180 X 200
";37;37001;2414000;3379000
Sueño035;Sommier Koala Ultra B+C160X200;Sommier Koala Ultra Visco Pocket Completo 140 X 190 ;"Suavidad y Confort que se adapta a los dos.
El Ultra Visco Pocket está pensado y diseñado para que tengas el mejor descanso con la máxima adaptabilidad sin ocasionar molestias a tu pareja.
Su tecnología de resortes Pocket embolsados de manera individual permite que se adapte al movimiento de tu cuerpo, evitando interrupción del sueño y que se disipe al resto del colchón. Cubierto por una capa de espuma viscolástica que otorga una sensación suave al tacto, protegido por telas tratadas antiácaros para mayor higiene y salubridad de tu descanso.
Peso recomendado: 95 kg
Base + Colchon
Medida: 160x200";37;37001;4078000;5709000
Sueño036;Sommier Koala Ultra B+C180X200;Sommier Koala Ultra Visco Pocket Completo 180 X 200 ;"Sensación suave
Resortes pocket
Tela tejido de punto antiácaros
Peso recomendado 100 kg
Medida: 180x200
Base + Colchon";37;37001;4616000;6462000
Sueño037;Sommier Koala Ultrab+C200X200 ;Sommier Koala Ultra Visco Pocket Completo  200 X 200 ;"Sommier Koala Ultra 
Visco Pocket 
Medidas: 200 X 200
Base + Colchon ";37;37001;5547000;7765000
Sueño038;Sommier Koalaultra B+C160X200 ;Sommier Koala Ultra Visco Pocket Completo 160 X 200 Base Dividida ;"Sommier Koala Ultra Visco Pocket
Base Dividida 
Un sommier cubierto con tejido de punto importado; con capas adicionales de espuma y estructura con resortes de acero templado de origen español.
Medidas disponibles: 1,60x2,00 m. 
Peso recomendado 100kg
Base + Colchon ";37;37001;4337000;6072000
Sueño039;Sommier Pillow Top  120X190B+C;Sommier Koala Dormilon Pillow Top Azul Y Bordo 120X190Base Y Colchon;"Internamente posee una estructura de resortes fabricada con acero templado.
Está cubierto con tejido de punto importado, seleccionado especialmente para esta línea.
Medidas: 1,20x1,90 m.
Peso recomendado 85kg
Base + Colchón";37;37001;1305000;1827000
Sueño040;Sommier Pillow Top  120X190B+C;Sommier Koala Dormilon Pillow Base Y Colchon Top120 X 190;"El Sommier Koala Dormilon cuenta con una capa extra de espuma en la superficie (Pillowtop), cubierto con tejido polliester brindando una sensacion de suavidad en el descanso. Tecnologia de Resortes Bonell de acero templado.
Peso recomendado: 85kg
Base + Colchón";37;37001;1384000;1938000
Sueño041;Sommier Pillow Top 100X190 B+C;Sommier Koala Dormilon Pillow Top Azul Y Bordo 100X190 Base Y Colchon;"Internamente posee una estructura de resortes fabricada con acero templado.
Está cubierto con tejido de punto importado, seleccionado especialmente para esta línea.
Medidas: 1,00x1,90 m.
Peso recomendado 80kg 
Base + Colchón";37;37001;1186000;1660000
Sueño042;Sommier Pillow Top 100X190 B+C;Sommier Koala Dormilon Pillow Base Y Colchon Top100 X 190  ;"Internamente posee una estructura de resortes fabricada con acero templado.
Está cubierto con tejido de punto importado, seleccionado especialmente para esta línea.
Medidas: 1,00x1,90 m.
Peso recomendado 80kg
Base + Colchón";37;37001;1245000;1743000
Sueño043;Sommier Pillow Top 100X190Comp;Sommier Koala Dormilon Pillow Top Azul Y Bordo 100X190 Completo ;"Sommier Koala Dormilon Pillow Top
Medida: 100X190 
Cabecera + Mesita";37;37001;1611000;2255000
Sueño044;Sommier Pillow Top 100X190Comp;Sommier Koala Dormilon Pillow Top100 X 190   Completo ;"Bases con colchón
Medidas de 140x190
Dormilon con Pillow Top
Peso recomendado 90kg
Cabecera + Mesita";37;37001;1815000;2541000
Sueño045;Sommier Pillow Top 120X190Comp;Sommier Koala Dormilon Pillow Top Azul Y Bordo 120X190 Completo;"Internamente posee una estructura de resortes fabricada con acero templado.
Está cubierto con tejido de punto importado, seleccionado especialmente para esta línea.
Medidas: 1,20x1,90 m.
Peso recomendado 85kg 
Cabecera + Mesitas";37;37001;1730000;2421000
Sueño046;Sommier Pillow Top 120X190Comp;Sommier Koala Dormilon Pillowntop120 X 190 Completo ;"Medidas: 120x190
El Sommier Koala Dormilon cuenta con una capa extra de espuma en la superficie (Pillowtop), cubierto con tejido polliester brindando una sensacion de suavidad en el descanso. Tecnologia de Resortes Bonell de acero templado.
Peso recomendado: 85kg 
Cabecera + Mesita

";37;37001;1954000;2736000
Sueño047;Sommier Pillow Top 140X190 B+C;Sommier Koala Dormilon Pillow Top Azul Y Bordo 140X190 Base Y Colchon;"Internamente posee una estructura de resortes fabricada con acero templado.
Está cubierto con tejido “Jacquard” importado, seleccionado especialmente para esta línea.
 Sensación Firme
Peso recomendado: 80 Kg.
Base + Colchón";37;37001;1397000;1956000
Sueño048;Sommier Pillow Top 140X190 B+C;Sommier Koala Dormilon Pillow Base Y Colchon Top140 X 190 ;"Bases con colchón
Medidas de 140x190
Dormilon con Pillow Top
Peso recomendado 90kg";37;37001;1514000;2119000
Sueño049;Sommier Pillow Top 160X200 B+C;Sommier Koala Dormilon Pillow Top Azul Y Bordo 160X200 Base Y Colchon;"La mejor alternativa para complementar tu dormitorio y lograr el descanso que necesitas
Base con Colchón 160 x 200 Dormilón Koala,
Tendría la calidad, firmeza y resistencia que buscas.
Peso recomendado 80 kg
Base + Colchón";37;37001;1676000;2346000
Sueño050;Sommier Pillow Top 160X200 B+C;Sommier Koala Dormilon Pillowbase Y Colchon Top160 X 200 ;"La mejor alternativa para complementar tu dormitorio y lograr el descanso que necesitas
Cama Somier con Pillow Top 160 x 200 Dormilón Koala
Base + Colchón";37;37001;1760000;2463000
Sueño051;Sommier Pillow Top 160X200Comp;Sommier Koala Dormilon Pillow Top Azul Y Bordo 160X200 Completo ;"Sommier cubierto con tejidos estampados importados.
Estructura con resortes de acero templado de origen español.
Medida: 160x200
Cabecera + Mesita";37;37001;2154000;3016000
Sueño052;Sommier Pillow Top 160X200Comp;Sommier Koala Dormilon Pillow Top160 X 200 Completo ;"La mejor alternativa para complementar tu dormitorio y lograr el descanso que necesitas
Cama Somier con Pillow Top 160 x 200 Dormilón Koala con cabecera y mesitas que te garantizan la calidad, firmeza y resistencia que buscas
Medida: 160x200
Cabecera + Mesita";37;37001;2373000;3322000
Sueño053;Sommier Silverlar Plus 140X190;Sommier Sueñolar Silverlar Plus 140X190;"Sommier Sueñolar Silverlar Plus 
Medida: 140X190
Tipo de Resorte: Bonell
Altura Sommier: 62 cm 
Altura colchón: 27 cm
Altura Box: 23 cm 
Altura de Pata: 12 cm 
Madera utilizada en el box: Fabricado con Eucalipto 100% Reforestada
Tipo de tela: Tejido de Punto";37;37001;2290000;3206000
Sueño054;Sommier Silverlar Plus 160X200;Sommier Sueñolar Silverlar Plus 160X200;"Tipo de Resorte: Bonell
Altura Sommier: 62 cm 
Altura colchón: 27 cm
Altura Box: 23 cm 
Altura de Pata: 12 cm 
Madera utilizada en el box: Fabricado con Eucalipto 100% Reforestada
Tipo de tela: Tejido de Punto
MEDIDA: 1.60 x 200";37;37001;2700000;3780000
Sueño055;Sommier Silverlar Plus 180X200;Sommier Sueñolar Silverlar Plus 180X200;"Sommier Sueñolar Silverlar Plus 
Medida: 180X200
Diseñado especialmente para un mercado altamente competitivo con tejidos de punto de ultra calidad, a lo que sumamos la más cuidadosa elaboración para lograr productos de alto rango. Viene recubierto con tejido de punto, con tratamiento Anti Ácaros y Anti Hongos.
Su núcleo de resortes embolsados, cosidos individualmente, funcionan como amortiguadores totalmente independientes, absorbiendo el peso y movimientos sin transmitirlos al resto del colchón";37;37001;3183000;4456000
Sueño056;Sommier Silverlar Plus 200X200;Sommier Sueñolar Silverlar Plus 200X200;"Sommier Sueñolar Silverlar Plus
Medida: 200X200
Tipo de Resorte: Bonell
Altura Sommier: 62 cm 
Altura colchón: 27 cm
Altura Box: 23 cm 
Altura de Pata: 12 cm 
Madera utilizada en el box: Fabricado con Eucalipto 100% Reforestada
Tipo de tela: Tejido de Punto";37;37001;3584000;5017000
Sueño057;Sommier Sueñolar B+C 140X190;Sommier Sueñolar Silverlar Pillow Top  Base Y Colchon 140 X 190;"Sommier Sueñolar Silverlar Pillow Top Base Y Colchon 140 X 190
Revestido con tejido de punto y matelasseado con manta de espuma extra que otorga mayor comodidad y altura al cochón.
Este clásico modelo evoluciona y ahora también incorpora tratamiento antiácaros y antihongos.
Estructura interna con resortes tipo bonell, de acero templado de origen europeo.
Cubiertos con espuma progresiva.
Nuestras bases están construidas con maderas nacionales de reforestación, las cuales previamente pasan por distintos tratamientos evitando así agentes dañinos.
Patas roscables lo cual permite ajustar la altura y estabilizar el producto
Peso Recomendado: 85Kg. por Persona
Base + Colchón";37;37001;1923000;2692000
Sueño058;Sommier Sueñolar B+C 140X190;Sommier Sueñolar Pillow Extrafirme Base Y Colchon 140 X 190;"Sommier Sueñolar Pillow Extrafirme 
Base + Colchon 
Medidas: 140 X 190
Base + Colchón";37;37001;2111000;2956000
Sueño059;Sommier Sueñolar B+C 160X190;Sommier Sueñolar Silverlar Pillow Top Base Y Colchon 160X 190;"Sommier Sueñolar Silverlar Pillow Top
Medida: 160x 190
Soporta 85 kg por lado
Con pillow top
Sensacion Suave
Cabecera + Mesita
Base + Colchón";37;37001;2249000;3149000
Sueño060;Sommier Sueñolar B+C 160X90;Sommier Sueñolar Pillow Extrafirme Top Base Y Colchon 160X 190;"Sommier Sueñolar Pillow Extrafirme Top 
Base + Colchon 
Medidas: 160X 190";37;37001;2472000;3461000
Sueño061;Sommier Sueñolar Comp 140X190;Sommier Sueñolar Pillow Extrafirme Top  Completo  140 X 190;"Sommier Sueñolar Pillow Extrafirme Top 
Cabecera + MEsita 
Medida: 140 X 190
Cabecera + Mesita";37;37001;2711000;3796000
Sueño062;Sommier Sueñolar Comp 160X190;Sommier Sueñolar Pillow Extrafirme Top Completo 160X 190;"Sommier Sueñolar Pillow Extrafirme Top Completo 
Cabecera + Mesita
Medida: 160X 190";37;37001;3072000;4301000
Sueño063;Sommier Sueñolar Comp 140X190;Sommier Sueñolar Silverlar Pillow Top  Completo  140 X 190;"Sommier Sueñolar Silverlar Pillow Top 140 X 190
Tipo de Resorte: Bonell
Altura Sommier: 58 cm 
Altura colchón: 26 cm
Altura Box: 20 cm 
Altura de Pata: 12 cm 
Madera utilizada en el box: Fabricado con Eucalipto 100% Reforestada
Tipo de tela: Tejido de Punto
Cabecera + Mesita";37;37001;2505000;3507000
Sueño064;Sommier Sueñolar Comp 160X190;Sommier Sueñolar Silverlar Pillow Top Completo 160X 190;"Modelo: Pillow
Medida: 160x190
Tipo de Resorte: Bonell
Altura Sommier: 58 cm 
Altura colchón: 26 cm
Altura Box: 20 cm 
Altura de Pata: 12 cm 
Madera utilizada en el box: Fabricado con Eucalipto 100% Reforestada
Tipo de tela: Tejido de Punto
Cabecera + Mesita";37;37001;2831000;3964000
Sueño065;Sommier Sueñolar Plus+ 140X190;Sommier Sueñolar Plus Mas 140X190;"Sommier Sueñolar Plus Mas 
Medida: 140X190";37;37001;2616000;3663000
Sueño066;Sommier Sueñolar Plus+ 160X200;Sommier Sueñolar Plus Mas  160X200;"Sommier Sueñolar Plus Mas 160X200
Distinción Euro Top: El Sommier Dormilar Plus posee una capa extra tipo Euro Top que no sólo ofrece mayor contención a la hora del descanso, sino que además extiende su durabilidad. Su diseño destaca por los tonos claros y dorados volviéndolo altamente adaptable a cualquier ambiente.
Circulación y frescura: Su Matelaseado con Tapa de Tejido de Punto materializa un soporte adaptable y al mismo tiempo fresco. La elasticidad característica de estos tejidos habilita la respiración fluida del sommier disipando la temperatura y manteniéndolo seco.
Estructura adecuada: La correcta alineación de tu espalda y columna son parte crucial de un descanso adecuado. La estructura interna con Resortes Bonell de acero templado garantiza la contención que tu cuerpo necesita.
Cuida tu bienestar: La superficie de nuestro sommier cuenta con un tratamiento antihongos y antiácaros para que uno se preocupe únicamente en dormir.";37;37001;3160000;4424000
Sueño067;Sommier Sueñolar Plus+ 180X200;Sommier Sueñolar Plus Mas 180X200;"Juego de Somier Sueñolar Plus, soporta un peso máximo de 100 kilos por lado, cuenta con tejido de punto voluminoso y espuma viscoelástica. Su base está hecha con maderas nacionales reforestadas y posee tratamiento anti ácaros y anti hongos.
 Es el somier infaltable en tu hogar, cuenta con una estructura interna de resortes ensacados, con tecnología pocket coil, cubiertos con espuma progresiva. Su base está construida con maderas nacionales reforestadas, las cuales previamente pasan por distintos tratamientos evitando así agentes dañinos. El somier Plus, posee patas roscables de 12 cm lo cual permite al usuario colocar la altura que desee, además de mejorar la estabilización del producto.
El grosor de la base es de 23 cm y el colchón tiene una altura de 34 cm, llegando en conjunto a 69 cm.
Medida:1.80 X 2.00";37;37001;3669000;5137000
Sueño068;Sommier Sueñolar Plus+ 200X200;Sommier Sueñolar Plus Mas200X200;"Juego de Somier Sueñolar Plus, soporta un peso máximo de 100 kilos por lado, cuenta con tejido de punto voluminoso y espuma viscoelástica. Su base está hecha con maderas nacionales reforestadas y posee tratamiento anti ácaros y anti hongos.
 Es el somier infaltable en tu hogar, cuenta con una estructura interna de resortes ensacados, con tecnología pocket coil, cubiertos con espuma progresiva. Su base está construida con maderas nacionales reforestadas, las cuales previamente pasan por distintos tratamientos evitando así agentes dañinos. El somier Plus, posee patas roscables de 12 cm lo cual permite al usuario colocar la altura que desee, además de mejorar la estabilización del producto.
El grosor de la base es de 23 cm y el colchón tiene una altura de 34 cm, llegando en conjunto a 69 cm.
Medida: 2.00 x 2.00";37;37001;4120000;5768000
Sueño069;Sommier Sueñolar B+C 100X190;Sommier Sueñolar Silverlar Base Y Colchon 100X190;"Modelo: Silverlar
Tipo de Resorte: Bonell
Altura Sommier: 57 cm 
Altura colchón: 25 cm
Altura Box: 20 cm 
Altura de Pata: 12 cm 
Madera utilizada en el box: Fabricado con Eucalipto 100% Reforestada
Tipo de tela: Tejido de Punto
Base + Colchón";37;37001;1187000;1662000
Sueño070;Sommier Sueñolar B+C 120X190;Sommier Sueñolar Silverlar Base Y Colchon 120X190;"Modelo: Silverlar
Este clásico modelo evoluciona y ahora también incorpora tratamiento antiácaros y antihongos.
Estructura interna con resortes tipo bonell, de acero templado de origen europeo.
Cubiertos con espuma progresiva.
Nuestras bases están construidas con maderas nacionales de reforestación, las cuales previamente pasan por distintos tratamientos evitando así agentes dañinos.
Patas roscables lo cual permite ajustar la altura y estabilizar el producto
Peso Recomendado: 85Kg. por Persona
Medidas: 120x190
Imagen Ilustrativa
Base + Colchón";37;37001;1348000;1887000
Sueño071;Sommier Sueñolar B+C 140X190;Sommier Sueñolar Silverlar Base Y Colchon 140X190;"Modelo: Silverlar
Este clásico modelo evoluciona y ahora también incorpora tratamiento antiácaros y antihongos.
Estructura interna con resortes tipo bonell, de acero templado de origen europeo.
Cubiertos con espuma progresiva.
Nuestras bases están construidas con maderas nacionales de reforestación, las cuales previamente pasan por distintos tratamientos evitando así agentes dañinos.
Patas roscables lo cual permite ajustar la altura y estabilizar el producto
Peso Recomendado: 85Kg. por Persona
Base + Colchón";37;37001;1500000;2100000
Sueño072;Sommier Sueñolar B+C 160X200;Sommier Sueñolar Silverlar Base Y Colchon 160X200;"Modelo: Silverlar
Comodidad y altura al cochón.
Este clásico modelo evoluciona y ahora también incorpora tratamiento antiácaros y antihongos.
Estructura interna con resortes tipo bonell, de acero templado de origen europeo.
Cubiertos con espuma progresiva.
Nuestras bases están construidas con maderas nacionales de reforestación, las cuales previamente pasan por distintos tratamientos evitando así agentes dañinos.
Patas roscables lo cual permite ajustar la altura y estabilizar el producto
Peso Recomendado: 85Kg. por Persona
Base + Colchón";37;37001;1718000;2405000
Sueño073;Sommier Sueñolar Comp 100X190;Sommier Sueñolar Silverlar Completo 100X190;"Modelo: Silverlar
Tipo de Resorte: Bonell
Altura Sommier: 57 cm 
Altura colchón: 25 cm
Altura Box: 20 cm 
Altura de Pata: 12 cm 
Madera utilizada en el box: Fabricado con Eucalipto 100% Reforestada
Tipo de tela: Tejido de Punto
Cabecera + Mesita";37;37001;1734000;2428000
Sueño074;Sommier Sueñolar Comp 120X190;Sommier Sueñolar Silverlar  Completo120X190;"Modelo: Silverlar
Este clásico modelo evoluciona y ahora también incorpora tratamiento antiácaros y antihongos.
Estructura interna con resortes tipo bonell, de acero templado de origen europeo.
Cubiertos con espuma progresiva.
Nuestras bases están construidas con maderas nacionales de reforestación, las cuales previamente pasan por distintos tratamientos evitando así agentes dañinos.
Patas roscables lo cual permite ajustar la altura y estabilizar el producto
Peso Recomendado: 85Kg. por Persona
Medidas: 120x190
Imagen Ilustrativa
Cabecera + Mesita";37;37001;1895000;2653000
Sueño075;Sommier Sueñolar Comp 140X190;Sommier Sueñolar Silverlar Completo140X190;"Sommier Sueñolar Silverlar 
Medida: 140X190
Tipo de Resorte: Bonell
Altura Sommier: 62 cm 
Altura colchón: 27 cm
Altura Box: 23 cm 
Altura de Pata: 12 cm 
Madera utilizada en el box: Fabricado con Eucalipto 100% Reforestada
Tipo de tela: Tejido de Punto
Cabecera + Mesita";37;37001;2082000;2915000
Sueño076;Sommier Sueñolar Comp 160X200;Sommier Sueñolar Silverlar Completo160X200;"Sommier Sueñolar Silverlar Completo160X200
Tipo de Resorte: Bonell
Altura Sommier: 58 cm 
Altura colchón: 26 cm
Altura Box: 20 cm 
Altura de Pata: 12 cm 
Madera utilizada en el box: Fabricado con Eucalipto 100% Reforestada
Tipo de tela: Tejido de Punto
Cabecera + Mesita";37;37001;2300000;3219000
Sueño077;Sommier Trimax 160X200;Sommier Sueñolar Trimax 160X200;"Diseño innovador que permite regular la comodidad para cada persona. Contando con planchas adecuadas para el soporte lumbar, estas pueden ser utilizadas independientemente a cada lado del colchón creando una superficie más firme o suave de acuerdo a la necesidad.
Estructura interna con resortes tipo bonell, de acero templado de origen europeo.
Nuestras bases están construidas con maderas nacionales de reforestación, las cuales previamente pasan por distintos tratamientos evitando así agentes dañinos.
Peso Recomendado: 120Kg. por Persona
Medida: 1.60 X 2.00
Anti ácaros y Anti Hongos.
Tejido Voluminous.
Resortes Bonell.
Madera Reforestada.
Sensación Extrafirme.";37;37001;4816000;6742000
Sueño078;Sommier Trimax 180X200;Sommier Sueñolar Trimax 180X200;"Sommier Sueñolar Trimax 180X200
Anti ácaros y Anti Hongos.
Tejido Voluminous.
Resortes Bonell.
Madera Reforestada.
Sensación Extrafirme.
Peso Recomendado: 120Kg. por Persona";37;37001;5664000;7930000
Sueño079;Sommier Trimax200X200;Sommier Sueñolar Trimax200X200;"Máximo soporte con firmeza y durabilidad. 
Diseño innovador que permite regular la comodidad para cada persona. Contando con planchas adecuadas para el soporte lumbar, estas pueden ser utilizadas independientemente a cada lado del colchón creando una superficie más firme o suave de acuerdo a la necesidad.
Estructura interna con resortes tipo bonell, de acero templado de origen europeo.
Nuestras bases están construidas con maderas nacionales de reforestación, las cuales previamente pasan por distintos tratamientos evitando así agentes dañinos.
Peso Recomendado: 120Kg. por Persona
MEDIDAS: 2.00 X 2.00
Anti ácaros y Anti Hongos.
Tejido Voluminous.
Resortes Bonell.
Madera Reforestada.
Sensación Extrafirme.";37;37001;6083000;8516000
Sueño080;Sommier Visco  160X200;Sommier Sueñolar Visco  160X200;"Sommier Sueñolar Visco 160X200
Suavidad sin hundirse: La capa de Espuma Viscoelástica de alta densidad permite descansar sobre una superficie acolchonada y suave que se adapta a la figura del cuerpo sin producir hundimiento.
Frescura que se respira: Su Matelaseado con Tapa de Tejido de Punto materializa un soporte adaptable y al mismo tiempo fresco. La elasticidad característica de estos tejidos habilita la respiración fluida del sommier disipando la temperatura y manteniéndolo seco.
Estructura adecuada: La correcta alineación de tu espalda y columna son parte crucial de un descanso adecuado. La estructura interna con resortes Bonell de acero templado de nuestro sommier Visco garantiza la contención que tu cuerpo necesita.
Cuida tu bienestar: La superficie de nuestro sommier cuenta con un tratamiento antihongos y antiácaros para que uno se preocupe únicamente en dormir.";37;37001;6166000;8632000
Sueño081;Sommier Visco  180X200;Sommier Sueñolar Visco  180X200;"Diseño innovador con estructura de resortes pocket.
 Altura del colchón: 40 cm.
 Altura total del sommier : 68 cm.
Medidas: 1.80x2.00 m";37;37001;7260000;10164000
Sueño082;Sommier Visco  200X200;Sommier Sueñolar Visco  200X200;"Diseño innovador con estructura de resortes pocket.
Altura del colchón: 40 cm.
Altura total del sommier : 68 cm.
Medidas: 2.00x2.00 m";37;37001;7794000;10912000
